as_of_date,icr_raw,delta_4q,zscore_10y,pctl_10y,pctl_flipped
1947-07-31,40.980443285528025,,,,
1947-08-31,40.980443285528025,,,,
1947-09-30,40.980443285528025,,,,
1947-10-31,38.599739243807036,,,,
1947-11-30,38.599739243807036,,,,
1947-12-31,38.599739243807036,,,,
1948-01-31,38.01953125,,,,
1948-02-29,38.01953125,,,,
1948-03-31,38.01953125,,,,
1948-04-30,41.235677083333336,,,,
1948-05-31,41.235677083333336,,,,
1948-06-30,41.235677083333336,,,,
1948-07-31,40.99626400996263,0.015820724434604472,,,
1948-08-31,40.99626400996263,0.015820724434604472,,,
1948-09-30,40.99626400996263,0.015820724434604472,,,
1948-10-31,41.60796139927624,3.0082221554692055,,,
1948-11-30,41.60796139927624,3.0082221554692055,,,
1948-12-31,41.60796139927624,3.0082221554692055,,,
1949-01-31,38.60481099656357,0.5852797465635717,,,
1949-02-28,38.60481099656357,0.5852797465635717,,,
1949-03-31,38.60481099656357,0.5852797465635717,,,
1949-04-30,34.9783315276273,-6.2573455557060385,,,
1949-05-31,34.9783315276273,-6.2573455557060385,,,
1949-06-30,34.9783315276273,-6.2573455557060385,,,
1949-07-31,29.12938816449348,-11.86687584546915,,,
1949-08-31,29.12938816449348,-11.86687584546915,,,
1949-09-30,29.12938816449348,-11.86687584546915,,,
1949-10-31,24.75588235294118,-16.852079046335064,,,
1949-11-30,24.75588235294118,-16.852079046335064,,,
1949-12-31,24.75588235294118,-16.852079046335064,,,
1950-01-31,26.10515873015873,-12.49965226640484,,,
1950-02-28,26.10515873015873,-12.49965226640484,,,
1950-03-31,26.10515873015873,-12.49965226640484,,,
1950-04-30,26.623069001029865,-8.355262526597432,,,
1950-05-31,26.623069001029865,-8.355262526597432,,,
1950-06-30,26.623069001029865,-8.355262526597432,,,
1950-07-31,31.721987315010573,2.592599150517092,,,
1950-08-31,31.721987315010573,2.592599150517092,,,
1950-09-30,31.721987315010573,2.592599150517092,,,
1950-10-31,39.78080697928026,15.024924626339079,,,
1950-11-30,39.78080697928026,15.024924626339079,,,
1950-12-31,39.78080697928026,15.024924626339079,,,
1951-01-31,48.64635473340587,22.54119600324714,,,
1951-02-28,48.64635473340587,22.54119600324714,,,
1951-03-31,48.64635473340587,22.54119600324714,,,
1951-04-30,51.99578503688093,25.372716035851067,,,
1951-05-31,51.99578503688093,25.372716035851067,,,
1951-06-30,51.99578503688093,25.372716035851067,,,
1951-07-31,47.54803921568627,15.8260519006757,,,
1951-08-31,47.54803921568627,15.8260519006757,,,
1951-09-30,47.54803921568627,15.8260519006757,,,
1951-10-31,37.670083876980435,-2.110723102299822,,,
1951-11-30,37.670083876980435,-2.110723102299822,,,
1951-12-31,37.670083876980435,-2.110723102299822,,,
1952-01-31,32.29411764705882,-16.352237086347053,,,
1952-02-29,32.29411764705882,-16.352237086347053,,,
1952-03-31,32.29411764705882,-16.352237086347053,,,
1952-04-30,33.27482876712329,-18.720956269757643,,,
1952-05-31,33.27482876712329,-18.720956269757643,,,
1952-06-30,33.27482876712329,-18.720956269757643,,,
1952-07-31,29.98780487804878,-17.560234337637493,,,
1952-08-31,29.98780487804878,-17.560234337637493,,,
1952-09-30,29.98780487804878,-17.560234337637493,,,
1952-10-31,27.613672496025437,-10.056411380954998,,,
1952-11-30,27.613672496025437,-10.056411380954998,,,
1952-12-31,27.613672496025437,-10.056411380954998,,,
1953-01-31,27.306058221872547,-4.988059425186272,,,
1953-02-28,27.306058221872547,-4.988059425186272,,,
1953-03-31,27.306058221872547,-4.988059425186272,,,
1953-04-30,30.37922895357986,-2.895599813543427,,,
1953-05-31,30.37922895357986,-2.895599813543427,,,
1953-06-30,30.37922895357986,-2.895599813543427,,,
1953-07-31,31.759968725566846,1.7721638475180654,,,
1953-08-31,31.759968725566846,1.7721638475180654,,,
1953-09-30,31.759968725566846,1.7721638475180654,,,
1953-10-31,31.364687740940635,3.751015244915198,,,
1953-11-30,31.364687740940635,3.751015244915198,,,
1953-12-31,31.364687740940635,3.751015244915198,,,
1954-01-31,29.581533879374533,2.2754756575019854,,,
1954-02-28,29.581533879374533,2.2754756575019854,,,
1954-03-31,29.581533879374533,2.2754756575019854,,,
1954-04-30,21.400846859562456,-8.978382094017405,,,
1954-05-31,21.400846859562456,-8.978382094017405,,,
1954-06-30,21.400846859562456,-8.978382094017405,,,
1954-07-31,20.88697318007663,-10.872995545490216,,,
1954-08-31,20.88697318007663,-10.872995545490216,,,
1954-09-30,20.88697318007663,-10.872995545490216,,,
1954-10-31,20.620121951219513,-10.744565789721122,,,
1954-11-30,20.620121951219513,-10.744565789721122,,,
1954-12-31,20.620121951219513,-10.744565789721122,,,
1955-01-31,21.417654028436022,-8.16387985093851,,,
1955-02-28,21.417654028436022,-8.16387985093851,,,
1955-03-31,21.417654028436022,-8.16387985093851,,,
1955-04-30,22.71135831381733,1.310511454254872,,,
1955-05-31,22.71135831381733,1.310511454254872,,,
1955-06-30,22.71135831381733,1.310511454254872,,,
1955-07-31,25.87676886792453,4.989795687847899,,,
1955-08-31,25.87676886792453,4.989795687847899,,,
1955-09-30,25.87676886792453,4.989795687847899,,,
1955-10-31,26.284365781710914,5.664243830491401,,,
1955-11-30,26.284365781710914,5.664243830491401,,,
1955-12-31,26.284365781710914,5.664243830491401,,,
1956-01-31,26.8905238375515,5.472869809115476,,,
1956-02-29,26.8905238375515,5.472869809115476,,,
1956-03-31,26.8905238375515,5.472869809115476,,,
1956-04-30,27.902282036278525,5.190923722461196,,,
1956-05-31,27.902282036278525,5.190923722461196,,,
1956-06-30,27.902282036278525,5.190923722461196,,,
1956-07-31,26.237714285714283,0.360945417789754,,,
1956-08-31,26.237714285714283,0.360945417789754,,,
1956-09-30,26.237714285714283,0.360945417789754,,,
1956-10-31,26.24706539966462,-0.03730038204629338,,,
1956-11-30,26.24706539966462,-0.03730038204629338,,,
1956-12-31,26.24706539966462,-0.03730038204629338,,,
1957-01-31,23.815235008103727,-3.0752888294477714,,,
1957-02-28,23.815235008103727,-3.0752888294477714,,,
1957-03-31,23.815235008103727,-3.0752888294477714,,,
1957-04-30,24.198760970573048,-3.703521065705477,-0.9284064980426109,,
1957-05-31,24.198760970573048,-3.703521065705477,-0.9284064980426109,,
1957-06-30,24.198760970573048,-3.703521065705477,-0.9284064980426109,,
1957-07-31,23.086808923375365,-3.150905362338918,-1.0151047029391602,12.5,87.5
1957-08-31,23.086808923375365,-3.150905362338918,-1.0151047029391602,12.5,87.5
1957-09-30,23.086808923375365,-3.150905362338918,-1.0151047029391602,12.5,87.5
1957-10-31,20.71134492223239,-5.535720477432232,-1.2435960915332434,2.5,97.5
1957-11-30,20.71134492223239,-5.535720477432232,-1.2435960915332434,2.5,97.5
1957-12-31,20.71134492223239,-5.535720477432232,-1.2435960915332434,2.5,97.5
1958-01-31,19.012048192771086,-4.803186815332641,-1.3741993327695887,0.0,100.0
1958-02-28,19.012048192771086,-4.803186815332641,-1.3741993327695887,0.0,100.0
1958-03-31,19.012048192771086,-4.803186815332641,-1.3741993327695887,0.0,100.0
1958-04-30,16.311793214862682,-7.886967755710366,-1.6084495166815194,0.0,100.0
1958-05-31,16.311793214862682,-7.886967755710366,-1.6084495166815194,0.0,100.0
1958-06-30,16.311793214862682,-7.886967755710366,-1.6084495166815194,0.0,100.0
1958-07-31,12.811567164179104,-10.27524175919626,-1.8971725797035748,0.0,100.0
1958-08-31,12.811567164179104,-10.27524175919626,-1.8971725797035748,0.0,100.0
1958-09-30,12.811567164179104,-10.27524175919626,-1.8971725797035748,0.0,100.0
1958-10-31,12.498755776750798,-8.21258914548159,-1.8195107389198923,0.0,100.0
1958-11-30,12.498755776750798,-8.21258914548159,-1.8195107389198923,0.0,100.0
1958-12-31,12.498755776750798,-8.21258914548159,-1.8195107389198923,0.0,100.0
1959-01-31,13.742788461538462,-5.269259731232625,-1.5804519090337041,5.0,95.0
1959-02-28,13.742788461538462,-5.269259731232625,-1.5804519090337041,5.0,95.0
1959-03-31,13.742788461538462,-5.269259731232625,-1.5804519090337041,5.0,95.0
1959-04-30,15.46259644414626,-0.8491967707164214,-1.310923775104712,7.5,92.5
1959-05-31,15.46259644414626,-0.8491967707164214,-1.310923775104712,7.5,92.5
1959-06-30,15.46259644414626,-0.8491967707164214,-1.310923775104712,7.5,92.5
1959-07-31,16.665304732720465,3.8537375685413604,-1.1226172831142711,12.5,87.5
1959-08-31,16.665304732720465,3.8537375685413604,-1.1226172831142711,12.5,87.5
1959-09-30,16.665304732720465,3.8537375685413604,-1.1226172831142711,12.5,87.5
1959-10-31,17.948709353000332,5.449953576249534,-0.9512212119242488,15.0,85.0
1959-11-30,17.948709353000332,5.449953576249534,-0.9512212119242488,15.0,85.0
1959-12-31,17.948709353000332,5.449953576249534,-0.9512212119242488,15.0,85.0
1960-01-31,15.408941485864565,1.6661530243261033,-1.177347077533903,7.5,92.5
1960-02-29,15.408941485864565,1.6661530243261033,-1.177347077533903,7.5,92.5
1960-03-31,15.408941485864565,1.6661530243261033,-1.177347077533903,7.5,92.5
1960-04-30,14.546477967192024,-0.916118476954237,-1.2132556682728521,7.5,92.5
1960-05-31,14.546477967192024,-0.916118476954237,-1.2132556682728521,7.5,92.5
1960-06-30,14.546477967192024,-0.916118476954237,-1.2132556682728521,7.5,92.5
1960-07-31,15.849198868991518,-0.8161058637289464,-1.02497682769849,15.0,85.0
1960-08-31,15.849198868991518,-0.8161058637289464,-1.02497682769849,15.0,85.0
1960-09-30,15.849198868991518,-0.8161058637289464,-1.02497682769849,15.0,85.0
1960-10-31,14.085373317013465,-3.863336035986867,-1.1546794437990326,7.5,92.5
1960-11-30,14.085373317013465,-3.863336035986867,-1.1546794437990326,7.5,92.5
1960-12-31,14.085373317013465,-3.863336035986867,-1.1546794437990326,7.5,92.5
1961-01-31,13.135022354694485,-2.2739191311700804,-1.2427731523027232,5.0,95.0
1961-02-28,13.135022354694485,-2.2739191311700804,-1.2427731523027232,5.0,95.0
1961-03-31,13.135022354694485,-2.2739191311700804,-1.2427731523027232,5.0,95.0
1961-04-30,12.141323273360417,-2.405154693831607,-1.405103796609916,0.0,100.0
1961-05-31,12.141323273360417,-2.405154693831607,-1.405103796609916,0.0,100.0
1961-06-30,12.141323273360417,-2.405154693831607,-1.405103796609916,0.0,100.0
1961-07-31,11.27905051062655,-4.570148358364968,-1.5669439978047133,0.0,100.0
1961-08-31,11.27905051062655,-4.570148358364968,-1.5669439978047133,0.0,100.0
1961-09-30,11.27905051062655,-4.570148358364968,-1.5669439978047133,0.0,100.0
1961-10-31,11.863211327811916,-2.222161989201549,-1.447801565672653,2.5,97.5
1961-11-30,11.863211327811916,-2.222161989201549,-1.447801565672653,2.5,97.5
1961-12-31,11.863211327811916,-2.222161989201549,-1.447801565672653,2.5,97.5
1962-01-31,12.21625806451613,-0.9187642901783555,-1.334426608741224,7.5,92.5
1962-02-28,12.21625806451613,-0.9187642901783555,-1.334426608741224,7.5,92.5
1962-03-31,12.21625806451613,-0.9187642901783555,-1.334426608741224,7.5,92.5
1962-04-30,12.833457433606355,0.6921341602459385,-1.1966082604046757,15.0,85.0
1962-05-31,12.833457433606355,0.6921341602459385,-1.1966082604046757,15.0,85.0
1962-06-30,12.833457433606355,0.6921341602459385,-1.1966082604046757,15.0,85.0
1962-07-31,11.901896511355654,0.622846000729103,-1.278473446299652,5.0,95.0
1962-08-31,11.901896511355654,0.622846000729103,-1.278473446299652,5.0,95.0
1962-09-30,11.901896511355654,0.622846000729103,-1.278473446299652,5.0,95.0
1962-10-31,11.345701357466064,-0.5175099703458521,-1.2955942199105133,2.5,97.5
1962-11-30,11.345701357466064,-0.5175099703458521,-1.2955942199105133,2.5,97.5
1962-12-31,11.345701357466064,-0.5175099703458521,-1.2955942199105133,2.5,97.5
1963-01-31,11.407570422535212,-0.8086876419809172,-1.2225022369745082,5.0,95.0
1963-02-28,11.407570422535212,-0.8086876419809172,-1.2225022369745082,5.0,95.0
1963-03-31,11.407570422535212,-0.8086876419809172,-1.2225022369745082,5.0,95.0
1963-04-30,11.280886784330608,-1.5525706492757472,-1.1925878007471868,2.5,97.5
1963-05-31,11.280886784330608,-1.5525706492757472,-1.1925878007471868,2.5,97.5
1963-06-30,11.280886784330608,-1.5525706492757472,-1.1925878007471868,2.5,97.5
1963-07-31,11.203537936913895,-0.6983585744417589,-1.1684889124213678,0.0,100.0
1963-08-31,11.203537936913895,-0.6983585744417589,-1.1684889124213678,0.0,100.0
1963-09-30,11.203537936913895,-0.6983585744417589,-1.1684889124213678,0.0,100.0
1963-10-31,11.854899497487438,0.5091981400213736,-1.0317607411567413,12.5,87.5
1963-11-30,11.854899497487438,0.5091981400213736,-1.0317607411567413,12.5,87.5
1963-12-31,11.854899497487438,0.5091981400213736,-1.0317607411567413,12.5,87.5
1964-01-31,11.985834530897145,0.5782641083619335,-0.9753346994415746,20.0,80.0
1964-02-29,11.985834530897145,0.5782641083619335,-0.9753346994415746,20.0,80.0
1964-03-31,11.985834530897145,0.5782641083619335,-0.9753346994415746,20.0,80.0
1964-04-30,12.045043233460687,0.7641564491300787,-0.9186476465446479,22.5,77.5
1964-05-31,12.045043233460687,0.7641564491300787,-0.9186476465446479,22.5,77.5
1964-06-30,12.045043233460687,0.7641564491300787,-0.9186476465446479,22.5,77.5
1964-07-31,12.258600469116498,1.0550625322026033,-0.8390233970308919,30.0,70.0
1964-08-31,12.258600469116498,1.0550625322026033,-0.8390233970308919,30.0,70.0
1964-09-30,12.258600469116498,1.0550625322026033,-0.8390233970308919,30.0,70.0
1964-10-31,12.015475735575087,0.16057623808764987,-0.8407722123799144,22.5,77.5
1964-11-30,12.015475735575087,0.16057623808764987,-0.8407722123799144,22.5,77.5
1964-12-31,12.015475735575087,0.16057623808764987,-0.8407722123799144,22.5,77.5
1965-01-31,12.054321448571962,0.06848691767481618,-0.7929721881055238,27.500000000000004,72.5
1965-02-28,12.054321448571962,0.06848691767481618,-0.7929721881055238,27.500000000000004,72.5
1965-03-31,12.054321448571962,0.06848691767481618,-0.7929721881055238,27.500000000000004,72.5
1965-04-30,11.638681478783464,-0.40636175467722246,-0.823364905792886,12.5,87.5
1965-05-31,11.638681478783464,-0.40636175467722246,-0.823364905792886,12.5,87.5
1965-06-30,11.638681478783464,-0.40636175467722246,-0.823364905792886,12.5,87.5
1965-07-31,12.604918612880395,0.3463181437638969,-0.6130109603692503,42.5,57.5
1965-08-31,12.604918612880395,0.3463181437638969,-0.6130109603692503,42.5,57.5
1965-09-30,12.604918612880395,0.3463181437638969,-0.6130109603692503,42.5,57.5
1965-10-31,12.651242502142244,0.6357667665671567,-0.5672170465599051,45.0,55.0
1965-11-30,12.651242502142244,0.6357667665671567,-0.5672170465599051,45.0,55.0
1965-12-31,12.651242502142244,0.6357667665671567,-0.5672170465599051,45.0,55.0
1966-01-31,12.44972758791481,0.39540613934284785,-0.5713090517648811,40.0,60.0
1966-02-28,12.44972758791481,0.39540613934284785,-0.5713090517648811,40.0,60.0
1966-03-31,12.44972758791481,0.39540613934284785,-0.5713090517648811,40.0,60.0
1966-04-30,12.623635500711913,0.9849540219284485,-0.5026069468411952,47.5,52.5
1966-05-31,12.623635500711913,0.9849540219284485,-0.5026069468411952,47.5,52.5
1966-06-30,12.623635500711913,0.9849540219284485,-0.5026069468411952,47.5,52.5
1966-07-31,12.293556085918855,-0.3113625269615401,-0.5470492995925724,40.0,60.0
1966-08-31,12.293556085918855,-0.3113625269615401,-0.5470492995925724,40.0,60.0
1966-09-30,12.293556085918855,-0.3113625269615401,-0.5470492995925724,40.0,60.0
1966-10-31,11.844970076945,-0.8062724251972444,-0.6434508242567885,15.0,85.0
1966-11-30,11.844970076945,-0.8062724251972444,-0.6434508242567885,15.0,85.0
1966-12-31,11.844970076945,-0.8062724251972444,-0.6434508242567885,15.0,85.0
1967-01-31,11.236311631707983,-1.213415956206827,-0.8033220474720265,2.5,97.5
1967-02-28,11.236311631707983,-1.213415956206827,-0.8033220474720265,2.5,97.5
1967-03-31,11.236311631707983,-1.213415956206827,-0.8033220474720265,2.5,97.5
1967-04-30,10.576492051081575,-2.0471434496303385,-1.0455997331055442,0.0,100.0
1967-05-31,10.576492051081575,-2.0471434496303385,-1.0455997331055442,0.0,100.0
1967-06-30,10.576492051081575,-2.0471434496303385,-1.0455997331055442,0.0,100.0
1967-07-31,9.637627660883473,-2.6559284250353823,-1.48360420763088,0.0,100.0
1967-08-31,9.637627660883473,-2.6559284250353823,-1.48360420763088,0.0,100.0
1967-09-30,9.637627660883473,-2.6559284250353823,-1.48360420763088,0.0,100.0
1967-10-31,9.292697360634394,-2.552272716310606,-1.699260862060626,0.0,100.0
1967-11-30,9.292697360634394,-2.552272716310606,-1.699260862060626,0.0,100.0
1967-12-31,9.292697360634394,-2.552272716310606,-1.699260862060626,0.0,100.0
1968-01-31,9.098983902271948,-2.137327729436034,-1.819502136241367,0.0,100.0
1968-02-29,9.098983902271948,-2.137327729436034,-1.819502136241367,0.0,100.0
1968-03-31,9.098983902271948,-2.137327729436034,-1.819502136241367,0.0,100.0
1968-04-30,9.332264130074105,-1.2442279210074698,-1.6320795161361694,5.0,95.0
1968-05-31,9.332264130074105,-1.2442279210074698,-1.6320795161361694,5.0,95.0
1968-06-30,9.332264130074105,-1.2442279210074698,-1.6320795161361694,5.0,95.0
1968-07-31,9.25279522947503,-0.3848324314084426,-1.5740182575896564,2.5,97.5
1968-08-31,9.25279522947503,-0.3848324314084426,-1.5740182575896564,2.5,97.5
1968-09-30,9.25279522947503,-0.3848324314084426,-1.5740182575896564,2.5,97.5
1968-10-31,9.075658566469267,-0.21703879416512706,-1.5676057759681015,0.0,100.0
1968-11-30,9.075658566469267,-0.21703879416512706,-1.5676057759681015,0.0,100.0
1968-12-31,9.075658566469267,-0.21703879416512706,-1.5676057759681015,0.0,100.0
1969-01-31,8.658616692426584,-0.44036720984536437,-1.6593482813242075,0.0,100.0
1969-02-28,8.658616692426584,-0.44036720984536437,-1.6593482813242075,0.0,100.0
1969-03-31,8.658616692426584,-0.44036720984536437,-1.6593482813242075,0.0,100.0
1969-04-30,8.386069651741293,-0.9461944783328118,-1.6971161341432897,0.0,100.0
1969-05-31,8.386069651741293,-0.9461944783328118,-1.6971161341432897,0.0,100.0
1969-06-30,8.386069651741293,-0.9461944783328118,-1.6971161341432897,0.0,100.0
1969-07-31,7.754999581624969,-1.4977956478500607,-1.929135306253517,0.0,100.0
1969-08-31,7.754999581624969,-1.4977956478500607,-1.929135306253517,0.0,100.0
1969-09-30,7.754999581624969,-1.4977956478500607,-1.929135306253517,0.0,100.0
1969-10-31,7.030940594059405,-2.0447179724098614,-2.288504323220317,0.0,100.0
1969-11-30,7.030940594059405,-2.0447179724098614,-2.288504323220317,0.0,100.0
1969-12-31,7.030940594059405,-2.0447179724098614,-2.288504323220317,0.0,100.0
1970-01-31,6.3125979763431666,-2.3460187160834174,-2.4696782446270613,0.0,100.0
1970-02-28,6.3125979763431666,-2.3460187160834174,-2.4696782446270613,0.0,100.0
1970-03-31,6.3125979763431666,-2.3460187160834174,-2.4696782446270613,0.0,100.0
1970-04-30,5.746150317803552,-2.6399193339377414,-2.5087157243121543,0.0,100.0
1970-05-31,5.746150317803552,-2.6399193339377414,-2.5087157243121543,0.0,100.0
1970-06-30,5.746150317803552,-2.6399193339377414,-2.5087157243121543,0.0,100.0
1970-07-31,4.898902021959561,-2.8560975596654083,-2.698159935273871,0.0,100.0
1970-08-31,4.898902021959561,-2.8560975596654083,-2.698159935273871,0.0,100.0
1970-09-30,4.898902021959561,-2.8560975596654083,-2.698159935273871,0.0,100.0
1970-10-31,4.64735829845005,-2.3835822956093553,-2.5458535725887557,0.0,100.0
1970-11-30,4.64735829845005,-2.3835822956093553,-2.5458535725887557,0.0,100.0
1970-12-31,4.64735829845005,-2.3835822956093553,-2.5458535725887557,0.0,100.0
1971-01-31,4.53943784726005,-1.7731601290831165,-2.35156118728224,0.0,100.0
1971-02-28,4.53943784726005,-1.7731601290831165,-2.35156118728224,0.0,100.0
1971-03-31,4.53943784726005,-1.7731601290831165,-2.35156118728224,0.0,100.0
1971-04-30,4.2218063205176195,-1.524343997285932,-2.251985230510869,0.0,100.0
1971-05-31,4.2218063205176195,-1.524343997285932,-2.251985230510869,0.0,100.0
1971-06-30,4.2218063205176195,-1.524343997285932,-2.251985230510869,0.0,100.0
1971-07-31,4.733177296664717,-0.16572472529484372,-1.9009010716132573,7.5,92.5
1971-08-31,4.733177296664717,-0.16572472529484372,-1.9009010716132573,7.5,92.5
1971-09-30,4.733177296664717,-0.16572472529484372,-1.9009010716132573,7.5,92.5
1971-10-31,4.841901427131413,0.1945431286813628,-1.735695432757496,10.0,90.0
1971-11-30,4.841901427131413,0.1945431286813628,-1.735695432757496,10.0,90.0
1971-12-31,4.841901427131413,0.1945431286813628,-1.735695432757496,10.0,90.0
1972-01-31,4.9424935311823415,0.4030556839222914,-1.596112880888227,15.0,85.0
1972-02-29,4.9424935311823415,0.4030556839222914,-1.596112880888227,15.0,85.0
1972-03-31,4.9424935311823415,0.4030556839222914,-1.596112880888227,15.0,85.0
1972-04-30,5.030249017038008,0.8084426965203884,-1.4796781624684805,17.5,82.5
1972-05-31,5.030249017038008,0.8084426965203884,-1.4796781624684805,17.5,82.5
1972-06-30,5.030249017038008,0.8084426965203884,-1.4796781624684805,17.5,82.5
1972-07-31,5.233165985197453,0.4999886885327358,-1.3346765677317696,20.0,80.0
1972-08-31,5.233165985197453,0.4999886885327358,-1.3346765677317696,20.0,80.0
1972-09-30,5.233165985197453,0.4999886885327358,-1.3346765677317696,20.0,80.0
1972-10-31,5.199175614472546,0.35727418734113314,-1.2751984599834933,20.0,80.0
1972-11-30,5.199175614472546,0.35727418734113314,-1.2751984599834933,20.0,80.0
1972-12-31,5.199175614472546,0.35727418734113314,-1.2751984599834933,20.0,80.0
1973-01-31,5.308089586333614,0.3655960551512729,-1.1762514954974161,25.0,75.0
1973-02-28,5.308089586333614,0.3655960551512729,-1.1762514954974161,25.0,75.0
1973-03-31,5.308089586333614,0.3655960551512729,-1.1762514954974161,25.0,75.0
1973-04-30,5.642541117630086,0.6122921005920778,-1.0146385106343363,27.500000000000004,72.5
1973-05-31,5.642541117630086,0.6122921005920778,-1.0146385106343363,27.500000000000004,72.5
1973-06-30,5.642541117630086,0.6122921005920778,-1.0146385106343363,27.500000000000004,72.5
1973-07-31,5.981072265355814,0.7479062801583609,-0.860483266304502,32.5,67.5
1973-08-31,5.981072265355814,0.7479062801583609,-0.860483266304502,32.5,67.5
1973-09-30,5.981072265355814,0.7479062801583609,-0.860483266304502,32.5,67.5
1973-10-31,5.794189602446484,0.595013987973938,-0.876008736272094,32.5,67.5
1973-11-30,5.794189602446484,0.595013987973938,-0.876008736272094,32.5,67.5
1973-12-31,5.794189602446484,0.595013987973938,-0.876008736272094,32.5,67.5
1974-01-31,5.432034240092185,0.12394465375857067,-0.9463348086793899,27.500000000000004,72.5
1974-02-28,5.432034240092185,0.12394465375857067,-0.9463348086793899,27.500000000000004,72.5
1974-03-31,5.432034240092185,0.12394465375857067,-0.9463348086793899,27.500000000000004,72.5
1974-04-30,5.414982484505524,-0.22755863312456182,-0.9058634921135107,27.500000000000004,72.5
1974-05-31,5.414982484505524,-0.22755863312456182,-0.9058634921135107,27.500000000000004,72.5
1974-06-30,5.414982484505524,-0.22755863312456182,-0.9058634921135107,27.500000000000004,72.5
1974-07-31,5.185091440590353,-0.7959808247654605,-0.9360841799494332,20.0,80.0
1974-08-31,5.185091440590353,-0.7959808247654605,-0.9360841799494332,20.0,80.0
1974-09-30,5.185091440590353,-0.7959808247654605,-0.9360841799494332,20.0,80.0
1974-10-31,5.163345807626175,-0.6308437948203087,-0.8985214520773271,20.0,80.0
1974-11-30,5.163345807626175,-0.6308437948203087,-0.8985214520773271,20.0,80.0
1974-12-31,5.163345807626175,-0.6308437948203087,-0.8985214520773271,20.0,80.0
1975-01-31,5.334173452242471,-0.09786078784971419,-0.798755053156274,32.5,67.5
1975-02-28,5.334173452242471,-0.09786078784971419,-0.798755053156274,32.5,67.5
1975-03-31,5.334173452242471,-0.09786078784971419,-0.798755053156274,32.5,67.5
1975-04-30,4.700786661234212,-0.7141958232713117,-0.9723878421613549,7.5,92.5
1975-05-31,4.700786661234212,-0.7141958232713117,-0.9723878421613549,7.5,92.5
1975-06-30,4.700786661234212,-0.7141958232713117,-0.9723878421613549,7.5,92.5
1975-07-31,4.022107070583186,-1.1629843700071678,-1.1678827741205857,0.0,100.0
1975-08-31,4.022107070583186,-1.1629843700071678,-1.1678827741205857,0.0,100.0
1975-09-30,4.022107070583186,-1.1629843700071678,-1.1678827741205857,0.0,100.0
1975-10-31,4.283655900848648,-0.8796899067775277,-1.0368365727685696,5.0,95.0
1975-11-30,4.283655900848648,-0.8796899067775277,-1.0368365727685696,5.0,95.0
1975-12-31,4.283655900848648,-0.8796899067775277,-1.0368365727685696,5.0,95.0
1976-01-31,5.125215836211149,-0.2089576160313218,-0.6846482095508165,27.500000000000004,72.5
1976-02-29,5.125215836211149,-0.2089576160313218,-0.6846482095508165,27.500000000000004,72.5
1976-03-31,5.125215836211149,-0.2089576160313218,-0.6846482095508165,27.500000000000004,72.5
1976-04-30,5.3945978429325985,0.6938111816983863,-0.5427101178306589,45.0,55.0
1976-05-31,5.3945978429325985,0.6938111816983863,-0.5427101178306589,45.0,55.0
1976-06-30,5.3945978429325985,0.6938111816983863,-0.5427101178306589,45.0,55.0
1976-07-31,6.070642141350211,2.0485350707670253,-0.20345115060792762,62.5,37.5
1976-08-31,6.070642141350211,2.0485350707670253,-0.20345115060792762,62.5,37.5
1976-09-30,6.070642141350211,2.0485350707670253,-0.20345115060792762,62.5,37.5
1976-10-31,6.205452217279957,1.9217963164313092,-0.08249738765684995,65.0,35.0
1976-11-30,6.205452217279957,1.9217963164313092,-0.08249738765684995,65.0,35.0
1976-12-31,6.205452217279957,1.9217963164313092,-0.08249738765684995,65.0,35.0
1977-01-31,6.236490588949605,1.1112747527384563,-0.0038428571124478205,67.5,32.5
1977-02-28,6.236490588949605,1.1112747527384563,-0.0038428571124478205,67.5,32.5
1977-03-31,6.236490588949605,1.1112747527384563,-0.0038428571124478205,67.5,32.5
1977-04-30,6.049061094948425,0.6544632520158267,-0.04864319402819797,62.5,37.5
1977-05-31,6.049061094948425,0.6544632520158267,-0.04864319402819797,62.5,37.5
1977-06-30,6.049061094948425,0.6544632520158267,-0.04864319402819797,62.5,37.5
1977-07-31,6.211390635918938,0.14074849456872673,0.10624885215010253,70.0,30.0
1977-08-31,6.211390635918938,0.14074849456872673,0.10624885215010253,70.0,30.0
1977-09-30,6.211390635918938,0.14074849456872673,0.10624885215010253,70.0,30.0
1977-10-31,6.401397658309325,0.19594544102936773,0.2898447303171615,77.5,22.5
1977-11-30,6.401397658309325,0.19594544102936773,0.2898447303171615,77.5,22.5
1977-12-31,6.401397658309325,0.19594544102936773,0.2898447303171615,77.5,22.5
1978-01-31,6.434210917745054,0.19772032879544899,0.37927909660037173,80.0,20.0
1978-02-28,6.434210917745054,0.19772032879544899,0.37927909660037173,80.0,20.0
1978-03-31,6.434210917745054,0.19772032879544899,0.37927909660037173,80.0,20.0
1978-04-30,6.3469310725277275,0.29786997757930234,0.40282873696348925,77.5,22.5
1978-05-31,6.3469310725277275,0.29786997757930234,0.40282873696348925,77.5,22.5
1978-06-30,6.3469310725277275,0.29786997757930234,0.40282873696348925,77.5,22.5
1978-07-31,6.071554418868997,-0.13983621704994054,0.27699740158917957,67.5,32.5
1978-08-31,6.071554418868997,-0.13983621704994054,0.27699740158917957,67.5,32.5
1978-09-30,6.071554418868997,-0.13983621704994054,0.27699740158917957,67.5,32.5
1978-10-31,6.8518919519169375,0.45049429360761284,1.1126999968999518,87.5,12.5
1978-11-30,6.8518919519169375,0.45049429360761284,1.1126999968999518,87.5,12.5
1978-12-31,6.8518919519169375,0.45049429360761284,1.1126999968999518,87.5,12.5
1979-01-31,6.756828312846143,0.3226173951010889,1.1811044913450932,87.5,12.5
1979-02-28,6.756828312846143,0.3226173951010889,1.1811044913450932,87.5,12.5
1979-03-31,6.756828312846143,0.3226173951010889,1.1811044913450932,87.5,12.5
1979-04-30,6.889043177530915,0.5421121050031878,1.499388319939382,92.5,7.5
1979-05-31,6.889043177530915,0.5421121050031878,1.499388319939382,92.5,7.5
1979-06-30,6.889043177530915,0.5421121050031878,1.499388319939382,92.5,7.5
1979-07-31,6.593860567100213,0.5223061482312161,1.2722558033388727,87.5,12.5
1979-08-31,6.593860567100213,0.5223061482312161,1.2722558033388727,87.5,12.5
1979-09-30,6.593860567100213,0.5223061482312161,1.2722558033388727,87.5,12.5
1979-10-31,6.4005702066999275,-0.45132174521700996,1.0810581196820763,82.5,17.5
1979-11-30,6.4005702066999275,-0.45132174521700996,1.0810581196820763,82.5,17.5
1979-12-31,6.4005702066999275,-0.45132174521700996,1.0810581196820763,82.5,17.5
1980-01-31,6.069865376430795,-0.6869629364153482,0.6648221521459712,65.0,35.0
1980-02-29,6.069865376430795,-0.6869629364153482,0.6648221521459712,65.0,35.0
1980-03-31,6.069865376430795,-0.6869629364153482,0.6648221521459712,65.0,35.0
1980-04-30,5.622551891529962,-1.266491286000953,0.08551057508971971,52.5,47.5
1980-05-31,5.622551891529962,-1.266491286000953,0.08551057508971971,52.5,47.5
1980-06-30,5.622551891529962,-1.266491286000953,0.08551057508971971,52.5,47.5
1980-07-31,5.376637181580047,-1.2172233855201666,-0.25328120502000706,45.0,55.0
1980-08-31,5.376637181580047,-1.2172233855201666,-0.25328120502000706,45.0,55.0
1980-09-30,5.376637181580047,-1.2172233855201666,-0.25328120502000706,45.0,55.0
1980-10-31,4.33469387755102,-2.0658763291489075,-1.5914834678221188,7.5,92.5
1980-11-30,4.33469387755102,-2.0658763291489075,-1.5914834678221188,7.5,92.5
1980-12-31,4.33469387755102,-2.0658763291489075,-1.5914834678221188,7.5,92.5
1981-01-31,4.445129880956351,-1.624735495474444,-1.4388785362332355,10.0,90.0
1981-02-28,4.445129880956351,-1.624735495474444,-1.4388785362332355,10.0,90.0
1981-03-31,4.445129880956351,-1.624735495474444,-1.4388785362332355,10.0,90.0
1981-04-30,4.508139736068076,-1.1144121554618867,-1.387227041385894,12.5,87.5
1981-05-31,4.508139736068076,-1.1144121554618867,-1.387227041385894,12.5,87.5
1981-06-30,4.508139736068076,-1.1144121554618867,-1.387227041385894,12.5,87.5
1981-07-31,4.373634031700844,-1.003003149879203,-1.5276075022896372,7.5,92.5
1981-08-31,4.373634031700844,-1.003003149879203,-1.5276075022896372,7.5,92.5
1981-09-30,4.373634031700844,-1.003003149879203,-1.5276075022896372,7.5,92.5
1981-10-31,3.986510626925295,-0.3481832506257252,-1.9218089724912077,0.0,100.0
1981-11-30,3.986510626925295,-0.3481832506257252,-1.9218089724912077,0.0,100.0
1981-12-31,3.986510626925295,-0.3481832506257252,-1.9218089724912077,0.0,100.0
1982-01-31,3.969762650183297,-0.4753672307730539,-1.8385699250258507,0.0,100.0
1982-02-28,3.969762650183297,-0.4753672307730539,-1.8385699250258507,0.0,100.0
1982-03-31,3.969762650183297,-0.4753672307730539,-1.8385699250258507,0.0,100.0
1982-04-30,3.6125776694693594,-0.8955620665987163,-2.098745237512493,0.0,100.0
1982-05-31,3.6125776694693594,-0.8955620665987163,-2.098745237512493,0.0,100.0
1982-06-30,3.6125776694693594,-0.8955620665987163,-2.098745237512493,0.0,100.0
1982-07-31,3.193200946549242,-1.1804330851516016,-2.3296767754767145,0.0,100.0
1982-08-31,3.193200946549242,-1.1804330851516016,-2.3296767754767145,0.0,100.0
1982-09-30,3.193200946549242,-1.1804330851516016,-2.3296767754767145,0.0,100.0
1982-10-31,3.1309813173196073,-0.8555293096056875,-2.18970702766411,0.0,100.0
1982-11-30,3.1309813173196073,-0.8555293096056875,-2.18970702766411,0.0,100.0
1982-12-31,3.1309813173196073,-0.8555293096056875,-2.18970702766411,0.0,100.0
1983-01-31,3.0731765124133434,-0.8965861377699538,-2.0651462456300087,0.0,100.0
1983-02-28,3.0731765124133434,-0.8965861377699538,-2.0651462456300087,0.0,100.0
1983-03-31,3.0731765124133434,-0.8965861377699538,-2.0651462456300087,0.0,100.0
1983-04-30,2.8782000527843756,-0.7343776166849838,-2.0583178714370973,0.0,100.0
1983-05-31,2.8782000527843756,-0.7343776166849838,-2.0583178714370973,0.0,100.0
1983-06-30,2.8782000527843756,-0.7343776166849838,-2.0583178714370973,0.0,100.0
1983-07-31,2.93198964633144,-0.26121130021780203,-1.8643172367299103,2.5,97.5
1983-08-31,2.93198964633144,-0.26121130021780203,-1.8643172367299103,2.5,97.5
1983-09-30,2.93198964633144,-0.26121130021780203,-1.8643172367299103,2.5,97.5
1983-10-31,3.315592259336867,0.18461094201725992,-1.4563623088763504,12.5,87.5
1983-11-30,3.315592259336867,0.18461094201725992,-1.4563623088763504,12.5,87.5
1983-12-31,3.315592259336867,0.18461094201725992,-1.4563623088763504,12.5,87.5
1984-01-31,3.547560147458285,0.4743836350449415,-1.2071413846195622,15.0,85.0
1984-02-29,3.547560147458285,0.4743836350449415,-1.2071413846195622,15.0,85.0
1984-03-31,3.547560147458285,0.4743836350449415,-1.2071413846195622,15.0,85.0
1984-04-30,3.5153605968822723,0.6371605440978967,-1.1743076648331716,15.0,85.0
1984-05-31,3.5153605968822723,0.6371605440978967,-1.1743076648331716,15.0,85.0
1984-06-30,3.5153605968822723,0.6371605440978967,-1.1743076648331716,15.0,85.0
1984-07-31,3.643001871187041,0.711012224855601,-1.0297742229215354,22.5,77.5
1984-08-31,3.643001871187041,0.711012224855601,-1.0297742229215354,22.5,77.5
1984-09-30,3.643001871187041,0.711012224855601,-1.0297742229215354,22.5,77.5
1984-10-31,3.531209293386577,0.21561703404970967,-1.0684686585299976,17.5,82.5
1984-11-30,3.531209293386577,0.21561703404970967,-1.0684686585299976,17.5,82.5
1984-12-31,3.531209293386577,0.21561703404970967,-1.0684686585299976,17.5,82.5
1985-01-31,3.2620553401001433,-0.28550480735814165,-1.2112119512573343,12.5,87.5
1985-02-28,3.2620553401001433,-0.28550480735814165,-1.2112119512573343,12.5,87.5
1985-03-31,3.2620553401001433,-0.28550480735814165,-1.2112119512573343,12.5,87.5
1985-04-30,3.239470542434467,-0.27589005444780534,-1.1789378117962401,12.5,87.5
1985-05-31,3.239470542434467,-0.27589005444780534,-1.1789378117962401,12.5,87.5
1985-06-30,3.239470542434467,-0.27589005444780534,-1.1789378117962401,12.5,87.5
1985-07-31,3.1637962623671676,-0.4792056088198735,-1.201138945134638,10.0,90.0
1985-08-31,3.1637962623671676,-0.4792056088198735,-1.201138945134638,10.0,90.0
1985-09-30,3.1637962623671676,-0.4792056088198735,-1.201138945134638,10.0,90.0
1985-10-31,3.0793841210894715,-0.4518251722971054,-1.2183879621497613,7.5,92.5
1985-11-30,3.0793841210894715,-0.4518251722971054,-1.2183879621497613,7.5,92.5
1985-12-31,3.0793841210894715,-0.4518251722971054,-1.2183879621497613,7.5,92.5
1986-01-31,3.169072440523924,-0.09298289957621941,-1.1027620203745494,15.0,85.0
1986-02-28,3.169072440523924,-0.09298289957621941,-1.1027620203745494,15.0,85.0
1986-03-31,3.169072440523924,-0.09298289957621941,-1.1027620203745494,15.0,85.0
1986-04-30,3.0375023815014988,-0.2019681609329682,-1.1368153808624712,5.0,95.0
1986-05-31,3.0375023815014988,-0.2019681609329682,-1.1368153808624712,5.0,95.0
1986-06-30,3.0375023815014988,-0.2019681609329682,-1.1368153808624712,5.0,95.0
1986-07-31,2.6096789483357354,-0.5541173140314322,-1.3545868694454581,0.0,100.0
1986-08-31,2.6096789483357354,-0.5541173140314322,-1.3545868694454581,0.0,100.0
1986-09-30,2.6096789483357354,-0.5541173140314322,-1.3545868694454581,0.0,100.0
1986-10-31,2.5422060815896437,-0.5371780394998278,-1.3277326312634097,0.0,100.0
1986-11-30,2.5422060815896437,-0.5371780394998278,-1.3277326312634097,0.0,100.0
1986-12-31,2.5422060815896437,-0.5371780394998278,-1.3277326312634097,0.0,100.0
1987-01-31,2.532442185888938,-0.6366302546349858,-1.2675013414781615,0.0,100.0
1987-02-28,2.532442185888938,-0.6366302546349858,-1.2675013414781615,0.0,100.0
1987-03-31,2.532442185888938,-0.6366302546349858,-1.2675013414781615,0.0,100.0
1987-04-30,2.672914213243953,-0.3645881682575456,-1.1156735690968222,7.5,92.5
1987-05-31,2.672914213243953,-0.3645881682575456,-1.1156735690968222,7.5,92.5
1987-06-30,2.672914213243953,-0.3645881682575456,-1.1156735690968222,7.5,92.5
1987-07-31,2.7545888185861696,0.14490987025043411,-1.0105534513279324,10.0,90.0
1987-08-31,2.7545888185861696,0.14490987025043411,-1.0105534513279324,10.0,90.0
1987-09-30,2.7545888185861696,0.14490987025043411,-1.0105534513279324,10.0,90.0
1987-10-31,2.946421045237426,0.40421496364778253,-0.8383161650701823,17.5,82.5
1987-11-30,2.946421045237426,0.40421496364778253,-0.8383161650701823,17.5,82.5
1987-12-31,2.946421045237426,0.40421496364778253,-0.8383161650701823,17.5,82.5
1988-01-31,3.0305273686280207,0.49808518273908264,-0.7406652304744851,20.0,80.0
1988-02-29,3.0305273686280207,0.49808518273908264,-0.7406652304744851,20.0,80.0
1988-03-31,3.0305273686280207,0.49808518273908264,-0.7406652304744851,20.0,80.0
1988-04-30,2.9393543694937105,0.26644015624975737,-0.7657181936314019,17.5,82.5
1988-05-31,2.9393543694937105,0.26644015624975737,-0.7657181936314019,17.5,82.5
1988-06-30,2.9393543694937105,0.26644015624975737,-0.7657181936314019,17.5,82.5
1988-07-31,2.977703790197873,0.22311497161170335,-0.6984817297128771,22.5,77.5
1988-08-31,2.977703790197873,0.22311497161170335,-0.6984817297128771,22.5,77.5
1988-09-30,2.977703790197873,0.22311497161170335,-0.6984817297128771,22.5,77.5
1988-10-31,2.970919863365678,0.02449881812825172,-0.6713151564127174,22.5,77.5
1988-11-30,2.970919863365678,0.02449881812825172,-0.6713151564127174,22.5,77.5
1988-12-31,2.970919863365678,0.02449881812825172,-0.6713151564127174,22.5,77.5
1989-01-31,2.916900349801972,-0.11362701882604886,-0.6851242547907995,15.0,85.0
1989-02-28,2.916900349801972,-0.11362701882604886,-0.6851242547907995,15.0,85.0
1989-03-31,2.916900349801972,-0.11362701882604886,-0.6851242547907995,15.0,85.0
1989-04-30,2.9413612637741995,0.0020068942804889467,-0.6419180624677447,22.5,77.5
1989-05-31,2.9413612637741995,0.0020068942804889467,-0.6419180624677447,22.5,77.5
1989-06-30,2.9413612637741995,0.0020068942804889467,-0.6419180624677447,22.5,77.5
1989-07-31,2.784955163303091,-0.19274862689478178,-0.77959651630179,12.5,87.5
1989-08-31,2.784955163303091,-0.19274862689478178,-0.77959651630179,12.5,87.5
1989-09-30,2.784955163303091,-0.19274862689478178,-0.77959651630179,12.5,87.5
1989-10-31,2.582672020603777,-0.38824784276190094,-1.0098558854725428,5.0,95.0
1989-11-30,2.582672020603777,-0.38824784276190094,-1.0098558854725428,5.0,95.0
1989-12-31,2.582672020603777,-0.38824784276190094,-1.0098558854725428,5.0,95.0
1990-01-31,2.4131826069832987,-0.5037177428186732,-1.2552491129522592,0.0,100.0
1990-02-28,2.4131826069832987,-0.5037177428186732,-1.2552491129522592,0.0,100.0
1990-03-31,2.4131826069832987,-0.5037177428186732,-1.2552491129522592,0.0,100.0
1990-04-30,2.3579639048203056,-0.5833973589538939,-1.374647009565033,0.0,100.0
1990-05-31,2.3579639048203056,-0.5833973589538939,-1.374647009565033,0.0,100.0
1990-06-30,2.3579639048203056,-0.5833973589538939,-1.374647009565033,0.0,100.0
1990-07-31,2.349132653966489,-0.43582250933660216,-1.4532968925040046,0.0,100.0
1990-08-31,2.349132653966489,-0.43582250933660216,-1.4532968925040046,0.0,100.0
1990-09-30,2.349132653966489,-0.43582250933660216,-1.4532968925040046,0.0,100.0
1990-10-31,2.401048423549025,-0.18162359705475195,-1.3209648605269753,5.0,95.0
1990-11-30,2.401048423549025,-0.18162359705475195,-1.3209648605269753,5.0,95.0
1990-12-31,2.401048423549025,-0.18162359705475195,-1.3209648605269753,5.0,95.0
1991-01-31,2.459262721271251,0.046080114287952334,-1.1966045796190803,10.0,90.0
1991-02-28,2.459262721271251,0.046080114287952334,-1.1966045796190803,10.0,90.0
1991-03-31,2.459262721271251,0.046080114287952334,-1.1966045796190803,10.0,90.0
1991-04-30,2.408699945275881,0.05073604045557545,-1.3004846046935765,7.5,92.5
1991-05-31,2.408699945275881,0.05073604045557545,-1.3004846046935765,7.5,92.5
1991-06-30,2.408699945275881,0.05073604045557545,-1.3004846046935765,7.5,92.5
1991-07-31,2.369831649013701,0.020698995047212065,-1.3966885985743105,5.0,95.0
1991-08-31,2.369831649013701,0.020698995047212065,-1.3966885985743105,5.0,95.0
1991-09-30,2.369831649013701,0.020698995047212065,-1.3966885985743105,5.0,95.0
1991-10-31,2.4444201449637593,0.04337172141473422,-1.202901073195072,15.0,85.0
1991-11-30,2.4444201449637593,0.04337172141473422,-1.202901073195072,15.0,85.0
1991-12-31,2.4444201449637593,0.04337172141473422,-1.202901073195072,15.0,85.0
1992-01-31,2.5392612841374302,0.07999856286617923,-0.9576399432531206,22.5,77.5
1992-02-29,2.5392612841374302,0.07999856286617923,-0.9576399432531206,22.5,77.5
1992-03-31,2.5392612841374302,0.07999856286617923,-0.9576399432531206,22.5,77.5
1992-04-30,2.593499018080856,0.18479907280497487,-0.7793726568944381,30.0,70.0
1992-05-31,2.593499018080856,0.18479907280497487,-0.7793726568944381,30.0,70.0
1992-06-30,2.593499018080856,0.18479907280497487,-0.7793726568944381,30.0,70.0
1992-07-31,2.7120175276359033,0.3421858786222023,-0.42881184843051284,37.5,62.5
1992-08-31,2.7120175276359033,0.3421858786222023,-0.42881184843051284,37.5,62.5
1992-09-30,2.7120175276359033,0.3421858786222023,-0.42881184843051284,37.5,62.5
1992-10-31,2.969114634530679,0.5246944895669197,0.2850830558871773,60.0,40.0
1992-11-30,2.969114634530679,0.5246944895669197,0.2850830558871773,60.0,40.0
1992-12-31,2.969114634530679,0.5246944895669197,0.2850830558871773,60.0,40.0
1993-01-31,2.962431950441149,0.4231706663037187,0.27525368823527446,60.0,40.0
1993-02-28,2.962431950441149,0.4231706663037187,0.27525368823527446,60.0,40.0
1993-03-31,2.962431950441149,0.4231706663037187,0.27525368823527446,60.0,40.0
1993-04-30,3.2192137759148065,0.6257147578339506,0.9471410341635285,82.5,17.5
1993-05-31,3.2192137759148065,0.6257147578339506,0.9471410341635285,82.5,17.5
1993-06-30,3.2192137759148065,0.6257147578339506,0.9471410341635285,82.5,17.5
1993-07-31,3.280411909187467,0.5683943815515637,1.0736267285940786,87.5,12.5
1993-08-31,3.280411909187467,0.5683943815515637,1.0736267285940786,87.5,12.5
1993-09-30,3.280411909187467,0.5683943815515637,1.0736267285940786,87.5,12.5
1993-10-31,3.604905647592912,0.6357910130622333,1.8670655427146252,97.5,2.5
1993-11-30,3.604905647592912,0.6357910130622333,1.8670655427146252,97.5,2.5
1993-12-31,3.604905647592912,0.6357910130622333,1.8670655427146252,97.5,2.5
1994-01-31,3.6202042957128855,0.6577723452717366,1.8856645731598276,97.5,2.5
1994-02-28,3.6202042957128855,0.6577723452717366,1.8856645731598276,97.5,2.5
1994-03-31,3.6202042957128855,0.6577723452717366,1.8856645731598276,97.5,2.5
1994-04-30,4.030129000355684,0.8109152244408775,2.7081918241964424,100.0,0.0
1994-05-31,4.030129000355684,0.8109152244408775,2.7081918241964424,100.0,0.0
1994-06-30,4.030129000355684,0.8109152244408775,2.7081918241964424,100.0,0.0
1994-07-31,4.144853178163573,0.8644412689761061,2.758683201196568,100.0,0.0
1994-08-31,4.144853178163573,0.8644412689761061,2.758683201196568,100.0,0.0
1994-09-30,4.144853178163573,0.8644412689761061,2.758683201196568,100.0,0.0
1994-10-31,4.33307930789615,0.7281736603032378,2.852648295067837,100.0,0.0
1994-11-30,4.33307930789615,0.7281736603032378,2.852648295067837,100.0,0.0
1994-12-31,4.33307930789615,0.7281736603032378,2.852648295067837,100.0,0.0
1995-01-31,4.478671814408564,0.8584675186956785,2.773857158053563,100.0,0.0
1995-02-28,4.478671814408564,0.8584675186956785,2.773857158053563,100.0,0.0
1995-03-31,4.478671814408564,0.8584675186956785,2.773857158053563,100.0,0.0
1995-04-30,4.636497418459057,0.606368418103373,2.704272046677314,100.0,0.0
1995-05-31,4.636497418459057,0.606368418103373,2.704272046677314,100.0,0.0
1995-06-30,4.636497418459057,0.606368418103373,2.704272046677314,100.0,0.0
1995-07-31,4.534254802879726,0.3894016247161529,2.3018291576799657,97.5,2.5
1995-08-31,4.534254802879726,0.3894016247161529,2.3018291576799657,97.5,2.5
1995-09-30,4.534254802879726,0.3894016247161529,2.3018291576799657,97.5,2.5
1995-10-31,4.492094551055369,0.1590152431592191,2.057950491349029,95.0,5.0
1995-11-30,4.492094551055369,0.1590152431592191,2.057950491349029,95.0,5.0
1995-12-31,4.492094551055369,0.1590152431592191,2.057950491349029,95.0,5.0
1996-01-31,4.613482302718508,0.13481048830994435,2.05691517971527,97.5,2.5
1996-02-29,4.613482302718508,0.13481048830994435,2.05691517971527,97.5,2.5
1996-03-31,4.613482302718508,0.13481048830994435,2.05691517971527,97.5,2.5
1996-04-30,4.657436916352077,0.02093949789301952,1.9554441212631308,100.0,0.0
1996-05-31,4.657436916352077,0.02093949789301952,1.9554441212631308,100.0,0.0
1996-06-30,4.657436916352077,0.02093949789301952,1.9554441212631308,100.0,0.0
1996-07-31,4.892492305677428,0.35823750279770206,2.0717564245322486,100.0,0.0
1996-08-31,4.892492305677428,0.35823750279770206,2.0717564245322486,100.0,0.0
1996-09-30,4.892492305677428,0.35823750279770206,2.0717564245322486,100.0,0.0
1996-10-31,5.092183983064321,0.6000894320089518,2.1203140225416033,100.0,0.0
1996-11-30,5.092183983064321,0.6000894320089518,2.1203140225416033,100.0,0.0
1996-12-31,5.092183983064321,0.6000894320089518,2.1203140225416033,100.0,0.0
1997-01-31,5.106162684094102,0.49268038137559333,1.9724405371188443,100.0,0.0
1997-02-28,5.106162684094102,0.49268038137559333,1.9724405371188443,100.0,0.0
1997-03-31,5.106162684094102,0.49268038137559333,1.9724405371188443,100.0,0.0
1997-04-30,5.216349459210195,0.5589125428581188,1.935561675582095,100.0,0.0
1997-05-31,5.216349459210195,0.5589125428581188,1.935561675582095,100.0,0.0
1997-06-30,5.216349459210195,0.5589125428581188,1.935561675582095,100.0,0.0
1997-07-31,5.094328595663855,0.201836289986427,1.6875050194203425,95.0,5.0
1997-08-31,5.094328595663855,0.201836289986427,1.6875050194203425,95.0,5.0
1997-09-30,5.094328595663855,0.201836289986427,1.6875050194203425,95.0,5.0
1997-10-31,5.113993823901183,0.02180984083686166,1.6010739602623452,97.5,2.5
1997-11-30,5.113993823901183,0.02180984083686166,1.6010739602623452,97.5,2.5
1997-12-31,5.113993823901183,0.02180984083686166,1.6010739602623452,97.5,2.5
1998-01-31,5.251342492502965,0.14517980840886313,1.6277601919020048,100.0,0.0
1998-02-28,5.251342492502965,0.14517980840886313,1.6277601919020048,100.0,0.0
1998-03-31,5.251342492502965,0.14517980840886313,1.6277601919020048,100.0,0.0
1998-04-30,5.022202400862229,-0.19414705834796653,1.3310461155749225,85.0,15.0
1998-05-31,5.022202400862229,-0.19414705834796653,1.3310461155749225,85.0,15.0
1998-06-30,5.022202400862229,-0.19414705834796653,1.3310461155749225,85.0,15.0
1998-07-31,4.268454922553272,-0.8258736731105829,0.5878530861718061,62.5,37.5
1998-08-31,4.268454922553272,-0.8258736731105829,0.5878530861718061,62.5,37.5
1998-09-30,4.268454922553272,-0.8258736731105829,0.5878530861718061,62.5,37.5
1998-10-31,4.299638989169675,-0.8143548347315077,0.5864355907485529,62.5,37.5
1998-11-30,4.299638989169675,-0.8143548347315077,0.5864355907485529,62.5,37.5
1998-12-31,4.299638989169675,-0.8143548347315077,0.5864355907485529,62.5,37.5
1999-01-31,4.3722223344171365,-0.8791201580858283,0.6218279672429786,65.0,35.0
1999-02-28,4.3722223344171365,-0.8791201580858283,0.6218279672429786,65.0,35.0
1999-03-31,4.3722223344171365,-0.8791201580858283,0.6218279672429786,65.0,35.0
1999-04-30,4.181816962609302,-0.8403854382529268,0.41385237009835424,55.00000000000001,44.99999999999999
1999-05-31,4.181816962609302,-0.8403854382529268,0.41385237009835424,55.00000000000001,44.99999999999999
1999-06-30,4.181816962609302,-0.8403854382529268,0.41385237009835424,55.00000000000001,44.99999999999999
1999-07-31,4.216215495932468,-0.05223942662080461,0.4162263734746088,55.00000000000001,44.99999999999999
1999-08-31,4.216215495932468,-0.05223942662080461,0.4162263734746088,55.00000000000001,44.99999999999999
1999-09-30,4.216215495932468,-0.05223942662080461,0.4162263734746088,55.00000000000001,44.99999999999999
1999-10-31,4.242040203552419,-0.057598785617256176,0.407498159964222,55.00000000000001,44.99999999999999
1999-11-30,4.242040203552419,-0.057598785617256176,0.407498159964222,55.00000000000001,44.99999999999999
1999-12-31,4.242040203552419,-0.057598785617256176,0.407498159964222,55.00000000000001,44.99999999999999
2000-01-31,4.032677332401537,-0.33954500201559945,0.16762889107546258,45.0,55.0
2000-02-29,4.032677332401537,-0.33954500201559945,0.16762889107546258,45.0,55.0
2000-03-31,4.032677332401537,-0.33954500201559945,0.16762889107546258,45.0,55.0
2000-04-30,3.904938688266397,-0.27687827434290524,0.0009436860233178279,40.0,60.0
2000-05-31,3.904938688266397,-0.27687827434290524,0.0009436860233178279,40.0,60.0
2000-06-30,3.904938688266397,-0.27687827434290524,0.0009436860233178279,40.0,60.0
2000-07-31,3.6819075112418806,-0.5343079846905869,-0.27310954515129676,37.5,62.5
2000-08-31,3.6819075112418806,-0.5343079846905869,-0.27310954515129676,37.5,62.5
2000-09-30,3.6819075112418806,-0.5343079846905869,-0.27310954515129676,37.5,62.5
2000-10-31,3.5111442164952242,-0.7308959870571945,-0.5018824480653468,30.0,70.0
2000-11-30,3.5111442164952242,-0.7308959870571945,-0.5018824480653468,30.0,70.0
2000-12-31,3.5111442164952242,-0.7308959870571945,-0.5018824480653468,30.0,70.0
2001-01-31,3.192653279573621,-0.8400240528279159,-0.8983026240747025,22.5,77.5
2001-02-28,3.192653279573621,-0.8400240528279159,-0.8983026240747025,22.5,77.5
2001-03-31,3.192653279573621,-0.8400240528279159,-0.8983026240747025,22.5,77.5
2001-04-30,2.8862737891617076,-1.0186648991046892,-1.2875011075595488,15.0,85.0
2001-05-31,2.8862737891617076,-1.0186648991046892,-1.2875011075595488,15.0,85.0
2001-06-30,2.8862737891617076,-1.0186648991046892,-1.2875011075595488,15.0,85.0
2001-07-31,2.718265181238976,-0.9636423300029047,-1.5195148969654346,12.5,87.5
2001-08-31,2.718265181238976,-0.9636423300029047,-1.5195148969654346,12.5,87.5
2001-09-30,2.718265181238976,-0.9636423300029047,-1.5195148969654346,12.5,87.5
2001-10-31,2.6450580267381567,-0.8660861897570675,-1.6291565293593633,7.5,92.5
2001-11-30,2.6450580267381567,-0.8660861897570675,-1.6291565293593633,7.5,92.5
2001-12-31,2.6450580267381567,-0.8660861897570675,-1.6291565293593633,7.5,92.5
2002-01-31,2.43129153309198,-0.7613617464816409,-1.8700369924812634,0.0,100.0
2002-02-28,2.43129153309198,-0.7613617464816409,-1.8700369924812634,0.0,100.0
2002-03-31,2.43129153309198,-0.7613617464816409,-1.8700369924812634,0.0,100.0
2002-04-30,2.0007529778914805,-0.8855208112702271,-2.2818664084370024,0.0,100.0
2002-05-31,2.0007529778914805,-0.8855208112702271,-2.2818664084370024,0.0,100.0
2002-06-30,2.0007529778914805,-0.8855208112702271,-2.2818664084370024,0.0,100.0
2002-07-31,2.3098531783077316,-0.40841200293124436,-1.8788633626237505,2.5,97.5
2002-08-31,2.3098531783077316,-0.40841200293124436,-1.8788633626237505,2.5,97.5
2002-09-30,2.3098531783077316,-0.40841200293124436,-1.8788633626237505,2.5,97.5
2002-10-31,2.6768504122381516,0.03179238549999486,-1.4424821685312765,10.0,90.0
2002-11-30,2.6768504122381516,0.03179238549999486,-1.4424821685312765,10.0,90.0
2002-12-31,2.6768504122381516,0.03179238549999486,-1.4424821685312765,10.0,90.0
2003-01-31,3.008230138492312,0.5769386054003318,-1.0768579374246097,20.0,80.0
2003-02-28,3.008230138492312,0.5769386054003318,-1.0768579374246097,20.0,80.0
2003-03-31,3.008230138492312,0.5769386054003318,-1.0768579374246097,20.0,80.0
2003-04-30,3.4587922702757066,1.458039292384226,-0.5847015132599952,27.500000000000004,72.5
2003-05-31,3.4587922702757066,1.458039292384226,-0.5847015132599952,27.500000000000004,72.5
2003-06-30,3.4587922702757066,1.458039292384226,-0.5847015132599952,27.500000000000004,72.5
2003-07-31,3.6793834339122347,1.369530255604503,-0.3513255941521611,35.0,65.0
2003-08-31,3.6793834339122347,1.369530255604503,-0.3513255941521611,35.0,65.0
2003-09-30,3.6793834339122347,1.369530255604503,-0.3513255941521611,35.0,65.0
2003-10-31,3.6968326814821513,1.0199822692439997,-0.3346037229314014,37.5,62.5
2003-11-30,3.6968326814821513,1.0199822692439997,-0.3346037229314014,37.5,62.5
2003-12-31,3.6968326814821513,1.0199822692439997,-0.3346037229314014,37.5,62.5
2004-01-31,4.058825246516081,1.050595108023769,0.061282442153414954,45.0,55.0
2004-02-29,4.058825246516081,1.050595108023769,0.061282442153414954,45.0,55.0
2004-03-31,4.058825246516081,1.050595108023769,0.061282442153414954,45.0,55.0
2004-04-30,4.398990353196515,0.9401980829208085,0.43416535867218436,65.0,35.0
2004-05-31,4.398990353196515,0.9401980829208085,0.43416535867218436,65.0,35.0
2004-06-30,4.398990353196515,0.9401980829208085,0.43416535867218436,65.0,35.0
2004-07-31,5.003815639181305,1.32443220526907,1.0752917859827424,82.5,17.5
2004-08-31,5.003815639181305,1.32443220526907,1.0752917859827424,82.5,17.5
2004-09-30,5.003815639181305,1.32443220526907,1.0752917859827424,82.5,17.5
2004-10-31,5.492277992277992,1.7954453107958406,1.537560426387945,100.0,0.0
2004-11-30,5.492277992277992,1.7954453107958406,1.537560426387945,100.0,0.0
2004-12-31,5.492277992277992,1.7954453107958406,1.537560426387945,100.0,0.0
2005-01-31,5.7170563329567035,1.6582310864406224,1.6842637099432072,100.0,0.0
2005-02-28,5.7170563329567035,1.6582310864406224,1.6842637099432072,100.0,0.0
2005-03-31,5.7170563329567035,1.6582310864406224,1.6842637099432072,100.0,0.0
2005-04-30,5.650967021693872,1.251976668497357,1.5450301670679014,97.5,2.5
2005-05-31,5.650967021693872,1.251976668497357,1.5450301670679014,97.5,2.5
2005-06-30,5.650967021693872,1.251976668497357,1.5450301670679014,97.5,2.5
2005-07-31,6.674783175210717,1.670967536029412,2.340995567303576,100.0,0.0
2005-08-31,6.674783175210717,1.670967536029412,2.340995567303576,100.0,0.0
2005-09-30,6.674783175210717,1.670967536029412,2.340995567303576,100.0,0.0
2005-10-31,6.857946626161259,1.365668633883267,2.2848611523096594,100.0,0.0
2005-11-30,6.857946626161259,1.365668633883267,2.2848611523096594,100.0,0.0
2005-12-31,6.857946626161259,1.365668633883267,2.2848611523096594,100.0,0.0
2006-01-31,6.724776183433622,1.007719850476919,2.0099413189744966,97.5,2.5
2006-02-28,6.724776183433622,1.007719850476919,2.0099413189744966,97.5,2.5
2006-03-31,6.724776183433622,1.007719850476919,2.0099413189744966,97.5,2.5
2006-04-30,7.61534726704633,1.9643802453524577,2.462751643007006,100.0,0.0
2006-05-31,7.61534726704633,1.9643802453524577,2.462751643007006,100.0,0.0
2006-06-30,7.61534726704633,1.9643802453524577,2.462751643007006,100.0,0.0
2006-07-31,7.813310828507406,1.1385276532966895,2.3665125262653164,100.0,0.0
2006-08-31,7.813310828507406,1.1385276532966895,2.3665125262653164,100.0,0.0
2006-09-30,7.813310828507406,1.1385276532966895,2.3665125262653164,100.0,0.0
2006-10-31,7.843497893350513,0.9855512671892539,2.1927353447823488,100.0,0.0
2006-11-30,7.843497893350513,0.9855512671892539,2.1927353447823488,100.0,0.0
2006-12-31,7.843497893350513,0.9855512671892539,2.1927353447823488,100.0,0.0
2007-01-31,7.963412112902875,1.238635929469253,2.096388151017966,100.0,0.0
2007-02-28,7.963412112902875,1.238635929469253,2.096388151017966,100.0,0.0
2007-03-31,7.963412112902875,1.238635929469253,2.096388151017966,100.0,0.0
2007-04-30,6.919226297536594,-0.6961209695097361,1.3905779920734154,90.0,10.0
2007-05-31,6.919226297536594,-0.6961209695097361,1.3905779920734154,90.0,10.0
2007-06-30,6.919226297536594,-0.6961209695097361,1.3905779920734154,90.0,10.0
2007-07-31,6.167402571623916,-1.64590825688349,0.9114009143234263,80.0,20.0
2007-08-31,6.167402571623916,-1.64590825688349,0.9114009143234263,80.0,20.0
2007-09-30,6.167402571623916,-1.64590825688349,0.9114009143234263,80.0,20.0
2007-10-31,5.761525755218437,-2.081972138132076,0.6560674583926118,77.5,22.5
2007-11-30,5.761525755218437,-2.081972138132076,0.6560674583926118,77.5,22.5
2007-12-31,5.761525755218437,-2.081972138132076,0.6560674583926118,77.5,22.5
2008-01-31,4.859085488817495,-3.10432662408538,0.1251733030941401,60.0,40.0
2008-02-29,4.859085488817495,-3.10432662408538,0.1251733030941401,60.0,40.0
2008-03-31,4.859085488817495,-3.10432662408538,0.1251733030941401,60.0,40.0
2008-04-30,4.717034579042146,-2.202191718494448,0.04511263486382246,60.0,40.0
2008-05-31,4.717034579042146,-2.202191718494448,0.04511263486382246,60.0,40.0
2008-06-30,4.717034579042146,-2.202191718494448,0.04511263486382246,60.0,40.0
2008-07-31,4.0622325857303325,-2.1051699858935837,-0.34188582800365386,42.5,57.5
2008-08-31,4.0622325857303325,-2.1051699858935837,-0.34188582800365386,42.5,57.5
2008-09-30,4.0622325857303325,-2.1051699858935837,-0.34188582800365386,42.5,57.5
2008-10-31,4.023319873351051,-1.738205881867386,-0.36052242899679043,37.5,62.5
2008-11-30,4.023319873351051,-1.738205881867386,-0.36052242899679043,37.5,62.5
2008-12-31,4.023319873351051,-1.738205881867386,-0.36052242899679043,37.5,62.5
2009-01-31,4.116684142020391,-0.742401346797104,-0.3009092988261485,47.5,52.5
2009-02-28,4.116684142020391,-0.742401346797104,-0.3009092988261485,47.5,52.5
2009-03-31,4.116684142020391,-0.742401346797104,-0.3009092988261485,47.5,52.5
2009-04-30,2.9705627705627706,-1.746471808479375,-0.9534477678579163,17.5,82.5
2009-05-31,2.9705627705627706,-1.746471808479375,-0.9534477678579163,17.5,82.5
2009-06-30,2.9705627705627706,-1.746471808479375,-0.9534477678579163,17.5,82.5
2009-07-31,3.169873746403915,-0.8923588393264175,-0.814253367816295,22.5,77.5
2009-08-31,3.169873746403915,-0.8923588393264175,-0.814253367816295,22.5,77.5
2009-09-30,3.169873746403915,-0.8923588393264175,-0.814253367816295,22.5,77.5
2009-10-31,3.2856787882000584,-0.7376410851509925,-0.7280141170047928,27.500000000000004,72.5
2009-11-30,3.2856787882000584,-0.7376410851509925,-0.7280141170047928,27.500000000000004,72.5
2009-12-31,3.2856787882000584,-0.7376410851509925,-0.7280141170047928,27.500000000000004,72.5
2010-01-31,3.57993367675684,-0.5367504652635513,-0.549458255585557,35.0,65.0
2010-02-28,3.57993367675684,-0.5367504652635513,-0.549458255585557,35.0,65.0
2010-03-31,3.57993367675684,-0.5367504652635513,-0.549458255585557,35.0,65.0
2010-04-30,4.164392818719741,1.1938300481569706,-0.21587235900835913,57.49999999999999,42.50000000000001
2010-05-31,4.164392818719741,1.1938300481569706,-0.21587235900835913,57.49999999999999,42.50000000000001
2010-06-30,4.164392818719741,1.1938300481569706,-0.21587235900835913,57.49999999999999,42.50000000000001
2010-07-31,4.395395538265958,1.2255217918620427,-0.0929045559460989,57.49999999999999,42.50000000000001
2010-08-31,4.395395538265958,1.2255217918620427,-0.0929045559460989,57.49999999999999,42.50000000000001
2010-09-30,4.395395538265958,1.2255217918620427,-0.0929045559460989,57.49999999999999,42.50000000000001
2010-10-31,4.429059301413002,1.1433805132129433,-0.08710174321139376,60.0,40.0
2010-11-30,4.429059301413002,1.1433805132129433,-0.08710174321139376,60.0,40.0
2010-12-31,4.429059301413002,1.1433805132129433,-0.08710174321139376,60.0,40.0
2011-01-31,4.607332311682188,1.027398634925348,-0.0038509905066012977,60.0,40.0
2011-02-28,4.607332311682188,1.027398634925348,-0.0038509905066012977,60.0,40.0
2011-03-31,4.607332311682188,1.027398634925348,-0.0038509905066012977,60.0,40.0
2011-04-30,4.455051736529305,0.290658917809564,-0.11801488651629645,57.49999999999999,42.50000000000001
2011-05-31,4.455051736529305,0.290658917809564,-0.11801488651629645,57.49999999999999,42.50000000000001
2011-06-30,4.455051736529305,0.290658917809564,-0.11801488651629645,57.49999999999999,42.50000000000001
2011-07-31,4.287154595454244,-0.10824094281171348,-0.24557240857645518,47.5,52.5
2011-08-31,4.287154595454244,-0.10824094281171348,-0.24557240857645518,47.5,52.5
2011-09-30,4.287154595454244,-0.10824094281171348,-0.24557240857645518,47.5,52.5
2011-10-31,4.560663220157422,0.13160391874442023,-0.11108026790420107,57.49999999999999,42.50000000000001
2011-11-30,4.560663220157422,0.13160391874442023,-0.11108026790420107,57.49999999999999,42.50000000000001
2011-12-31,4.560663220157422,0.13160391874442023,-0.11108026790420107,57.49999999999999,42.50000000000001
2012-01-31,4.475257667023593,-0.1320746446585952,-0.2008896008948581,55.00000000000001,44.99999999999999
2012-02-29,4.475257667023593,-0.1320746446585952,-0.2008896008948581,55.00000000000001,44.99999999999999
2012-03-31,4.475257667023593,-0.1320746446585952,-0.2008896008948581,55.00000000000001,44.99999999999999
2012-04-30,4.506048380445933,0.05099664391662806,-0.23072448820521985,55.00000000000001,44.99999999999999
2012-05-31,4.506048380445933,0.05099664391662806,-0.23072448820521985,55.00000000000001,44.99999999999999
2012-06-30,4.506048380445933,0.05099664391662806,-0.23072448820521985,55.00000000000001,44.99999999999999
2012-07-31,5.240138250350516,0.952983654896272,0.2156386966391787,67.5,32.5
2012-08-31,5.240138250350516,0.952983654896272,0.2156386966391787,67.5,32.5
2012-09-30,5.240138250350516,0.952983654896272,0.2156386966391787,67.5,32.5
2012-10-31,5.1637981292428865,0.6031349090854645,0.12415625144278995,65.0,35.0
2012-11-30,5.1637981292428865,0.6031349090854645,0.12415625144278995,65.0,35.0
2012-12-31,5.1637981292428865,0.6031349090854645,0.12415625144278995,65.0,35.0
2013-01-31,5.150738699293362,0.6754810322697695,0.07881569103898821,62.5,37.5
2013-02-28,5.150738699293362,0.6754810322697695,0.07881569103898821,62.5,37.5
2013-03-31,5.150738699293362,0.6754810322697695,0.07881569103898821,62.5,37.5
2013-04-30,5.216650403330731,0.7106020228847978,0.09658268698993899,65.0,35.0
2013-05-31,5.216650403330731,0.7106020228847978,0.09658268698993899,65.0,35.0
2013-06-30,5.216650403330731,0.7106020228847978,0.09658268698993899,65.0,35.0
2013-07-31,5.459313884137039,0.21917563378652272,0.24747708605693453,67.5,32.5
2013-08-31,5.459313884137039,0.21917563378652272,0.24747708605693453,67.5,32.5
2013-09-30,5.459313884137039,0.21917563378652272,0.24747708605693453,67.5,32.5
2013-10-31,5.426088519374014,0.26229039013112754,0.1926777423226177,65.0,35.0
2013-11-30,5.426088519374014,0.26229039013112754,0.1926777423226177,65.0,35.0
2013-12-31,5.426088519374014,0.26229039013112754,0.1926777423226177,65.0,35.0
2014-01-31,5.447664234307279,0.2969255350139166,0.18430414359238478,65.0,35.0
2014-02-28,5.447664234307279,0.2969255350139166,0.18430414359238478,65.0,35.0
2014-03-31,5.447664234307279,0.2969255350139166,0.18430414359238478,65.0,35.0
2014-04-30,5.462690861468554,0.2460404581378226,0.17620057526488908,67.5,32.5
2014-05-31,5.462690861468554,0.2460404581378226,0.17620057526488908,67.5,32.5
2014-06-30,5.462690861468554,0.2460404581378226,0.17620057526488908,67.5,32.5
2014-07-31,5.31227530708713,-0.1470385770499094,0.05335167638064532,57.49999999999999,42.50000000000001
2014-08-31,5.31227530708713,-0.1470385770499094,0.05335167638064532,57.49999999999999,42.50000000000001
2014-09-30,5.31227530708713,-0.1470385770499094,0.05335167638064532,57.49999999999999,42.50000000000001
2014-10-31,5.524242982975406,0.09815446360139202,0.21747196715484246,70.0,30.0
2014-11-30,5.524242982975406,0.09815446360139202,0.21747196715484246,70.0,30.0
2014-12-31,5.524242982975406,0.09815446360139202,0.21747196715484246,70.0,30.0
2015-01-31,5.728637169500963,0.2809729351936836,0.3760766867322129,75.0,25.0
2015-02-28,5.728637169500963,0.2809729351936836,0.3760766867322129,75.0,25.0
2015-03-31,5.728637169500963,0.2809729351936836,0.3760766867322129,75.0,25.0
2015-04-30,5.625736595391085,0.16304573392253108,0.2966416455424301,70.0,30.0
2015-05-31,5.625736595391085,0.16304573392253108,0.2966416455424301,70.0,30.0
2015-06-30,5.625736595391085,0.16304573392253108,0.2966416455424301,70.0,30.0
2015-07-31,5.2337691274493805,-0.07850617963774909,0.020305462011986544,52.5,47.5
2015-08-31,5.2337691274493805,-0.07850617963774909,0.020305462011986544,52.5,47.5
2015-09-30,5.2337691274493805,-0.07850617963774909,0.020305462011986544,52.5,47.5
2015-10-31,5.240686967959696,-0.28355601501571037,0.05905518562702737,57.49999999999999,42.50000000000001
2015-11-30,5.240686967959696,-0.28355601501571037,0.05905518562702737,57.49999999999999,42.50000000000001
2015-12-31,5.240686967959696,-0.28355601501571037,0.05905518562702737,57.49999999999999,42.50000000000001
2016-01-31,5.208203245879841,-0.5204339236211215,0.06480715110892454,50.0,50.0
2016-02-29,5.208203245879841,-0.5204339236211215,0.06480715110892454,50.0,50.0
2016-03-31,5.208203245879841,-0.5204339236211215,0.06480715110892454,50.0,50.0
2016-04-30,4.719314687893968,-0.9064219074971165,-0.29568252221032737,42.5,57.5
2016-05-31,4.719314687893968,-0.9064219074971165,-0.29568252221032737,42.5,57.5
2016-06-30,4.719314687893968,-0.9064219074971165,-0.29568252221032737,42.5,57.5
2016-07-31,4.927411085808305,-0.30635804164107583,-0.05490192346889865,47.5,52.5
2016-08-31,4.927411085808305,-0.30635804164107583,-0.05490192346889865,47.5,52.5
2016-09-30,4.927411085808305,-0.30635804164107583,-0.05490192346889865,47.5,52.5
2016-10-31,4.886710942979818,-0.353976024979878,-0.02598819509696824,47.5,52.5
2016-11-30,4.886710942979818,-0.353976024979878,-0.02598819509696824,47.5,52.5
2016-12-31,4.886710942979818,-0.353976024979878,-0.02598819509696824,47.5,52.5
2017-01-31,4.763289053323598,-0.44491419255624276,-0.0844698476510479,45.0,55.0
2017-02-28,4.763289053323598,-0.44491419255624276,-0.0844698476510479,45.0,55.0
2017-03-31,4.763289053323598,-0.44491419255624276,-0.0844698476510479,45.0,55.0
2017-04-30,4.648094398557831,-0.07122028933613755,-0.1730779295038872,40.0,60.0
2017-05-31,4.648094398557831,-0.07122028933613755,-0.1730779295038872,40.0,60.0
2017-06-30,4.648094398557831,-0.07122028933613755,-0.1730779295038872,40.0,60.0
2017-07-31,4.8704469646430955,-0.056964121165209214,0.18481396945139306,52.5,47.5
2017-08-31,4.8704469646430955,-0.056964121165209214,0.18481396945139306,52.5,47.5
2017-09-30,4.8704469646430955,-0.056964121165209214,0.18481396945139306,52.5,47.5
2017-10-31,4.837155513628859,-0.049555429350959024,0.1751196802696035,50.0,50.0
2017-11-30,4.837155513628859,-0.049555429350959024,0.1751196802696035,50.0,50.0
2017-12-31,4.837155513628859,-0.049555429350959024,0.1751196802696035,50.0,50.0
2018-01-31,4.797901068226653,0.03461201490305488,0.11927836769779449,50.0,50.0
2018-02-28,4.797901068226653,0.03461201490305488,0.11927836769779449,50.0,50.0
2018-03-31,4.797901068226653,0.03461201490305488,0.11927836769779449,50.0,50.0
2018-04-30,4.320714391278151,-0.32738000727967975,-0.5707636051471047,22.5,77.5
2018-05-31,4.320714391278151,-0.32738000727967975,-0.5707636051471047,22.5,77.5
2018-06-30,4.320714391278151,-0.32738000727967975,-0.5707636051471047,22.5,77.5
2018-07-31,4.586067763090597,-0.28437920155249863,-0.20082853848384208,40.0,60.0
2018-08-31,4.586067763090597,-0.28437920155249863,-0.20082853848384208,40.0,60.0
2018-09-30,4.586067763090597,-0.28437920155249863,-0.20082853848384208,40.0,60.0
2018-10-31,4.853012102562945,0.0158565889340867,0.16905260728326263,55.00000000000001,44.99999999999999
2018-11-30,4.853012102562945,0.0158565889340867,0.16905260728326263,55.00000000000001,44.99999999999999
2018-12-31,4.853012102562945,0.0158565889340867,0.16905260728326263,55.00000000000001,44.99999999999999
2019-01-31,4.722655120247391,-0.07524594797926198,-0.051842516582280423,45.0,55.0
2019-02-28,4.722655120247391,-0.07524594797926198,-0.051842516582280423,45.0,55.0
2019-03-31,4.722655120247391,-0.07524594797926198,-0.051842516582280423,45.0,55.0
2019-04-30,4.557184774701877,0.23647038342372628,-0.4076265833835055,30.0,70.0
2019-05-31,4.557184774701877,0.23647038342372628,-0.4076265833835055,30.0,70.0
2019-06-30,4.557184774701877,0.23647038342372628,-0.4076265833835055,30.0,70.0
2019-07-31,4.237899565196617,-0.3481681978939797,-1.0993121917148971,10.0,90.0
2019-08-31,4.237899565196617,-0.3481681978939797,-1.0993121917148971,10.0,90.0
2019-09-30,4.237899565196617,-0.3481681978939797,-1.0993121917148971,10.0,90.0
2019-10-31,4.228491978271021,-0.6245201242919247,-1.285567240769496,7.5,92.5
2019-11-30,4.228491978271021,-0.6245201242919247,-1.285567240769496,7.5,92.5
2019-12-31,4.228491978271021,-0.6245201242919247,-1.285567240769496,7.5,92.5
2020-01-31,4.413194035917128,-0.3094610843302634,-1.030148800233269,17.5,82.5
2020-02-29,4.413194035917128,-0.3094610843302634,-1.030148800233269,17.5,82.5
2020-03-31,4.413194035917128,-0.3094610843302634,-1.030148800233269,17.5,82.5
2020-04-30,4.733781447519467,0.17659667281759006,-0.3463777857785912,45.0,55.0
2020-05-31,4.733781447519467,0.17659667281759006,-0.3463777857785912,45.0,55.0
2020-06-30,4.733781447519467,0.17659667281759006,-0.3463777857785912,45.0,55.0
2020-07-31,4.680380249616043,0.4424806844194258,-0.49526086226936744,37.5,62.5
2020-08-31,4.680380249616043,0.4424806844194258,-0.49526086226936744,37.5,62.5
2020-09-30,4.680380249616043,0.4424806844194258,-0.49526086226936744,37.5,62.5
2020-10-31,4.721879102794061,0.4933871245230401,-0.41965965419110485,40.0,60.0
2020-11-30,4.721879102794061,0.4933871245230401,-0.41965965419110485,40.0,60.0
2020-12-31,4.721879102794061,0.4933871245230401,-0.41965965419110485,40.0,60.0
2021-01-31,7.0454327484273165,2.6322387125101887,3.915205885634803,100.0,0.0
2021-02-28,7.0454327484273165,2.6322387125101887,3.915205885634803,100.0,0.0
2021-03-31,7.0454327484273165,2.6322387125101887,3.915205885634803,100.0,0.0
2021-04-30,6.669486030232772,1.9357045827133046,2.8005727548928006,97.5,2.5
2021-05-31,6.669486030232772,1.9357045827133046,2.8005727548928006,97.5,2.5
2021-06-30,6.669486030232772,1.9357045827133046,2.8005727548928006,97.5,2.5
2021-07-31,7.423729866772719,2.7433496171566762,3.3692919054089288,100.0,0.0
2021-08-31,7.423729866772719,2.7433496171566762,3.3692919054089288,100.0,0.0
2021-09-30,7.423729866772719,2.7433496171566762,3.3692919054089288,100.0,0.0
2021-10-31,8.487993667798731,3.7661145650046706,3.788517835408085,100.0,0.0
2021-11-30,8.487993667798731,3.7661145650046706,3.788517835408085,100.0,0.0
2021-12-31,8.487993667798731,3.7661145650046706,3.788517835408085,100.0,0.0
2022-01-31,8.300484106686154,1.2550513582588376,3.0401678229272275,97.5,2.5
2022-02-28,8.300484106686154,1.2550513582588376,3.0401678229272275,97.5,2.5
2022-03-31,8.300484106686154,1.2550513582588376,3.0401678229272275,97.5,2.5
2022-04-30,8.241890082260664,1.572404052027892,2.6321408072157695,95.0,5.0
2022-05-31,8.241890082260664,1.572404052027892,2.6321408072157695,95.0,5.0
2022-06-30,8.241890082260664,1.572404052027892,2.6321408072157695,95.0,5.0
2022-07-31,8.329417636461022,0.9056877696883028,2.4286136149450255,97.5,2.5
2022-08-31,8.329417636461022,0.9056877696883028,2.4286136149450255,97.5,2.5
2022-09-30,8.329417636461022,0.9056877696883028,2.4286136149450255,97.5,2.5
2022-10-31,9.232364963686138,0.7443712958874062,2.775464298895843,100.0,0.0
2022-11-30,9.232364963686138,0.7443712958874062,2.775464298895843,100.0,0.0
2022-12-31,9.232364963686138,0.7443712958874062,2.775464298895843,100.0,0.0
2023-01-31,9.185313683045202,0.8848295763590475,2.447916734649124,97.5,2.5
2023-02-28,9.185313683045202,0.8848295763590475,2.447916734649124,97.5,2.5
2023-03-31,9.185313683045202,0.8848295763590475,2.447916734649124,97.5,2.5
2023-04-30,9.511065655986704,1.2691755737260397,2.397841232450801,100.0,0.0
2023-05-31,9.511065655986704,1.2691755737260397,2.397841232450801,100.0,0.0
2023-06-30,9.511065655986704,1.2691755737260397,2.397841232450801,100.0,0.0
2023-07-31,11.485963064960313,3.1565454284992907,3.087855227139099,100.0,0.0
2023-08-31,11.485963064960313,3.1565454284992907,3.087855227139099,100.0,0.0
2023-09-30,11.485963064960313,3.1565454284992907,3.087855227139099,100.0,0.0
2023-10-31,12.858192442854644,3.625827479168507,3.203538819437743,100.0,0.0
2023-11-30,12.858192442854644,3.625827479168507,3.203538819437743,100.0,0.0
2023-12-31,12.858192442854644,3.625827479168507,3.203538819437743,100.0,0.0
2024-01-31,14.284753449959867,5.099439766914665,3.222666673419802,100.0,0.0
2024-02-29,14.284753449959867,5.099439766914665,3.222666673419802,100.0,0.0
2024-03-31,14.284753449959867,5.099439766914665,3.222666673419802,100.0,0.0
2024-04-30,15.263298634323368,5.752232978336664,3.0603883780171306,100.0,0.0
2024-05-31,15.263298634323368,5.752232978336664,3.0603883780171306,100.0,0.0
2024-06-30,15.263298634323368,5.752232978336664,3.0603883780171306,100.0,0.0
2024-07-31,15.215602708712959,3.7296396437526464,2.671481260049252,97.5,2.5
2024-08-31,15.215602708712959,3.7296396437526464,2.671481260049252,97.5,2.5
2024-09-30,15.215602708712959,3.7296396437526464,2.671481260049252,97.5,2.5
2024-10-31,15.605669198125986,2.7474767552713413,2.4897316027555516,100.0,0.0
2024-11-30,15.605669198125986,2.7474767552713413,2.4897316027555516,100.0,0.0
2024-12-31,15.605669198125986,2.7474767552713413,2.4897316027555516,100.0,0.0
2025-01-31,15.649756528105835,1.3650030781459677,2.2649363376005156,100.0,0.0
2025-02-28,15.649756528105835,1.3650030781459677,2.2649363376005156,100.0,0.0
2025-03-31,15.649756528105835,1.3650030781459677,2.2649363376005156,100.0,0.0
2025-04-30,16.128523988201536,0.8652253538781682,2.179723305510905,100.0,0.0
2025-05-31,16.128523988201536,0.8652253538781682,2.179723305510905,100.0,0.0
2025-06-30,16.128523988201536,0.8652253538781682,2.179723305510905,100.0,0.0
2025-07-31,13.941787366970964,-1.2738153417419955,1.5252897272745372,85.0,15.0
2025-08-31,13.941787366970964,-1.2738153417419955,1.5252897272745372,85.0,15.0
2025-09-30,13.941787366970964,-1.2738153417419955,1.5252897272745372,85.0,15.0
2025-10-31,14.06747606930813,-1.5381931288178556,1.4664098558406446,85.0,15.0
2025-11-30,14.06747606930813,-1.5381931288178556,1.4664098558406446,85.0,15.0
2025-12-31,14.06747606930813,-1.5381931288178556,1.4664098558406446,85.0,15.0
2026-01-31,15.226724125016853,-0.4230324030889818,1.6361669547180684,90.0,10.0
