time,ICR,pctl_5y,pctl_10y,zscore_level,delta_4q,delta_delta,slope_4q,delta_zscore,consecutive_declines
1999-08-31,4.216215495932468,10.0,55.00000000000001,0.4162263734746088,-0.05223942662080461,0.7881460116321222,-0.04406758515194616,-0.38020265465339936,0.0
1999-09-30,4.216215495932468,10.0,55.00000000000001,0.4162263734746088,-0.05223942662080461,0.7881460116321222,-0.04406758515194616,-0.38020265465339936,0.0
1999-10-31,4.242040203552419,10.0,55.00000000000001,0.407498159964222,-0.057598785617256176,-0.005359358996451569,-0.03561478592709924,-0.41286700081419186,0.0
1999-11-30,4.242040203552419,10.0,55.00000000000001,0.407498159964222,-0.057598785617256176,-0.005359358996451569,-0.03561478592709924,-0.41286700081419186,0.0
1999-12-31,4.242040203552419,10.0,55.00000000000001,0.407498159964222,-0.057598785617256176,-0.005359358996451569,-0.03561478592709924,-0.41286700081419186,0.0
2000-01-31,4.032677332401537,0.0,45.0,0.16762889107546258,-0.33954500201559945,-0.2819462163983433,-0.04215941830033498,-1.0068640359459566,1.0
2000-02-29,4.032677332401537,0.0,45.0,0.16762889107546258,-0.33954500201559945,-0.2819462163983433,-0.04215941830033498,-1.0068640359459566,1.0
2000-03-31,4.032677332401537,0.0,45.0,0.16762889107546258,-0.33954500201559945,-0.2819462163983433,-0.04215941830033498,-1.0068640359459566,1.0
2000-04-30,3.904938688266397,0.0,40.0,0.0009436860233178279,-0.27687827434290524,0.06266672767269421,-0.11431932941491006,-0.9113723233985687,2.0
2000-05-31,3.904938688266397,0.0,40.0,0.0009436860233178279,-0.27687827434290524,0.06266672767269421,-0.11431932941491006,-0.9113723233985687,2.0
2000-06-30,3.904938688266397,0.0,40.0,0.0009436860233178279,-0.27687827434290524,0.06266672767269421,-0.11431932941491006,-0.9113723233985687,2.0
2000-07-31,3.6819075112418806,0.0,37.5,-0.27310954515129676,-0.5343079846905869,-0.2574297103476817,-0.18081367210667595,-1.4374011115868626,3.0
2000-08-31,3.6819075112418806,0.0,37.5,-0.27310954515129676,-0.5343079846905869,-0.2574297103476817,-0.18081367210667595,-1.4374011115868626,3.0
2000-09-30,3.6819075112418806,0.0,37.5,-0.27310954515129676,-0.5343079846905869,-0.2574297103476817,-0.18081367210667595,-1.4374011115868626,3.0
2000-10-31,3.5111442164952242,0.0,30.0,-0.5018824480653468,-0.7308959870571945,-0.19658800236660756,-0.17876305247434618,-1.7553851125558688,4.0
2000-11-30,3.5111442164952242,0.0,30.0,-0.5018824480653468,-0.7308959870571945,-0.19658800236660756,-0.17876305247434618,-1.7553851125558688,4.0
2000-12-31,3.5111442164952242,0.0,30.0,-0.5018824480653468,-0.7308959870571945,-0.19658800236660756,-0.17876305247434618,-1.7553851125558688,4.0
2001-01-31,3.192653279573621,0.0,22.5,-0.8983026240747025,-0.8400240528279159,-0.10912806577072143,-0.2307619520824986,-1.8432488723835094,5.0
2001-02-28,3.192653279573621,0.0,22.5,-0.8983026240747025,-0.8400240528279159,-0.10912806577072143,-0.2307619520824986,-1.8432488723835094,5.0
2001-03-31,3.192653279573621,0.0,22.5,-0.8983026240747025,-0.8400240528279159,-0.10912806577072143,-0.2307619520824986,-1.8432488723835094,5.0
2001-04-30,2.8862737891617076,0.0,15.0,-1.2875011075595488,-1.0186648991046892,-0.17864084627677324,-0.2705392103162126,-2.0183120160035655,6.0
2001-05-31,2.8862737891617076,0.0,15.0,-1.2875011075595488,-1.0186648991046892,-0.17864084627677324,-0.2705392103162126,-2.0183120160035655,6.0
2001-06-30,2.8862737891617076,0.0,15.0,-1.2875011075595488,-1.0186648991046892,-0.17864084627677324,-0.2705392103162126,-2.0183120160035655,6.0
2001-07-31,2.718265181238976,0.0,12.5,-1.5195148969654346,-0.9636423300029047,0.05502256910178449,-0.26850165961806627,-1.7929648421199829,7.0
2001-08-31,2.718265181238976,0.0,12.5,-1.5195148969654346,-0.9636423300029047,0.05502256910178449,-0.26850165961806627,-1.7929648421199829,7.0
2001-09-30,2.718265181238976,0.0,12.5,-1.5195148969654346,-0.9636423300029047,0.05502256910178449,-0.26850165961806627,-1.7929648421199829,7.0
2001-10-31,2.6450580267381567,0.0,7.5,-1.6291565293593633,-0.8660861897570675,0.09755614024583714,-0.1810794366429127,-1.5338995754651548,8.0
2001-11-30,2.6450580267381567,0.0,7.5,-1.6291565293593633,-0.8660861897570675,0.09755614024583714,-0.1810794366429127,-1.5338995754651548,8.0
2001-12-31,2.6450580267381567,0.0,7.5,-1.6291565293593633,-0.8660861897570675,0.09755614024583714,-0.1810794366429127,-1.5338995754651548,8.0
2002-01-31,2.43129153309198,0.0,0.0,-1.8700369924812634,-0.7613617464816409,0.10472444327542663,-0.1438153922710007,-1.2926327629331242,9.0
2002-02-28,2.43129153309198,0.0,0.0,-1.8700369924812634,-0.7613617464816409,0.10472444327542663,-0.1438153922710007,-1.2926327629331242,9.0
2002-03-31,2.43129153309198,0.0,0.0,-1.8700369924812634,-0.7613617464816409,0.10472444327542663,-0.1438153922710007,-1.2926327629331242,9.0
2002-04-30,2.0007529778914805,0.0,0.0,-2.2818664084370024,-0.8855208112702271,-0.12415906478858618,-0.23663031036886675,-1.4156690023147007,10.0
2002-05-31,2.0007529778914805,0.0,0.0,-2.2818664084370024,-0.8855208112702271,-0.12415906478858618,-0.23663031036886675,-1.4156690023147007,10.0
2002-06-30,2.0007529778914805,0.0,0.0,-2.2818664084370024,-0.8855208112702271,-0.12415906478858618,-0.23663031036886675,-1.4156690023147007,10.0
2002-07-31,2.3098531783077316,5.0,2.5,-1.8788633626237505,-0.40841200293124436,0.4771088083389827,-0.1436153100491779,-0.6189025120432725,0.0
2002-08-31,2.3098531783077316,5.0,2.5,-1.8788633626237505,-0.40841200293124436,0.4771088083389827,-0.1436153100491779,-0.6189025120432725,0.0
2002-09-30,2.3098531783077316,5.0,2.5,-1.8788633626237505,-0.40841200293124436,0.4771088083389827,-0.1436153100491779,-0.6189025120432725,0.0
2002-10-31,2.6768504122381516,20.0,10.0,-1.4424821685312765,0.03179238549999486,0.4402043884312392,0.10457768378547615,0.10802207455190846,0.0
2002-11-30,2.6768504122381516,20.0,10.0,-1.4424821685312765,0.03179238549999486,0.4402043884312392,0.10457768378547615,0.10802207455190846,0.0
2002-12-31,2.6768504122381516,20.0,10.0,-1.4424821685312765,0.03179238549999486,0.4402043884312392,0.10457768378547615,0.10802207455190846,0.0
2003-01-31,3.008230138492312,35.0,20.0,-1.0768579374246097,0.5769386054003318,0.545146219900337,0.33894287157329134,0.9796638481992946,0.0
2003-02-28,3.008230138492312,35.0,20.0,-1.0768579374246097,0.5769386054003318,0.545146219900337,0.33894287157329134,0.9796638481992946,0.0
2003-03-31,3.008230138492312,35.0,20.0,-1.0768579374246097,0.5769386054003318,0.545146219900337,0.33894287157329134,0.9796638481992946,0.0
2003-04-30,3.4587922702757066,45.0,27.500000000000004,-0.5847015132599952,1.458039292384226,0.8811006869838942,0.37781970021580824,2.2378155430844666,0.0
2003-05-31,3.4587922702757066,45.0,27.500000000000004,-0.5847015132599952,1.458039292384226,0.8811006869838942,0.37781970021580824,2.2378155430844666,0.0
2003-06-30,3.4587922702757066,45.0,27.500000000000004,-0.5847015132599952,1.458039292384226,0.8811006869838942,0.37781970021580824,2.2378155430844666,0.0
2003-07-31,3.6793834339122347,55.00000000000001,35.0,-0.3513255941521611,1.369530255604503,-0.088509036779723,0.3458161196805644,1.982723965964732,0.0
2003-08-31,3.6793834339122347,55.00000000000001,35.0,-0.3513255941521611,1.369530255604503,-0.088509036779723,0.3458161196805644,1.982723965964732,0.0
2003-09-30,3.6793834339122347,55.00000000000001,35.0,-0.3513255941521611,1.369530255604503,-0.088509036779723,0.3458161196805644,1.982723965964732,0.0
2003-10-31,3.6968326814821513,65.0,37.5,-0.3346037229314014,1.0199822692439997,-0.3495479863605033,0.2286398792606041,1.4347788767901883,0.0
2003-11-30,3.6968326814821513,65.0,37.5,-0.3346037229314014,1.0199822692439997,-0.3495479863605033,0.2286398792606041,1.4347788767901883,0.0
2003-12-31,3.6968326814821513,65.0,37.5,-0.3346037229314014,1.0199822692439997,-0.3495479863605033,0.2286398792606041,1.4347788767901883,0.0
2004-01-31,4.058825246516081,80.0,45.0,0.061282442153414954,1.050595108023769,0.03061283877976928,0.18175481762910342,1.4400523718156597,0.0
2004-02-29,4.058825246516081,80.0,45.0,0.061282442153414954,1.050595108023769,0.03061283877976928,0.18175481762910342,1.4400523718156597,0.0
2004-03-31,4.058825246516081,80.0,45.0,0.061282442153414954,1.050595108023769,0.03061283877976928,0.18175481762910342,1.4400523718156597,0.0
2004-04-30,4.398990353196515,100.0,65.0,0.43416535867218436,0.9401980829208085,-0.11039702510296046,0.2520813322886763,1.2727785607088489,0.0
2004-05-31,4.398990353196515,100.0,65.0,0.43416535867218436,0.9401980829208085,-0.11039702510296046,0.2520813322886763,1.2727785607088489,0.0
2004-06-30,4.398990353196515,100.0,65.0,0.43416535867218436,0.9401980829208085,-0.11039702510296046,0.2520813322886763,1.2727785607088489,0.0
2004-07-31,5.003815639181305,100.0,82.5,1.0752917859827424,1.32443220526907,0.3842341223482615,0.42611139797778824,1.7529841272745461,0.0
2004-08-31,5.003815639181305,100.0,82.5,1.0752917859827424,1.32443220526907,0.3842341223482615,0.42611139797778824,1.7529841272745461,0.0
2004-09-30,5.003815639181305,100.0,82.5,1.0752917859827424,1.32443220526907,0.3842341223482615,0.42611139797778824,1.7529841272745461,0.0
2004-10-31,5.492277992277992,100.0,100.0,1.537560426387945,1.7954453107958406,0.47101310552677056,0.4905183523270517,2.227665260720283,0.0
2004-11-30,5.492277992277992,100.0,100.0,1.537560426387945,1.7954453107958406,0.47101310552677056,0.4905183523270517,2.227665260720283,0.0
2004-12-31,5.492277992277992,100.0,100.0,1.537560426387945,1.7954453107958406,0.47101310552677056,0.4905183523270517,2.227665260720283,0.0
2005-01-31,5.7170563329567035,100.0,100.0,1.6842637099432072,1.6582310864406224,-0.13721422435521813,0.44426602923772446,1.9476787281974859,0.0
2005-02-28,5.7170563329567035,100.0,100.0,1.6842637099432072,1.6582310864406224,-0.13721422435521813,0.44426602923772446,1.9476787281974859,0.0
2005-03-31,5.7170563329567035,100.0,100.0,1.6842637099432072,1.6582310864406224,-0.13721422435521813,0.44426602923772446,1.9476787281974859,0.0
2005-04-30,5.650967021693872,95.0,97.5,1.5450301670679014,1.251976668497357,-0.40625441794326544,0.21662324882164014,1.393601212445366,1.0
2005-05-31,5.650967021693872,95.0,97.5,1.5450301670679014,1.251976668497357,-0.40625441794326544,0.21662324882164014,1.393601212445366,1.0
2005-06-30,5.650967021693872,95.0,97.5,1.5450301670679014,1.251976668497357,-0.40625441794326544,0.21662324882164014,1.393601212445366,1.0
2005-07-31,6.674783175210717,100.0,100.0,2.340995567303576,1.670967536029412,0.41899086753205506,0.348142623753533,1.787237912430796,0.0
2005-08-31,6.674783175210717,100.0,100.0,2.340995567303576,1.670967536029412,0.41899086753205506,0.348142623753533,1.787237912430796,0.0
2005-09-30,6.674783175210717,100.0,100.0,2.340995567303576,1.670967536029412,0.41899086753205506,0.348142623753533,1.787237912430796,0.0
2005-10-31,6.857946626161259,100.0,100.0,2.2848611523096594,1.365668633883267,-0.30529890214614497,0.44464870331304973,1.3614825917680766,0.0
2005-11-30,6.857946626161259,100.0,100.0,2.2848611523096594,1.365668633883267,-0.30529890214614497,0.44464870331304973,1.3614825917680766,0.0
2005-12-31,6.857946626161259,100.0,100.0,2.2848611523096594,1.365668633883267,-0.30529890214614497,0.44464870331304973,1.3614825917680766,0.0
2006-01-31,6.724776183433622,95.0,97.5,2.0099413189744966,1.007719850476919,-0.35794878340634817,0.3404590936169784,0.9190507791014667,1.0
2006-02-28,6.724776183433622,95.0,97.5,2.0099413189744966,1.007719850476919,-0.35794878340634817,0.3404590936169784,0.9190507791014667,1.0
2006-03-31,6.724776183433622,95.0,97.5,2.0099413189744966,1.007719850476919,-0.35794878340634817,0.3404590936169784,0.9190507791014667,1.0
2006-04-30,7.61534726704633,100.0,100.0,2.462751643007006,1.9643802453524577,0.9566603948755388,0.2688521832779199,1.8519574738291344,0.0
2006-05-31,7.61534726704633,100.0,100.0,2.462751643007006,1.9643802453524577,0.9566603948755388,0.2688521832779199,1.8519574738291344,0.0
2006-06-30,7.61534726704633,100.0,100.0,2.462751643007006,1.9643802453524577,0.9566603948755388,0.2688521832779199,1.8519574738291344,0.0
2006-07-31,7.813310828507406,100.0,100.0,2.3665125262653164,1.1385276532966895,-0.8258525920557682,0.37566636906511447,0.9336870801266606,0.0
2006-08-31,7.813310828507406,100.0,100.0,2.3665125262653164,1.1385276532966895,-0.8258525920557682,0.37566636906511447,0.9336870801266606,0.0
2006-09-30,7.813310828507406,100.0,100.0,2.3665125262653164,1.1385276532966895,-0.8258525920557682,0.37566636906511447,0.9336870801266606,0.0
2006-10-31,7.843497893350513,100.0,100.0,2.1927353447823488,0.9855512671892539,-0.15297638610743558,0.35541286912117365,0.7566360099160185,0.0
2006-11-30,7.843497893350513,100.0,100.0,2.1927353447823488,0.9855512671892539,-0.15297638610743558,0.35541286912117365,0.7566360099160185,0.0
2006-12-31,7.843497893350513,100.0,100.0,2.1927353447823488,0.9855512671892539,-0.15297638610743558,0.35541286912117365,0.7566360099160185,0.0
2007-01-31,7.963412112902875,100.0,100.0,2.096388151017966,1.238635929469253,0.25308466227999915,0.1074381602412742,0.9916865081081746,0.0
2007-02-28,7.963412112902875,100.0,100.0,2.096388151017966,1.238635929469253,0.25308466227999915,0.1074381602412742,0.9916865081081746,0.0
2007-03-31,7.963412112902875,100.0,100.0,2.096388151017966,1.238635929469253,0.25308466227999915,0.1074381602412742,0.9916865081081746,0.0
2007-04-30,6.919226297536594,80.0,90.0,1.3905779920734154,-0.6961209695097361,-1.9347568989789892,-0.25623393733600874,-0.9805899814312293,1.0
2007-05-31,6.919226297536594,80.0,90.0,1.3905779920734154,-0.6961209695097361,-1.9347568989789892,-0.25623393733600874,-0.9805899814312293,1.0
2007-06-30,6.919226297536594,80.0,90.0,1.3905779920734154,-0.6961209695097361,-1.9347568989789892,-0.25623393733600874,-0.9805899814312293,1.0
2007-07-31,6.167402571623916,60.0,80.0,0.9114009143234263,-1.64590825688349,-0.9497872873737538,-0.6072471780546079,-1.8257639382945623,2.0
2007-08-31,6.167402571623916,60.0,80.0,0.9114009143234263,-1.64590825688349,-0.9497872873737538,-0.6072471780546079,-1.8257639382945623,2.0
2007-09-30,6.167402571623916,60.0,80.0,0.9114009143234263,-1.64590825688349,-0.9497872873737538,-0.6072471780546079,-1.8257639382945623,2.0
2007-10-31,5.761525755218437,55.00000000000001,77.5,0.6560674583926118,-2.081972138132076,-0.43606388124858597,-0.7357482798966006,-2.0754792467283885,3.0
2007-11-30,5.761525755218437,55.00000000000001,77.5,0.6560674583926118,-2.081972138132076,-0.43606388124858597,-0.7357482798966006,-2.0754792467283885,3.0
2007-12-31,5.761525755218437,55.00000000000001,77.5,0.6560674583926118,-2.081972138132076,-0.43606388124858597,-0.7357482798966006,-2.0754792467283885,3.0
2008-01-31,4.859085488817495,30.0,60.0,0.1251733030941401,-3.10432662408538,-1.0223544859533042,-0.6586299242562791,-2.659593632683472,4.0
2008-02-29,4.859085488817495,30.0,60.0,0.1251733030941401,-3.10432662408538,-1.0223544859533042,-0.6586299242562791,-2.659593632683472,4.0
2008-03-31,4.859085488817495,30.0,60.0,0.1251733030941401,-3.10432662408538,-1.0223544859533042,-0.6586299242562791,-2.659593632683472,4.0
2008-04-30,4.717034579042146,25.0,60.0,0.04511263486382246,-2.202191718494448,0.9021349055909322,-0.5253544244146257,-1.7846006200318947,5.0
2008-05-31,4.717034579042146,25.0,60.0,0.04511263486382246,-2.202191718494448,0.9021349055909322,-0.5253544244146257,-1.7846006200318947,5.0
2008-06-30,4.717034579042146,25.0,60.0,0.04511263486382246,-2.202191718494448,0.9021349055909322,-0.5253544244146257,-1.7846006200318947,5.0
2008-07-31,4.0622325857303325,15.0,42.5,-0.34188582800365386,-2.1051699858935837,0.09702173260086422,-0.5239930418239678,-1.6313670610087292,6.0
2008-08-31,4.0622325857303325,15.0,42.5,-0.34188582800365386,-2.1051699858935837,0.09702173260086422,-0.5239930418239678,-1.6313670610087292,6.0
2008-09-30,4.0622325857303325,15.0,42.5,-0.34188582800365386,-2.1051699858935837,0.09702173260086422,-0.5239930418239678,-1.6313670610087292,6.0
2008-10-31,4.023319873351051,5.0,37.5,-0.36052242899679043,-1.738205881867386,0.3669641040261977,-0.31620988397111505,-1.3048813498298748,7.0
2008-11-30,4.023319873351051,5.0,37.5,-0.36052242899679043,-1.738205881867386,0.3669641040261977,-0.31620988397111505,-1.3048813498298748,7.0
2008-12-31,4.023319873351051,5.0,37.5,-0.36052242899679043,-1.738205881867386,0.3669641040261977,-0.31620988397111505,-1.3048813498298748,7.0
2009-01-31,4.116684142020391,15.0,47.5,-0.3009092988261485,-0.742401346797104,0.995804535070282,-0.18399640234445497,-0.5479071522183325,0.0
2009-02-28,4.116684142020391,15.0,47.5,-0.3009092988261485,-0.742401346797104,0.995804535070282,-0.18399640234445497,-0.5479071522183325,0.0
2009-03-31,4.116684142020391,15.0,47.5,-0.3009092988261485,-0.742401346797104,0.995804535070282,-0.18399640234445497,-0.5479071522183325,0.0
2009-04-30,2.9705627705627706,0.0,17.5,-0.9534477678579163,-1.746471808479375,-1.004070461682271,-0.31816451768333553,-1.2769673435302058,1.0
2009-05-31,2.9705627705627706,0.0,17.5,-0.9534477678579163,-1.746471808479375,-1.004070461682271,-0.31816451768333553,-1.2769673435302058,1.0
2009-06-30,2.9705627705627706,0.0,17.5,-0.9534477678579163,-1.746471808479375,-1.004070461682271,-0.31816451768333553,-1.2769673435302058,1.0
2009-07-31,3.169873746403915,5.0,22.5,-0.814253367816295,-0.8923588393264175,0.8541129691529576,-0.3706459752299037,-0.6156505770737786,0.0
2009-08-31,3.169873746403915,5.0,22.5,-0.814253367816295,-0.8923588393264175,0.8541129691529576,-0.3706459752299037,-0.6156505770737786,0.0
2009-09-30,3.169873746403915,5.0,22.5,-0.814253367816295,-0.8923588393264175,0.8541129691529576,-0.3706459752299037,-0.6156505770737786,0.0
2009-10-31,3.2856787882000584,10.0,27.500000000000004,-0.7280141170047928,-0.7376410851509925,0.154717754175425,-0.22937050856198596,-0.48562381250726977,0.0
2009-11-30,3.2856787882000584,10.0,27.500000000000004,-0.7280141170047928,-0.7376410851509925,0.154717754175425,-0.22937050856198596,-0.48562381250726977,0.0
2009-12-31,3.2856787882000584,10.0,27.500000000000004,-0.7280141170047928,-0.7376410851509925,0.154717754175425,-0.22937050856198596,-0.48562381250726977,0.0
2010-01-31,3.57993367675684,15.0,35.0,-0.549458255585557,-0.5367504652635513,0.20089061988744117,0.19439177603783495,-0.3317401679007035,0.0
2010-02-28,3.57993367675684,15.0,35.0,-0.549458255585557,-0.5367504652635513,0.20089061988744117,0.19439177603783495,-0.3317401679007035,0.0
2010-03-31,3.57993367675684,15.0,35.0,-0.549458255585557,-0.5367504652635513,0.20089061988744117,0.19439177603783495,-0.3317401679007035,0.0
2010-04-30,4.164392818719741,35.0,57.49999999999999,-0.21587235900835913,1.1938300481569706,1.7305805134205219,0.3277812105504255,0.9205356455028046,0.0
2010-05-31,4.164392818719741,35.0,57.49999999999999,-0.21587235900835913,1.1938300481569706,1.7305805134205219,0.3277812105504255,0.9205356455028046,0.0
2010-06-30,4.164392818719741,35.0,57.49999999999999,-0.21587235900835913,1.1938300481569706,1.7305805134205219,0.3277812105504255,0.9205356455028046,0.0
2010-07-31,4.395395538265958,40.0,57.49999999999999,-0.0929045559460989,1.2255217918620427,0.031691743705072106,0.39136093921605947,0.9031214777530132,0.0
2010-08-31,4.395395538265958,40.0,57.49999999999999,-0.0929045559460989,1.2255217918620427,0.031691743705072106,0.39136093921605947,0.9031214777530132,0.0
2010-09-30,4.395395538265958,40.0,57.49999999999999,-0.0929045559460989,1.2255217918620427,0.031691743705072106,0.39136093921605947,0.9031214777530132,0.0
2010-10-31,4.429059301413002,45.0,60.0,-0.08710174321139376,1.1433805132129433,-0.08214127864909937,0.27783795935146993,0.8049093284852421,0.0
2010-11-30,4.429059301413002,45.0,60.0,-0.08710174321139376,1.1433805132129433,-0.08214127864909937,0.27783795935146993,0.8049093284852421,0.0
2010-12-31,4.429059301413002,45.0,60.0,-0.08710174321139376,1.1433805132129433,-0.08214127864909937,0.27783795935146993,0.8049093284852421,0.0
2011-01-31,4.607332311682188,50.0,60.0,-0.0038509905066012977,1.027398634925348,-0.11598187828759521,0.13624822420343766,0.686081493560114,0.0
2011-02-28,4.607332311682188,50.0,60.0,-0.0038509905066012977,1.027398634925348,-0.11598187828759521,0.13624822420343766,0.686081493560114,0.0
2011-03-31,4.607332311682188,50.0,60.0,-0.0038509905066012977,1.027398634925348,-0.11598187828759521,0.13624822420343766,0.686081493560114,0.0
2011-04-30,4.455051736529305,50.0,57.49999999999999,-0.11801488651629645,0.290658917809564,-0.7367397171157841,0.035724160505922,0.12834958152472975,1.0
2011-05-31,4.455051736529305,50.0,57.49999999999999,-0.11801488651629645,0.290658917809564,-0.7367397171157841,0.035724160505922,0.12834958152472975,1.0
2011-06-30,4.455051736529305,50.0,57.49999999999999,-0.11801488651629645,0.290658917809564,-0.7367397171157841,0.035724160505922,0.12834958152472975,1.0
2011-07-31,4.287154595454244,40.0,47.5,-0.24557240857645518,-0.10824094281171348,-0.39889986062127747,-0.05779946930291632,-0.18080601877516964,2.0
2011-08-31,4.287154595454244,40.0,47.5,-0.24557240857645518,-0.10824094281171348,-0.39889986062127747,-0.05779946930291632,-0.18080601877516964,2.0
2011-09-30,4.287154595454244,40.0,47.5,-0.24557240857645518,-0.10824094281171348,-0.39889986062127747,-0.05779946930291632,-0.18080601877516964,2.0
2011-10-31,4.560663220157422,60.0,57.49999999999999,-0.11108026790420107,0.13160391874442023,0.23984486155613371,-0.03079044156493672,-0.022371316563819292,0.0
2011-11-30,4.560663220157422,60.0,57.49999999999999,-0.11108026790420107,0.13160391874442023,0.23984486155613371,-0.03079044156493672,-0.022371316563819292,0.0
2011-12-31,4.560663220157422,60.0,57.49999999999999,-0.11108026790420107,0.13160391874442023,0.23984486155613371,-0.03079044156493672,-0.022371316563819292,0.0
2012-01-31,4.475257667023593,60.0,55.00000000000001,-0.2008896008948581,-0.1320746446585952,-0.26367856340301543,0.03341264161860371,-0.2313487814232116,1.0
2012-02-29,4.475257667023593,60.0,55.00000000000001,-0.2008896008948581,-0.1320746446585952,-0.26367856340301543,0.03341264161860371,-0.2313487814232116,1.0
2012-03-31,4.475257667023593,60.0,55.00000000000001,-0.2008896008948581,-0.1320746446585952,-0.26367856340301543,0.03341264161860371,-0.2313487814232116,1.0
2012-04-30,4.506048380445933,65.0,55.00000000000001,-0.23072448820521985,0.05099664391662806,0.18307128857522326,0.05712758018412311,-0.11293016134259912,0.0
2012-05-31,4.506048380445933,65.0,55.00000000000001,-0.23072448820521985,0.05099664391662806,0.18307128857522326,0.05712758018412311,-0.11293016134259912,0.0
2012-06-30,4.506048380445933,65.0,55.00000000000001,-0.23072448820521985,0.05099664391662806,0.18307128857522326,0.05712758018412311,-0.11293016134259912,0.0
2012-07-31,5.240138250350516,90.0,67.5,0.2156386966391787,0.952983654896272,0.901987010979644,0.20692158040016184,0.5406060409746282,0.0
2012-08-31,5.240138250350516,90.0,67.5,0.2156386966391787,0.952983654896272,0.901987010979644,0.20692158040016184,0.5406060409746282,0.0
2012-09-30,5.240138250350516,90.0,67.5,0.2156386966391787,0.952983654896272,0.901987010979644,0.20692158040016184,0.5406060409746282,0.0
2012-10-31,5.1637981292428865,90.0,65.0,0.12415625144278995,0.6031349090854645,-0.3498487458108075,0.2799711256562453,0.2663120093373734,1.0
2012-11-30,5.1637981292428865,90.0,65.0,0.12415625144278995,0.6031349090854645,-0.3498487458108075,0.2799711256562453,0.2663120093373734,1.0
2012-12-31,5.1637981292428865,90.0,65.0,0.12415625144278995,0.6031349090854645,-0.3498487458108075,0.2799711256562453,0.2663120093373734,1.0
2013-01-31,5.150738699293362,90.0,62.5,0.07881569103898821,0.6754810322697695,0.072346123184305,0.18577308354346547,0.31871704203804035,2.0
2013-02-28,5.150738699293362,90.0,62.5,0.07881569103898821,0.6754810322697695,0.072346123184305,0.18577308354346547,0.31871704203804035,2.0
2013-03-31,5.150738699293362,90.0,62.5,0.07881569103898821,0.6754810322697695,0.072346123184305,0.18577308354346547,0.31871704203804035,2.0
2013-04-30,5.216650403330731,95.0,65.0,0.09658268698993899,0.7106020228847978,0.03512099061502827,-0.008352297100888745,0.3624999789699009,0.0
2013-05-31,5.216650403330731,95.0,65.0,0.09658268698993899,0.7106020228847978,0.03512099061502827,-0.008352297100888745,0.3624999789699009,0.0
2013-06-30,5.216650403330731,95.0,65.0,0.09658268698993899,0.7106020228847978,0.03512099061502827,-0.008352297100888745,0.3624999789699009,0.0
2013-07-31,5.459313884137039,100.0,67.5,0.24747708605693453,0.21917563378652272,-0.4914263890982751,0.09524589687198205,0.011492374741717494,0.0
2013-08-31,5.459313884137039,100.0,67.5,0.24747708605693453,0.21917563378652272,-0.4914263890982751,0.09524589687198205,0.011492374741717494,0.0
2013-09-30,5.459313884137039,100.0,67.5,0.24747708605693453,0.21917563378652272,-0.4914263890982751,0.09524589687198205,0.011492374741717494,0.0
2013-10-31,5.426088519374014,95.0,65.0,0.1926777423226177,0.26229039013112754,0.04311475634460482,0.10687129410482603,0.059358501018666986,1.0
2013-11-30,5.426088519374014,95.0,65.0,0.1926777423226177,0.26229039013112754,0.04311475634460482,0.10687129410482603,0.059358501018666986,1.0
2013-12-31,5.426088519374014,95.0,65.0,0.1926777423226177,0.26229039013112754,0.04311475634460482,0.10687129410482603,0.059358501018666986,1.0
2014-01-31,5.447664234307279,95.0,65.0,0.18430414359238478,0.2969255350139166,0.03463514488278907,0.0659816128166612,0.10113490889792986,0.0
2014-02-28,5.447664234307279,95.0,65.0,0.18430414359238478,0.2969255350139166,0.03463514488278907,0.0659816128166612,0.10113490889792986,0.0
2014-03-31,5.447664234307279,95.0,65.0,0.18430414359238478,0.2969255350139166,0.03463514488278907,0.0659816128166612,0.10113490889792986,0.0
2014-04-30,5.462690861468554,100.0,67.5,0.17620057526488908,0.2460404581378226,-0.050885076876094004,0.003170664692780133,0.07550671296994298,0.0
2014-05-31,5.462690861468554,100.0,67.5,0.17620057526488908,0.2460404581378226,-0.050885076876094004,0.003170664692780133,0.07550671296994298,0.0
2014-06-30,5.462690861468554,100.0,67.5,0.17620057526488908,0.2460404581378226,-0.050885076876094004,0.003170664692780133,0.07550671296994298,0.0
2014-07-31,5.31227530708713,80.0,57.49999999999999,0.05335167638064532,-0.1470385770499094,-0.393079035187732,-0.03264130096993845,-0.20399351411966654,1.0
2014-08-31,5.31227530708713,80.0,57.49999999999999,0.05335167638064532,-0.1470385770499094,-0.393079035187732,-0.03264130096993845,-0.20399351411966654,1.0
2014-09-30,5.31227530708713,80.0,57.49999999999999,0.05335167638064532,-0.1470385770499094,-0.393079035187732,-0.03264130096993845,-0.20399351411966654,1.0
2014-10-31,5.524242982975406,100.0,70.0,0.21747196715484246,0.09815446360139202,0.24519304065130143,0.0079320691622951,0.02282040649241717,0.0
2014-11-30,5.524242982975406,100.0,70.0,0.21747196715484246,0.09815446360139202,0.24519304065130143,0.0079320691622951,0.02282040649241717,0.0
2014-12-31,5.524242982975406,100.0,70.0,0.21747196715484246,0.09815446360139202,0.24519304065130143,0.0079320691622951,0.02282040649241717,0.0
2015-01-31,5.728637169500963,100.0,75.0,0.3760766867322129,0.2809729351936836,0.1828184715922916,0.10098065999855006,0.20210976711440293,0.0
2015-02-28,5.728637169500963,100.0,75.0,0.3760766867322129,0.2809729351936836,0.1828184715922916,0.10098065999855006,0.20210976711440293,0.0
2015-03-31,5.728637169500963,100.0,75.0,0.3760766867322129,0.2809729351936836,0.1828184715922916,0.10098065999855006,0.20210976711440293,0.0
2015-04-30,5.625736595391085,95.0,70.0,0.2966416455424301,0.16304573392253108,-0.11792720127115253,0.11447780514374163,0.12914726968919227,1.0
2015-05-31,5.625736595391085,95.0,70.0,0.2966416455424301,0.16304573392253108,-0.11792720127115253,0.11447780514374163,0.12914726968919227,1.0
2015-06-30,5.625736595391085,95.0,70.0,0.2966416455424301,0.16304573392253108,-0.11792720127115253,0.11447780514374163,0.12914726968919227,1.0
2015-07-31,5.2337691274493805,55.00000000000001,52.5,0.020305462011986544,-0.07850617963774909,-0.24155191356028016,-0.09743221406879614,-0.03674580265032111,2.0
2015-08-31,5.2337691274493805,55.00000000000001,52.5,0.020305462011986544,-0.07850617963774909,-0.24155191356028016,-0.09743221406879614,-0.03674580265032111,2.0
2015-09-30,5.2337691274493805,55.00000000000001,52.5,0.020305462011986544,-0.07850617963774909,-0.24155191356028016,-0.09743221406879614,-0.03674580265032111,2.0
2015-10-31,5.240686967959696,60.0,57.49999999999999,0.05905518562702737,-0.28355601501571037,-0.2050498353779613,-0.1855818072565514,-0.18030426594407178,0.0
2015-11-30,5.240686967959696,60.0,57.49999999999999,0.05905518562702737,-0.28355601501571037,-0.2050498353779613,-0.1855818072565514,-0.18030426594407178,0.0
2015-12-31,5.240686967959696,60.0,57.49999999999999,0.05905518562702737,-0.28355601501571037,-0.2050498353779613,-0.1855818072565514,-0.18030426594407178,0.0
2016-01-31,5.208203245879841,40.0,50.0,0.06480715110892454,-0.5204339236211215,-0.23687790860541114,-0.1245682208023428,-0.357191405775011,1.0
2016-02-29,5.208203245879841,40.0,50.0,0.06480715110892454,-0.5204339236211215,-0.23687790860541114,-0.1245682208023428,-0.357191405775011,1.0
2016-03-31,5.208203245879841,40.0,50.0,0.06480715110892454,-0.5204339236211215,-0.23687790860541114,-0.1245682208023428,-0.357191405775011,1.0
2016-04-30,4.719314687893968,25.0,42.5,-0.29568252221032737,-0.9064219074971165,-0.385987983875995,-0.15758470407460962,-0.6601847804617842,2.0
2016-05-31,4.719314687893968,25.0,42.5,-0.29568252221032737,-0.9064219074971165,-0.385987983875995,-0.15758470407460962,-0.6601847804617842,2.0
2016-06-30,4.719314687893968,25.0,42.5,-0.29568252221032737,-0.9064219074971165,-0.385987983875995,-0.15758470407460962,-0.6601847804617842,2.0
2016-07-31,4.927411085808305,25.0,47.5,-0.05490192346889865,-0.30635804164107583,0.6000638658560407,-0.14287162044400512,-0.07809401672375994,0.0
2016-08-31,4.927411085808305,25.0,47.5,-0.05490192346889865,-0.30635804164107583,0.6000638658560407,-0.14287162044400512,-0.07809401672375994,0.0
2016-09-30,4.927411085808305,25.0,47.5,-0.05490192346889865,-0.30635804164107583,0.6000638658560407,-0.14287162044400512,-0.07809401672375994,0.0
2016-10-31,4.886710942979818,20.0,47.5,-0.02598819509696824,-0.353976024979878,-0.04761798333880218,-0.07563805107857395,-0.09287911369094433,1.0
2016-11-30,4.886710942979818,20.0,47.5,-0.02598819509696824,-0.353976024979878,-0.04761798333880218,-0.07563805107857395,-0.09287911369094433,1.0
2016-12-31,4.886710942979818,20.0,47.5,-0.02598819509696824,-0.353976024979878,-0.04761798333880218,-0.07563805107857395,-0.09287911369094433,1.0
2017-01-31,4.763289053323598,15.0,45.0,-0.0844698476510479,-0.44491419255624276,-0.09093816757636475,0.009122295346039757,-0.14319488764719873,2.0
2017-02-28,4.763289053323598,15.0,45.0,-0.0844698476510479,-0.44491419255624276,-0.09093816757636475,0.009122295346039757,-0.14319488764719873,2.0
2017-03-31,4.763289053323598,15.0,45.0,-0.0844698476510479,-0.44491419255624276,-0.09093816757636475,0.009122295346039757,-0.14319488764719873,2.0
2017-04-30,4.648094398557831,5.0,40.0,-0.1730779295038872,-0.07122028933613755,0.3736939032201052,-0.09613719514076503,0.2072296387583882,3.0
2017-05-31,4.648094398557831,5.0,40.0,-0.1730779295038872,-0.07122028933613755,0.3736939032201052,-0.09613719514076503,0.2072296387583882,3.0
2017-06-30,4.648094398557831,5.0,40.0,-0.1730779295038872,-0.07122028933613755,0.3736939032201052,-0.09613719514076503,0.2072296387583882,3.0
2017-07-31,4.8704469646430955,15.0,52.5,0.18481396945139306,-0.056964121165209214,0.01425616817092834,-0.016398658977594682,0.18663240573419568,0.0
2017-08-31,4.8704469646430955,15.0,52.5,0.18481396945139306,-0.056964121165209214,0.01425616817092834,-0.016398658977594682,0.18663240573419568,0.0
2017-09-30,4.8704469646430955,15.0,52.5,0.18481396945139306,-0.056964121165209214,0.01425616817092834,-0.016398658977594682,0.18663240573419568,0.0
2017-10-31,4.837155513628859,15.0,50.0,0.1751196802696035,-0.049555429350959024,0.00740869181425019,0.04439519470010422,0.14993551836765387,1.0
2017-11-30,4.837155513628859,15.0,50.0,0.1751196802696035,-0.049555429350959024,0.00740869181425019,0.04439519470010422,0.14993551836765387,1.0
2017-12-31,4.837155513628859,15.0,50.0,0.1751196802696035,-0.049555429350959024,0.00740869181425019,0.04439519470010422,0.14993551836765387,1.0
2018-01-31,4.797901068226653,15.0,50.0,0.11927836769779449,0.03461201490305488,0.0841674442540139,0.04161285579922234,0.1794806095110985,2.0
2018-02-28,4.797901068226653,15.0,50.0,0.11927836769779449,0.03461201490305488,0.0841674442540139,0.04161285579922234,0.1794806095110985,2.0
2018-03-31,4.797901068226653,15.0,50.0,0.11927836769779449,0.03461201490305488,0.0841674442540139,0.04161285579922234,0.1794806095110985,2.0
2018-04-30,4.320714391278151,0.0,22.5,-0.5707636051471047,-0.32738000727967975,-0.36199202218273463,-0.16884521654970452,-0.3445496696475102,3.0
2018-05-31,4.320714391278151,0.0,22.5,-0.5707636051471047,-0.32738000727967975,-0.36199202218273463,-0.16884521654970452,-0.3445496696475102,3.0
2018-06-30,4.320714391278151,0.0,22.5,-0.5707636051471047,-0.32738000727967975,-0.36199202218273463,-0.16884521654970452,-0.3445496696475102,3.0
2018-07-31,4.586067763090597,5.0,40.0,-0.20082853848384208,-0.28437920155249863,0.043000805727181124,-0.1230449928563293,-0.3860772332351609,0.0
2018-08-31,4.586067763090597,5.0,40.0,-0.20082853848384208,-0.28437920155249863,0.043000805727181124,-0.1230449928563293,-0.3860772332351609,0.0
2018-09-30,4.586067763090597,5.0,40.0,-0.20082853848384208,-0.28437920155249863,0.043000805727181124,-0.1230449928563293,-0.3860772332351609,0.0
2018-10-31,4.853012102562945,35.0,55.00000000000001,0.16905260728326263,0.0158565889340867,0.30023579048658533,0.04306864748213082,-0.010528984399271022,0.0
2018-11-30,4.853012102562945,35.0,55.00000000000001,0.16905260728326263,0.0158565889340867,0.30023579048658533,0.04306864748213082,-0.010528984399271022,0.0
2018-12-31,4.853012102562945,35.0,55.00000000000001,0.16905260728326263,0.0158565889340867,0.30023579048658533,0.04306864748213082,-0.010528984399271022,0.0
2019-01-31,4.722655120247391,20.0,45.0,-0.051842516582280423,-0.07524594797926198,-0.09110253691334869,0.14727665263800613,-0.18763336161861557,1.0
2019-02-28,4.722655120247391,20.0,45.0,-0.051842516582280423,-0.07524594797926198,-0.09110253691334869,0.14727665263800613,-0.18763336161861557,1.0
2019-03-31,4.722655120247391,20.0,45.0,-0.051842516582280423,-0.07524594797926198,-0.09110253691334869,0.14727665263800613,-0.18763336161861557,1.0
2019-04-30,4.557184774701877,5.0,30.0,-0.4076265833835055,0.23647038342372628,0.31171633140298827,-0.021700594748172115,0.2754514473063959,2.0
2019-05-31,4.557184774701877,5.0,30.0,-0.4076265833835055,0.23647038342372628,0.31171633140298827,-0.021700594748172115,0.2754514473063959,2.0
2019-06-30,4.557184774701877,5.0,30.0,-0.4076265833835055,0.23647038342372628,0.31171633140298827,-0.021700594748172115,0.2754514473063959,2.0
2019-07-31,4.237899565196617,0.0,10.0,-1.0993121917148971,-0.3481681978939797,-0.584638581317706,-0.20108079576445076,-0.8700650749117088,3.0
2019-08-31,4.237899565196617,0.0,10.0,-1.0993121917148971,-0.3481681978939797,-0.584638581317706,-0.20108079576445076,-0.8700650749117088,3.0
2019-09-30,4.237899565196617,0.0,10.0,-1.0993121917148971,-0.3481681978939797,-0.584638581317706,-0.20108079576445076,-0.8700650749117088,3.0
2019-10-31,4.228491978271021,0.0,7.5,-1.285567240769496,-0.6245201242919247,-0.27635192639794504,-0.18017746354343747,-1.421467280129237,4.0
2019-11-30,4.228491978271021,0.0,7.5,-1.285567240769496,-0.6245201242919247,-0.27635192639794504,-0.18017746354343747,-1.421467280129237,4.0
2019-12-31,4.228491978271021,0.0,7.5,-1.285567240769496,-0.6245201242919247,-0.27635192639794504,-0.18017746354343747,-1.421467280129237,4.0
2020-01-31,4.413194035917128,15.0,17.5,-1.030148800233269,-0.3094610843302634,0.3150590399616613,-0.04413798032798538,-0.8285090765316139,0.0
2020-02-29,4.413194035917128,15.0,17.5,-1.030148800233269,-0.3094610843302634,0.3150590399616613,-0.04413798032798538,-0.8285090765316139,0.0
2020-03-31,4.413194035917128,15.0,17.5,-1.030148800233269,-0.3094610843302634,0.3150590399616613,-0.04413798032798538,-0.8285090765316139,0.0
2020-04-30,4.733781447519467,45.0,45.0,-0.3463777857785912,0.17659667281759006,0.4860577571478535,0.16723477046146532,0.19169724759483595,0.0
2020-05-31,4.733781447519467,45.0,45.0,-0.3463777857785912,0.17659667281759006,0.4860577571478535,0.16723477046146532,0.19169724759483595,0.0
2020-06-30,4.733781447519467,45.0,45.0,-0.3463777857785912,0.17659667281759006,0.4860577571478535,0.16723477046146532,0.19169724759483595,0.0
2020-07-31,4.680380249616043,35.0,37.5,-0.49526086226936744,0.4424806844194258,0.2658840116018357,0.16762522256374007,0.8505383343814296,1.0
2020-08-31,4.680380249616043,35.0,37.5,-0.49526086226936744,0.4424806844194258,0.2658840116018357,0.16762522256374007,0.8505383343814296,1.0
2020-09-30,4.680380249616043,35.0,37.5,-0.49526086226936744,0.4424806844194258,0.2658840116018357,0.16762522256374007,0.8505383343814296,1.0
2020-10-31,4.721879102794061,45.0,40.0,-0.41965965419110485,0.4933871245230401,0.05090644010361434,0.08726540027273666,1.0739724867948017,0.0
2020-11-30,4.721879102794061,45.0,40.0,-0.41965965419110485,0.4933871245230401,0.05090644010361434,0.08726540027273666,1.0739724867948017,0.0
2020-12-31,4.721879102794061,45.0,40.0,-0.41965965419110485,0.4933871245230401,0.05090644010361434,0.08726540027273666,1.0739724867948017,0.0
2021-01-31,7.0454327484273165,100.0,100.0,3.915205885634803,2.6322387125101887,2.1388515879871486,0.6976452755901561,4.52533846629545,0.0
2021-02-28,7.0454327484273165,100.0,100.0,3.915205885634803,2.6322387125101887,2.1388515879871486,0.6976452755901561,4.52533846629545,0.0
2021-03-31,7.0454327484273165,100.0,100.0,3.915205885634803,2.6322387125101887,2.1388515879871486,0.6976452755901561,4.52533846629545,0.0
2021-04-30,6.669486030232772,95.0,97.5,2.8005727548928006,1.9357045827133046,-0.6965341297968841,0.829087098748344,2.8528013613164176,1.0
2021-05-31,6.669486030232772,95.0,97.5,2.8005727548928006,1.9357045827133046,-0.6965341297968841,0.829087098748344,2.8528013613164176,1.0
2021-06-30,6.669486030232772,95.0,97.5,2.8005727548928006,1.9357045827133046,-0.6965341297968841,0.829087098748344,2.8528013613164176,1.0
2021-07-31,7.423729866772719,100.0,100.0,3.3692919054089288,2.7433496171566762,0.8076450344433717,0.7729605573741423,3.370062061108264,0.0
2021-08-31,7.423729866772719,100.0,100.0,3.3692919054089288,2.7433496171566762,0.8076450344433717,0.7729605573741423,3.370062061108264,0.0
2021-09-30,7.423729866772719,100.0,100.0,3.3692919054089288,2.7433496171566762,0.8076450344433717,0.7729605573741423,3.370062061108264,0.0
2021-10-31,8.487993667798731,100.0,100.0,3.788517835408085,3.7661145650046706,1.0227649478479943,0.5081926594654178,3.6904086843177097,0.0
2021-11-30,8.487993667798731,100.0,100.0,3.788517835408085,3.7661145650046706,1.0227649478479943,0.5081926594654178,3.6904086843177097,0.0
2021-12-31,8.487993667798731,100.0,100.0,3.788517835408085,3.7661145650046706,1.0227649478479943,0.5081926594654178,3.6904086843177097,0.0
2022-01-31,8.300484106686154,95.0,97.5,3.0401678229272275,1.2550513582588376,-2.511063206745833,0.5957258030386144,0.9756694128118915,1.0
2022-02-28,8.300484106686154,95.0,97.5,3.0401678229272275,1.2550513582588376,-2.511063206745833,0.5957258030386144,0.9756694128118915,1.0
2022-03-31,8.300484106686154,95.0,97.5,3.0401678229272275,1.2550513582588376,-2.511063206745833,0.5957258030386144,0.9756694128118915,1.0
2022-04-30,8.241890082260664,90.0,95.0,2.6321408072157695,1.572404052027892,0.3173526937690543,0.22669710853512529,1.2447581141737365,2.0
2022-05-31,8.241890082260664,90.0,95.0,2.6321408072157695,1.572404052027892,0.3173526937690543,0.22669710853512529,1.2447581141737365,2.0
2022-06-30,8.241890082260664,90.0,95.0,2.6321408072157695,1.572404052027892,0.3173526937690543,0.22669710853512529,1.2447581141737365,2.0
2022-07-31,8.329417636461022,95.0,97.5,2.4286136149450255,0.9056877696883028,-0.6667162823395891,-0.05343221184386262,0.558686219504529,0.0
2022-08-31,8.329417636461022,95.0,97.5,2.4286136149450255,0.9056877696883028,-0.6667162823395891,-0.05343221184386262,0.558686219504529,0.0
2022-09-30,8.329417636461022,95.0,97.5,2.4286136149450255,0.9056877696883028,-0.6667162823395891,-0.05343221184386262,0.558686219504529,0.0
2022-10-31,9.232364963686138,100.0,100.0,2.775464298895843,0.7443712958874062,-0.16131647380089653,0.2883170125200296,0.3880667657386219,0.0
2022-11-30,9.232364963686138,100.0,100.0,2.775464298895843,0.7443712958874062,-0.16131647380089653,0.2883170125200296,0.3880667657386219,0.0
2022-12-31,9.232364963686138,100.0,100.0,2.775464298895843,0.7443712958874062,-0.16131647380089653,0.2883170125200296,0.3880667657386219,0.0
2023-01-31,9.185313683045202,95.0,97.5,2.447916734649124,0.8848295763590475,0.14045828047164122,0.3733218129578717,0.5262548977859826,1.0
2023-02-28,9.185313683045202,95.0,97.5,2.447916734649124,0.8848295763590475,0.14045828047164122,0.3733218129578717,0.5262548977859826,1.0
2023-03-31,9.185313683045202,95.0,97.5,2.447916734649124,0.8848295763590475,0.14045828047164122,0.3733218129578717,0.5262548977859826,1.0
2023-04-30,9.511065655986704,100.0,100.0,2.397841232450801,1.2691755737260397,0.38434599736699226,0.34978927779361,0.8989616181522426,0.0
2023-05-31,9.511065655986704,100.0,100.0,2.397841232450801,1.2691755737260397,0.38434599736699226,0.34978927779361,0.8989616181522426,0.0
2023-06-30,9.511065655986704,100.0,100.0,2.397841232450801,1.2691755737260397,0.38434599736699226,0.34978927779361,0.8989616181522426,0.0
2023-07-31,11.485963064960313,100.0,100.0,3.087855227139099,3.1565454284992907,1.887369854773251,0.7086546276764012,2.5106742682291996,0.0
2023-08-31,11.485963064960313,100.0,100.0,3.087855227139099,3.1565454284992907,1.887369854773251,0.7086546276764012,2.5106742682291996,0.0
2023-09-30,11.485963064960313,100.0,100.0,3.087855227139099,3.1565454284992907,1.887369854773251,0.7086546276764012,2.5106742682291996,0.0
2023-10-31,12.858192442854644,100.0,100.0,3.203538819437743,3.625827479168507,0.46928205066921613,1.2993533688401926,2.6024953908600015,0.0
2023-11-30,12.858192442854644,100.0,100.0,3.203538819437743,3.625827479168507,0.46928205066921613,1.2993533688401926,2.6024953908600015,0.0
2023-12-31,12.858192442854644,100.0,100.0,3.203538819437743,3.625827479168507,0.46928205066921613,1.2993533688401926,2.6024953908600015,0.0
2024-01-31,14.284753449959867,100.0,100.0,3.222666673419802,5.099439766914665,1.4736122877461586,1.5693292759813815,3.202761656156053,0.0
2024-02-29,14.284753449959867,100.0,100.0,3.222666673419802,5.099439766914665,1.4736122877461586,1.5693292759813815,3.202761656156053,0.0
2024-03-31,14.284753449959867,100.0,100.0,3.222666673419802,5.099439766914665,1.4736122877461586,1.5693292759813815,3.202761656156053,0.0
2024-04-30,15.263298634323368,100.0,100.0,3.0603883780171306,5.752232978336664,0.652793211421999,1.2758567715194375,3.0954774493693704,0.0
2024-05-31,15.263298634323368,100.0,100.0,3.0603883780171306,5.752232978336664,0.652793211421999,1.2758567715194375,3.0954774493693704,0.0
2024-06-30,15.263298634323368,100.0,100.0,3.0603883780171306,5.752232978336664,0.652793211421999,1.2758567715194375,3.0954774493693704,0.0
2024-07-31,15.215602708712959,95.0,97.5,2.671481260049252,3.7296396437526464,-2.022593334584018,0.8050775981938415,1.7086316304716593,1.0
2024-08-31,15.215602708712959,95.0,97.5,2.671481260049252,3.7296396437526464,-2.022593334584018,0.8050775981938415,1.7086316304716593,1.0
2024-09-30,15.215602708712959,95.0,97.5,2.671481260049252,3.7296396437526464,-2.022593334584018,0.8050775981938415,1.7086316304716593,1.0
2024-10-31,15.605669198125986,100.0,100.0,2.4897316027555516,2.7474767552713413,-0.9821628884813052,0.39150513188879366,1.0628988029761308,0.0
2024-11-30,15.605669198125986,100.0,100.0,2.4897316027555516,2.7474767552713413,-0.9821628884813052,0.39150513188879366,1.0628988029761308,0.0
2024-12-31,15.605669198125986,100.0,100.0,2.4897316027555516,2.7474767552713413,-0.9821628884813052,0.39150513188879366,1.0628988029761308,0.0
2025-01-31,15.649756528105835,100.0,100.0,2.2649363376005156,1.3650030781459677,-1.3824736771253736,0.15494401707604064,0.22244228367983432,0.0
2025-02-28,15.649756528105835,100.0,100.0,2.2649363376005156,1.3650030781459677,-1.3824736771253736,0.15494401707604064,0.22244228367983432,0.0
2025-03-31,15.649756528105835,100.0,100.0,2.2649363376005156,1.3650030781459677,-1.3824736771253736,0.15494401707604064,0.22244228367983432,0.0
2025-04-30,16.128523988201536,100.0,100.0,2.179723305510905,0.8652253538781682,-0.49977772426779943,0.27828511684455653,-0.08689247028141783,0.0
2025-05-31,16.128523988201536,100.0,100.0,2.179723305510905,0.8652253538781682,-0.49977772426779943,0.27828511684455653,-0.08689247028141783,0.0
2025-06-30,16.128523988201536,100.0,100.0,2.179723305510905,0.8652253538781682,-0.49977772426779943,0.27828511684455653,-0.08689247028141783,0.0
2025-07-31,13.941787366970964,70.0,85.0,1.5252897272745372,-1.2738153417419955,-2.1390406956201637,-0.45128780333693985,-1.3267110182373687,1.0
2025-08-31,13.941787366970964,70.0,85.0,1.5252897272745372,-1.2738153417419955,-2.1390406956201637,-0.45128780333693985,-1.3267110182373687,1.0
2025-09-30,13.941787366970964,70.0,85.0,1.5252897272745372,-1.2738153417419955,-2.1390406956201637,-0.45128780333693985,-1.3267110182373687,1.0
2025-10-31,14.06747606930813,70.0,85.0,1.4664098558406446,-1.5381931288178556,-0.2643777870758601,-0.6933577997623704,-1.434184615689866,0.0
2025-11-30,14.06747606930813,70.0,85.0,1.4664098558406446,-1.5381931288178556,-0.2643777870758601,-0.6933577997623704,-1.434184615689866,0.0
2025-12-31,14.06747606930813,70.0,85.0,1.4664098558406446,-1.5381931288178556,-0.2643777870758601,-0.6933577997623704,-1.434184615689866,0.0
