as_of_date,V5_TDSP,zscore_level,pctl_5y,pctl_10y,delta_4q,delta_8q,delta_4q_zscore,delta_8q_zscore,yoy_pct
1980-04-30,10.608892,,,,,,,,
1980-05-31,10.608892,,,,,,,,
1980-06-30,10.608892,,,,,,,,
1980-07-31,10.629809,,,,,,,,
1980-08-31,10.629809,,,,,,,,
1980-09-30,10.629809,,,,,,,,
1980-10-31,10.402635,,,,,,,,
1980-11-30,10.402635,,,,,,,,
1980-12-31,10.402635,,,,,,,,
1981-01-31,10.253121,,,,,,,,
1981-02-28,10.253121,,,,,,,,
1981-03-31,10.253121,,,,,,,,
1981-04-30,10.291887,,,,-0.31700500000000176,,,,-2.988106580781502
1981-05-31,10.291887,,,,-0.31700500000000176,,,,-2.988106580781502
1981-06-30,10.291887,,,,-0.31700500000000176,,,,-2.988106580781502
1981-07-31,10.424711,,,,-0.20509799999999956,,,,-1.9294608209799446
1981-08-31,10.424711,,,,-0.20509799999999956,,,,-1.9294608209799446
1981-09-30,10.424711,,,,-0.20509799999999956,,,,-1.9294608209799446
1981-10-31,10.316158,,,,-0.08647700000000036,,,,-0.8312989929955328
1981-11-30,10.316158,,,,-0.08647700000000036,,,,-0.8312989929955328
1981-12-31,10.316158,,,,-0.08647700000000036,,,,-0.8312989929955328
1982-01-31,10.392583,,,,0.13946199999999997,,,,1.360190716563281
1982-02-28,10.392583,,,,0.13946199999999997,,,,1.360190716563281
1982-03-31,10.392583,,,,0.13946199999999997,,,,1.360190716563281
1982-04-30,10.461082,,,,0.1691950000000002,-0.14781000000000155,,,1.6439648045105892
1982-05-31,10.461082,,,,0.1691950000000002,-0.14781000000000155,,,1.6439648045105892
1982-06-30,10.461082,,,,0.1691950000000002,-0.14781000000000155,,,1.6439648045105892
1982-07-31,10.515989,,,,0.09127799999999908,-0.11382000000000048,,,0.8755926183469098
1982-08-31,10.515989,,,,0.09127799999999908,-0.11382000000000048,,,0.8755926183469098
1982-09-30,10.515989,,,,0.09127799999999908,-0.11382000000000048,,,0.8755926183469098
1982-10-31,10.418289,,,,0.10213099999999997,0.015653999999999613,,,0.9900100405596746
1982-11-30,10.418289,,,,0.10213099999999997,0.015653999999999613,,,0.9900100405596746
1982-12-31,10.418289,,,,0.10213099999999997,0.015653999999999613,,,0.9900100405596746
1983-01-31,10.383283,,,,-0.009299999999999642,0.13016200000000033,,,-0.089486896568447
1983-02-28,10.383283,,,,-0.009299999999999642,0.13016200000000033,,,-0.089486896568447
1983-03-31,10.383283,,,,-0.009299999999999642,0.13016200000000033,,,-0.089486896568447
1983-04-30,10.345889,,,,-0.11519299999999966,0.05400200000000055,,,-1.1011576049207883
1983-05-31,10.345889,,,,-0.11519299999999966,0.05400200000000055,,,-1.1011576049207883
1983-06-30,10.345889,,,,-0.11519299999999966,0.05400200000000055,,,-1.1011576049207883
1983-07-31,10.37106,,,,-0.14492899999999942,-0.05365100000000034,,,-1.3781775541986563
1983-08-31,10.37106,,,,-0.14492899999999942,-0.05365100000000034,,,-1.3781775541986563
1983-09-30,10.37106,,,,-0.14492899999999942,-0.05365100000000034,,,-1.3781775541986563
1983-10-31,10.377321,,,,-0.04096799999999945,0.06116300000000052,,,-0.39323155654444886
1983-11-30,10.377321,,,,-0.04096799999999945,0.06116300000000052,,,-0.39323155654444886
1983-12-31,10.377321,,,,-0.04096799999999945,0.06116300000000052,,,-0.39323155654444886
1984-01-31,10.427236,,,,0.04395300000000013,0.03465300000000049,,,0.42330542276465266
1984-02-29,10.427236,,,,0.04395300000000013,0.03465300000000049,,,0.42330542276465266
1984-03-31,10.427236,,,,0.04395300000000013,0.03465300000000049,,,0.42330542276465266
1984-04-30,10.489086,,,,0.14319700000000068,0.028004000000001028,,,1.384095653838946
1984-05-31,10.489086,,,,0.14319700000000068,0.028004000000001028,,,1.384095653838946
1984-06-30,10.489086,,,,0.14319700000000068,0.028004000000001028,,,1.384095653838946
1984-07-31,10.623422,,,,0.25236199999999975,0.10743300000000033,,,2.433328897914011
1984-08-31,10.623422,,,,0.25236199999999975,0.10743300000000033,,,2.433328897914011
1984-09-30,10.623422,,,,0.25236199999999975,0.10743300000000033,,,2.433328897914011
1984-10-31,10.736276,,,,0.3589549999999999,0.31798700000000046,,,3.4590334056352257
1984-11-30,10.736276,,,,0.3589549999999999,0.31798700000000046,,,3.4590334056352257
1984-12-31,10.736276,,,,0.3589549999999999,0.31798700000000046,,,3.4590334056352257
1985-01-31,10.894821,2.6757475279645617,,,0.4675849999999997,0.5115379999999998,,,4.484266012584737
1985-02-28,10.894821,2.6757475279645617,,,0.4675849999999997,0.5115379999999998,,,4.484266012584737
1985-03-31,10.894821,2.6757475279645617,,,0.4675849999999997,0.5115379999999998,,,4.484266012584737
1985-04-30,11.235038,3.19796920538104,100.0,,0.7459519999999991,0.8891489999999997,,,7.111696862815298
1985-05-31,11.235038,3.19796920538104,100.0,,0.7459519999999991,0.8891489999999997,,,7.111696862815298
1985-06-30,11.235038,3.19796920538104,100.0,,0.7459519999999991,0.8891489999999997,,,7.111696862815298
1985-07-31,11.320013,2.753484246083376,100.0,,0.6965909999999997,0.9489529999999995,,,6.55712443692813
1985-08-31,11.320013,2.753484246083376,100.0,,0.6965909999999997,0.9489529999999995,,,6.55712443692813
1985-09-30,11.320013,2.753484246083376,100.0,,0.6965909999999997,0.9489529999999995,,,6.55712443692813
1985-10-31,11.60099,2.865268114264698,100.0,,0.8647139999999993,1.2236689999999992,,,8.054133481665326
1985-11-30,11.60099,2.865268114264698,100.0,,0.8647139999999993,1.2236689999999992,,,8.054133481665326
1985-12-31,11.60099,2.865268114264698,100.0,,0.8647139999999993,1.2236689999999992,,,8.054133481665326
1986-01-31,11.72598,2.6180400520296616,100.0,,0.8311589999999995,1.2987439999999992,1.7881784265178922,,7.6289367214018355
1986-02-28,11.72598,2.6180400520296616,100.0,,0.8311589999999995,1.2987439999999992,1.7881784265178922,,7.6289367214018355
1986-03-31,11.72598,2.6180400520296616,100.0,,0.8311589999999995,1.2987439999999992,1.7881784265178922,,7.6289367214018355
1986-04-30,11.735722,2.279559787972881,100.0,,0.5006840000000015,1.2466360000000005,0.8185128929229184,,4.456451326644384
1986-05-31,11.735722,2.279559787972881,100.0,,0.5006840000000015,1.2466360000000005,0.8185128929229184,,4.456451326644384
1986-06-30,11.735722,2.279559787972881,100.0,,0.5006840000000015,1.2466360000000005,0.8185128929229184,,4.456451326644384
1986-07-31,11.810776,2.152705059530941,100.0,,0.49076300000000117,1.187354000000001,0.7616565747584516,,4.33535721204561
1986-08-31,11.810776,2.152705059530941,100.0,,0.49076300000000117,1.187354000000001,0.7616565747584516,,4.33535721204561
1986-09-30,11.810776,2.152705059530941,100.0,,0.49076300000000117,1.187354000000001,0.7616565747584516,,4.33535721204561
1986-10-31,11.925098,2.1168103921047425,100.0,,0.32410800000000073,1.188822,0.27525150315344676,,2.793796046716701
1986-11-30,11.925098,2.1168103921047425,100.0,,0.32410800000000073,1.188822,0.27525150315344676,,2.793796046716701
1986-12-31,11.925098,2.1168103921047425,100.0,,0.32410800000000073,1.188822,0.27525150315344676,,2.793796046716701
1987-01-31,12.086648,2.1497040256393802,100.0,,0.36066800000000043,1.191827,0.3739383232747816,1.221465164632618,3.0758026194825483
1987-02-28,12.086648,2.1497040256393802,100.0,,0.36066800000000043,1.191827,0.3739383232747816,1.221465164632618,3.0758026194825483
1987-03-31,12.086648,2.1497040256393802,100.0,,0.36066800000000043,1.191827,0.3739383232747816,1.221465164632618,3.0758026194825483
1987-04-30,11.976906,1.8104739355223982,95.0,,0.24118399999999873,0.7418680000000002,0.01527329267608033,0.4086429327378987,2.055127072710139
1987-05-31,11.976906,1.8104739355223982,95.0,,0.24118399999999873,0.7418680000000002,0.01527329267608033,0.4086429327378987,2.055127072710139
1987-06-30,11.976906,1.8104739355223982,95.0,,0.24118399999999873,0.7418680000000002,0.01527329267608033,0.4086429327378987,2.055127072710139
1987-07-31,12.125118,1.8842887208739687,100.0,,0.3143419999999999,0.8051050000000011,0.23468076990161435,0.5089116255156819,2.6614847322478985
1987-08-31,12.125118,1.8842887208739687,100.0,,0.3143419999999999,0.8051050000000011,0.23468076990161435,0.5089116255156819,2.6614847322478985
1987-09-30,12.125118,1.8842887208739687,100.0,,0.3143419999999999,0.8051050000000011,0.23468076990161435,0.5089116255156819,2.6614847322478985
1987-10-31,11.996017,1.5861874181603748,90.0,,0.07091899999999995,0.3950270000000007,-0.5134449290441758,-0.24501259054033295,0.5947037080953121
1987-11-30,11.996017,1.5861874181603748,90.0,,0.07091899999999995,0.3950270000000007,-0.5134449290441758,-0.24501259054033295,0.5947037080953121
1987-12-31,11.996017,1.5861874181603748,90.0,,0.07091899999999995,0.3950270000000007,-0.5134449290441758,-0.24501259054033295,0.5947037080953121
1988-01-31,11.851825,1.3110645026932113,75.0,,-0.23482300000000045,0.12584499999999998,-1.4005095050776426,-0.7303934459327809,-1.9428298069075978
1988-02-29,11.851825,1.3110645026932113,75.0,,-0.23482300000000045,0.12584499999999998,-1.4005095050776426,-0.7303934459327809,-1.9428298069075978
1988-03-31,11.851825,1.3110645026932113,75.0,,-0.23482300000000045,0.12584499999999998,-1.4005095050776426,-0.7303934459327809,-1.9428298069075978
1988-04-30,11.777922,1.1586094021691127,65.0,,-0.19898399999999938,0.04219999999999935,-1.2315520669368725,-0.858999537202452,-1.6613973592178088
1988-05-31,11.777922,1.1586094021691127,65.0,,-0.19898399999999938,0.04219999999999935,-1.2315520669368725,-0.858999537202452,-1.6613973592178088
1988-06-30,11.777922,1.1586094021691127,65.0,,-0.19898399999999938,0.04219999999999935,-1.2315520669368725,-0.858999537202452,-1.6613973592178088
1988-07-31,11.74815,1.0788914665630207,60.0,,-0.37696799999999975,-0.06262599999999985,-1.6610987440819474,-1.0179950670374565,-3.1089841764838866
1988-08-31,11.74815,1.0788914665630207,60.0,,-0.37696799999999975,-0.06262599999999985,-1.6610987440819474,-1.0179950670374565,-3.1089841764838866
1988-09-30,11.74815,1.0788914665630207,60.0,,-0.37696799999999975,-0.06262599999999985,-1.6610987440819474,-1.0179950670374565,-3.1089841764838866
1988-10-31,11.697093,0.9760319878769063,45.0,,-0.2989239999999995,-0.22800499999999957,-1.361333046698231,-1.268450139821603,-2.491860423338843
1988-11-30,11.697093,0.9760319878769063,45.0,,-0.2989239999999995,-0.22800499999999957,-1.361333046698231,-1.268450139821603,-2.491860423338843
1988-12-31,11.697093,0.9760319878769063,45.0,,-0.2989239999999995,-0.22800499999999957,-1.361333046698231,-1.268450139821603,-2.491860423338843
1989-01-31,11.573993,0.7786353878590652,35.0,,-0.2778320000000001,-0.5126550000000005,-1.2463752094366276,-1.677157072595685,-2.344212811107149
1989-02-28,11.573993,0.7786353878590652,35.0,,-0.2778320000000001,-0.5126550000000005,-1.2463752094366276,-1.677157072595685,-2.344212811107149
1989-03-31,11.573993,0.7786353878590652,35.0,,-0.2778320000000001,-0.5126550000000005,-1.2463752094366276,-1.677157072595685,-2.344212811107149
1989-04-30,11.577244,0.7665313126452948,35.0,,-0.2006779999999999,-0.3996619999999993,-0.9920342340249341,-1.39373357462964,-1.7038489472081753
1989-05-31,11.577244,0.7665313126452948,35.0,,-0.2006779999999999,-0.3996619999999993,-0.9920342340249341,-1.39373357462964,-1.7038489472081753
1989-06-30,11.577244,0.7665313126452948,35.0,,-0.2006779999999999,-0.3996619999999993,-0.9920342340249341,-1.39373357462964,-1.7038489472081753
1989-07-31,11.74696,0.989990943826499,55.00000000000001,,-0.0011900000000011346,-0.3781580000000009,-0.4083119873413809,-1.2929524014494265,-0.010129254393254072
1989-08-31,11.74696,0.989990943826499,55.00000000000001,,-0.0011900000000011346,-0.3781580000000009,-0.4083119873413809,-1.2929524014494265,-0.010129254393254072
1989-09-30,11.74696,0.989990943826499,55.00000000000001,,-0.0011900000000011346,-0.3781580000000009,-0.4083119873413809,-1.2929524014494265,-0.010129254393254072
1989-10-31,11.810156,1.053431039037469,65.0,,0.11306299999999858,-0.18586100000000094,-0.07274080641721409,-0.9248967876849171,0.9665905879349568
1989-11-30,11.810156,1.053431039037469,65.0,,0.11306299999999858,-0.18586100000000094,-0.07274080641721409,-0.9248967876849171,0.9665905879349568
1989-12-31,11.810156,1.053431039037469,65.0,,0.11306299999999858,-0.18586100000000094,-0.07274080641721409,-0.9248967876849171,0.9665905879349568
1990-01-31,11.760331,0.9563663110143037,55.00000000000001,,0.186338000000001,-0.09149399999999908,0.14300609684509588,-0.7397548527709586,1.6099715975290474
1990-02-28,11.760331,0.9563663110143037,55.00000000000001,,0.186338000000001,-0.09149399999999908,0.14300609684509588,-0.7397548527709586,1.6099715975290474
1990-03-31,11.760331,0.9563663110143037,55.00000000000001,,0.186338000000001,-0.09149399999999908,0.14300609684509588,-0.7397548527709586,1.6099715975290474
1990-04-30,11.65986,0.7691958168463213,25.0,62.5,0.0826159999999998,-0.11806200000000011,-0.16733226671692952,-0.7679999821451635,0.7136067962288717
1990-05-31,11.65986,0.7691958168463213,25.0,62.5,0.0826159999999998,-0.11806200000000011,-0.16733226671692952,-0.7679999821451635,0.7136067962288717
1990-06-30,11.65986,0.7691958168463213,25.0,62.5,0.0826159999999998,-0.11806200000000011,-0.16733226671692952,-0.7679999821451635,0.7136067962288717
1990-07-31,11.606506,0.6558146029594575,20.0,60.0,-0.14045400000000008,-0.1416440000000012,-0.8300059579549252,-0.7907660831811233,-1.195662537371367
1990-08-31,11.606506,0.6558146029594575,20.0,60.0,-0.14045400000000008,-0.1416440000000012,-0.8300059579549252,-0.7907660831811233,-1.195662537371367
1990-09-30,11.606506,0.6558146029594575,20.0,60.0,-0.14045400000000008,-0.1416440000000012,-0.8300059579549252,-0.7907660831811233,-1.195662537371367
1990-10-31,11.583384,0.585298317767374,10.0,55.00000000000001,-0.22677199999999864,-0.11370900000000006,-1.0644258150039236,-0.7242943758638367,-1.9201439845502377
1990-11-30,11.583384,0.585298317767374,10.0,55.00000000000001,-0.22677199999999864,-0.11370900000000006,-1.0644258150039236,-0.7242943758638367,-1.9201439845502377
1990-12-31,11.583384,0.585298317767374,10.0,55.00000000000001,-0.22677199999999864,-0.11370900000000006,-1.0644258150039236,-0.7242943758638367,-1.9201439845502377
1991-01-31,11.598423,0.5700533909509146,15.0,55.00000000000001,-0.16190800000000038,0.024430000000000618,-0.8471280704569336,-0.465847166299667,-1.3767299576857184
1991-02-28,11.598423,0.5700533909509146,15.0,55.00000000000001,-0.16190800000000038,0.024430000000000618,-0.8471280704569336,-0.465847166299667,-1.3767299576857184
1991-03-31,11.598423,0.5700533909509146,15.0,55.00000000000001,-0.16190800000000038,0.024430000000000618,-0.8471280704569336,-0.465847166299667,-1.3767299576857184
1991-04-30,11.565484,0.48277870111737303,0.0,45.0,-0.09437600000000046,-0.011760000000000659,-0.668473194857529,-0.5231297329120842,-0.8094093754127396
1991-05-31,11.565484,0.48277870111737303,0.0,45.0,-0.09437600000000046,-0.011760000000000659,-0.668473194857529,-0.5231297329120842,-0.8094093754127396
1991-06-30,11.565484,0.48277870111737303,0.0,45.0,-0.09437600000000046,-0.011760000000000659,-0.668473194857529,-0.5231297329120842,-0.8094093754127396
1991-07-31,11.419594,0.22052003819674776,0.0,42.5,-0.18691199999999952,-0.3273659999999996,-0.9606247301233316,-1.0759153954125231,-1.6104071285535815
1991-08-31,11.419594,0.22052003819674776,0.0,42.5,-0.18691199999999952,-0.3273659999999996,-0.9606247301233316,-1.0759153954125231,-1.6104071285535815
1991-09-30,11.419594,0.22052003819674776,0.0,42.5,-0.18691199999999952,-0.3273659999999996,-0.9606247301233316,-1.0759153954125231,-1.6104071285535815
1991-10-31,11.306831,0.0006128351914167779,0.0,37.5,-0.2765529999999998,-0.5033249999999985,-1.209285465586452,-1.3490564585871727,-2.3874974705146546
1991-11-30,11.306831,0.0006128351914167779,0.0,37.5,-0.2765529999999998,-0.5033249999999985,-1.209285465586452,-1.3490564585871727,-2.3874974705146546
1991-12-31,11.306831,0.0006128351914167779,0.0,37.5,-0.2765529999999998,-0.5033249999999985,-1.209285465586452,-1.3490564585871727,-2.3874974705146546
1992-01-31,11.110772,-0.3633218651697384,0.0,32.5,-0.4876509999999996,-0.649559,-1.7391952741093244,-1.545363368319354,-4.204459520057158
1992-02-29,11.110772,-0.3633218651697384,0.0,32.5,-0.4876509999999996,-0.649559,-1.7391952741093244,-1.545363368319354,-4.204459520057158
1992-03-31,11.110772,-0.3633218651697384,0.0,32.5,-0.4876509999999996,-0.649559,-1.7391952741093244,-1.545363368319354,-4.204459520057158
1992-04-30,10.858007,-0.8265099006645865,0.0,27.500000000000004,-0.707476999999999,-0.8018529999999995,-2.176971692572414,-1.726794203529096,-6.117141314622021
1992-05-31,10.858007,-0.8265099006645865,0.0,27.500000000000004,-0.707476999999999,-0.8018529999999995,-2.176971692572414,-1.726794203529096,-6.117141314622021
1992-06-30,10.858007,-0.8265099006645865,0.0,27.500000000000004,-0.707476999999999,-0.8018529999999995,-2.176971692572414,-1.726794203529096,-6.117141314622021
1992-07-31,10.688985,-1.1385103384841953,0.0,22.5,-0.7306089999999994,-0.9175209999999989,-2.0588447039110718,-1.8151137916121278,-6.397854424596872
1992-08-31,10.688985,-1.1385103384841953,0.0,22.5,-0.7306089999999994,-0.9175209999999989,-2.0588447039110718,-1.8151137916121278,-6.397854424596872
1992-09-30,10.688985,-1.1385103384841953,0.0,22.5,-0.7306089999999994,-0.9175209999999989,-2.0588447039110718,-1.8151137916121278,-6.397854424596872
1992-10-31,10.551259,-1.398272462540872,0.0,17.5,-0.7555720000000008,-1.0321250000000006,-1.96104324422605,-1.871026898457999,-6.6824382534770415
1992-11-30,10.551259,-1.398272462540872,0.0,17.5,-0.7555720000000008,-1.0321250000000006,-1.96104324422605,-1.871026898457999,-6.6824382534770415
1992-12-31,10.551259,-1.398272462540872,0.0,17.5,-0.7555720000000008,-1.0321250000000006,-1.96104324422605,-1.871026898457999,-6.6824382534770415
1993-01-31,10.467593,-1.559653897758855,0.0,12.5,-0.643179,-1.1308299999999996,-1.5879898164072694,-1.8828935443362393,-5.7887876737998
1993-02-28,10.467593,-1.559653897758855,0.0,12.5,-0.643179,-1.1308299999999996,-1.5879898164072694,-1.8828935443362393,-5.7887876737998
1993-03-31,10.467593,-1.559653897758855,0.0,12.5,-0.643179,-1.1308299999999996,-1.5879898164072694,-1.8828935443362393,-5.7887876737998
1993-04-30,10.430733,-1.6398612824309324,0.0,10.0,-0.4272740000000006,-1.1347509999999996,-1.0384629724596077,-1.7669322245861303,-3.9351052177439283
1993-05-31,10.430733,-1.6398612824309324,0.0,10.0,-0.4272740000000006,-1.1347509999999996,-1.0384629724596077,-1.7669322245861303,-3.9351052177439283
1993-06-30,10.430733,-1.6398612824309324,0.0,10.0,-0.4272740000000006,-1.1347509999999996,-1.0384629724596077,-1.7669322245861303,-3.9351052177439283
1993-07-31,10.365702,-1.7553519008436917,0.0,0.0,-0.323283,-1.0538919999999994,-0.7771820904935866,-1.5623365620230918,-3.0244499360790544
1993-08-31,10.365702,-1.7553519008436917,0.0,0.0,-0.323283,-1.0538919999999994,-0.7771820904935866,-1.5623365620230918,-3.0244499360790544
1993-09-30,10.365702,-1.7553519008436917,0.0,0.0,-0.323283,-1.0538919999999994,-0.7771820904935866,-1.5623365620230918,-3.0244499360790544
1993-10-31,10.417195,-1.670144353440067,5.0,5.0,-0.1340640000000004,-0.8896360000000012,-0.3266259495726648,-1.2717100381292148,-1.2705971865537569
1993-11-30,10.417195,-1.670144353440067,5.0,5.0,-0.1340640000000004,-0.8896360000000012,-0.3266259495726648,-1.2717100381292148,-1.2705971865537569
1993-12-31,10.417195,-1.670144353440067,5.0,5.0,-0.1340640000000004,-0.8896360000000012,-0.3266259495726648,-1.2717100381292148,-1.2705971865537569
1994-01-31,10.380138,-1.7282507650371326,5.0,2.5,-0.08745500000000028,-0.7306340000000002,-0.2094164944268455,-1.0141899079949501,-0.8354833819006924
1994-02-28,10.380138,-1.7282507650371326,5.0,2.5,-0.08745500000000028,-0.7306340000000002,-0.2094164944268455,-1.0141899079949501,-0.8354833819006924
1994-03-31,10.380138,-1.7282507650371326,5.0,2.5,-0.08745500000000028,-0.7306340000000002,-0.2094164944268455,-1.0141899079949501,-0.8354833819006924
1994-04-30,10.401077,-1.6759808045114293,10.0,5.0,-0.02965599999999924,-0.45692999999999984,-0.0637649423059457,-0.6255259190168276,-0.2843136719154704
1994-05-31,10.401077,-1.6759808045114293,10.0,5.0,-0.02965599999999924,-0.45692999999999984,-0.0637649423059457,-0.6255259190168276,-0.2843136719154704
1994-06-30,10.401077,-1.6759808045114293,10.0,5.0,-0.02965599999999924,-0.45692999999999984,-0.0637649423059457,-0.6255259190168276,-0.2843136719154704
1994-07-31,10.466155,-1.5377381832941497,25.0,12.5,0.1004529999999999,-0.22283000000000008,0.25181314208615824,-0.3001202243992604,0.9690901783593553
1994-08-31,10.466155,-1.5377381832941497,25.0,12.5,0.1004529999999999,-0.22283000000000008,0.25181314208615824,-0.3001202243992604,0.9690901783593553
1994-09-30,10.466155,-1.5377381832941497,25.0,12.5,0.1004529999999999,-0.22283000000000008,0.25181314208615824,-0.3001202243992604,0.9690901783593553
1994-10-31,10.60019,-1.2865377101764317,40.0,20.0,0.18299500000000002,0.048930999999999614,0.46010784938706467,0.07327782069907417,1.7566629020576041
1994-11-30,10.60019,-1.2865377101764317,40.0,20.0,0.18299500000000002,0.048930999999999614,0.46010784938706467,0.07327782069907417,1.7566629020576041
1994-12-31,10.60019,-1.2865377101764317,40.0,20.0,0.18299500000000002,0.048930999999999614,0.46010784938706467,0.07327782069907417,1.7566629020576041
1995-01-31,10.713335,-1.0728261961309722,50.0,25.0,0.3331970000000002,0.2457419999999999,0.8315607312539297,0.34824322298082966,3.2099476904835056
1995-02-28,10.713335,-1.0728261961309722,50.0,25.0,0.3331970000000002,0.2457419999999999,0.8315607312539297,0.34824322298082966,3.2099476904835056
1995-03-31,10.713335,-1.0728261961309722,50.0,25.0,0.3331970000000002,0.2457419999999999,0.8315607312539297,0.34824322298082966,3.2099476904835056
1995-04-30,10.903623,-0.7236214642804136,60.0,30.0,0.5025459999999988,0.4728899999999996,1.2814083782844006,0.6781552858251856,4.831672720046187
1995-05-31,10.903623,-0.7236214642804136,60.0,30.0,0.5025459999999988,0.4728899999999996,1.2814083782844006,0.6781552858251856,4.831672720046187
1995-06-30,10.903623,-0.7236214642804136,60.0,30.0,0.5025459999999988,0.4728899999999996,1.2814083782844006,0.6781552858251856,4.831672720046187
1995-07-31,11.096832,-0.3803378754753872,65.0,32.5,0.6306769999999986,0.7311299999999985,1.6108026112598886,1.0485328103426867,6.025871009936301
1995-08-31,11.096832,-0.3803378754753872,65.0,32.5,0.6306769999999986,0.7311299999999985,1.6108026112598886,1.0485328103426867,6.025871009936301
1995-09-30,11.096832,-0.3803378754753872,65.0,32.5,0.6306769999999986,0.7311299999999985,1.6108026112598886,1.0485328103426867,6.025871009936301
1995-10-31,11.203198,-0.18077584974139158,75.0,37.5,0.6030080000000009,0.7860030000000009,1.6094012384422753,1.1656250172081297,5.688652750563916
1995-11-30,11.203198,-0.18077584974139158,75.0,37.5,0.6030080000000009,0.7860030000000009,1.6094012384422753,1.1656250172081297,5.688652750563916
1995-12-31,11.203198,-0.18077584974139158,75.0,37.5,0.6030080000000009,0.7860030000000009,1.6094012384422753,1.1656250172081297,5.688652750563916
1996-01-31,11.242819,-0.09223645966708574,80.0,40.0,0.5294840000000001,0.8626810000000003,1.4957629465465565,1.3230053720158241,4.94228921246278
1996-02-29,11.242819,-0.09223645966708574,80.0,40.0,0.5294840000000001,0.8626810000000003,1.4957629465465565,1.3230053720158241,4.94228921246278
1996-03-31,11.242819,-0.09223645966708574,80.0,40.0,0.5294840000000001,0.8626810000000003,1.4957629465465565,1.3230053720158241,4.94228921246278
1996-04-30,11.263491,-0.03612262947334994,85.0,42.5,0.3598680000000005,0.8624139999999993,1.0690543941874815,1.3683375691757502,3.300444265176816
1996-05-31,11.263491,-0.03612262947334994,85.0,42.5,0.3598680000000005,0.8624139999999993,1.0690543941874815,1.3683375691757502,3.300444265176816
1996-06-30,11.263491,-0.03612262947334994,85.0,42.5,0.3598680000000005,0.8624139999999993,1.0690543941874815,1.3683375691757502,3.300444265176816
1996-07-31,11.292664,0.03801265941931236,90.0,45.0,0.19583200000000112,0.8265089999999997,0.6636444695343394,1.3584193672071205,1.7647559231319443
1996-08-31,11.292664,0.03801265941931236,90.0,45.0,0.19583200000000112,0.8265089999999997,0.6636444695343394,1.3584193672071205,1.7647559231319443
1996-09-30,11.292664,0.03801265941931236,90.0,45.0,0.19583200000000112,0.8265089999999997,0.6636444695343394,1.3584193672071205,1.7647559231319443
1996-10-31,11.341343,0.15264453849297885,100.0,50.0,0.13814499999999974,0.7411530000000006,0.5238289444817493,1.281571999595572,1.2330854100766508
1996-11-30,11.341343,0.15264453849297885,100.0,50.0,0.13814499999999974,0.7411530000000006,0.5238289444817493,1.281571999595572,1.2330854100766508
1996-12-31,11.341343,0.15264453849297885,100.0,50.0,0.13814499999999974,0.7411530000000006,0.5238289444817493,1.281571999595572,1.2330854100766508
1997-01-31,11.400413,0.29849440018914614,100.0,52.5,0.15759399999999957,0.6870779999999996,0.5991019945755252,1.2582345504243904,1.4017302955779964
1997-02-28,11.400413,0.29849440018914614,100.0,52.5,0.15759399999999957,0.6870779999999996,0.5991019945755252,1.2582345504243904,1.4017302955779964
1997-03-31,11.400413,0.29849440018914614,100.0,52.5,0.15759399999999957,0.6870779999999996,0.5991019945755252,1.2582345504243904,1.4017302955779964
1997-04-30,11.36194,0.26195507835066556,95.0,52.5,0.09844900000000045,0.458317000000001,0.4465156558941777,0.9125225520393232,0.8740540565975508
1997-05-31,11.36194,0.26195507835066556,95.0,52.5,0.09844900000000045,0.458317000000001,0.4465156558941777,0.9125225520393232,0.8740540565975508
1997-06-30,11.36194,0.26195507835066556,95.0,52.5,0.09844900000000045,0.458317000000001,0.4465156558941777,0.9125225520393232,0.8740540565975508
1997-07-31,11.364968,0.3158279180130805,95.0,55.00000000000001,0.07230399999999904,0.26813600000000015,0.3949354086066625,0.6386734517735628,0.6402740752757596
1997-08-31,11.364968,0.3158279180130805,95.0,55.00000000000001,0.07230399999999904,0.26813600000000015,0.3949354086066625,0.6386734517735628,0.6402740752757596
1997-09-30,11.364968,0.3158279180130805,95.0,55.00000000000001,0.07230399999999904,0.26813600000000015,0.3949354086066625,0.6386734517735628,0.6402740752757596
1997-10-31,11.373444,0.37486379541074116,95.0,57.49999999999999,0.03210099999999905,0.1702459999999988,0.28327901305905684,0.48717090703290933,0.28304408040564777
1997-11-30,11.373444,0.37486379541074116,95.0,57.49999999999999,0.03210099999999905,0.1702459999999988,0.28327901305905684,0.48717090703290933,0.28304408040564777
1997-12-31,11.373444,0.37486379541074116,95.0,57.49999999999999,0.03210099999999905,0.1702459999999988,0.28327901305905684,0.48717090703290933,0.28304408040564777
1998-01-31,11.323085,0.3062346658096726,75.0,50.0,-0.07732799999999962,0.08026599999999995,-0.04057865276533541,0.3375444486823478,-0.678291216291893
1998-02-28,11.323085,0.3062346658096726,75.0,50.0,-0.07732799999999962,0.08026599999999995,-0.04057865276533541,0.3375444486823478,-0.678291216291893
1998-03-31,11.323085,0.3062346658096726,75.0,50.0,-0.07732799999999962,0.08026599999999995,-0.04057865276533541,0.3375444486823478,-0.678291216291893
1998-04-30,11.176228,0.03195253244875401,50.0,37.5,-0.18571200000000054,-0.08726300000000009,-0.352095331621278,0.06023069790377383,-1.634509599593037
1998-05-31,11.176228,0.03195253244875401,50.0,37.5,-0.18571200000000054,-0.08726300000000009,-0.352095331621278,0.06023069790377383,-1.634509599593037
1998-06-30,11.176228,0.03195253244875401,50.0,37.5,-0.18571200000000054,-0.08726300000000009,-0.352095331621278,0.06023069790377383,-1.634509599593037
1998-07-31,11.195718,0.10506585438505374,50.0,40.0,-0.1692499999999999,-0.09694600000000086,-0.3228253602367851,0.04532272979481025,-1.489225486600576
1998-08-31,11.195718,0.10506585438505374,50.0,40.0,-0.1692499999999999,-0.09694600000000086,-0.3228253602367851,0.04532272979481025,-1.489225486600576
1998-09-30,11.195718,0.10506585438505374,50.0,40.0,-0.1692499999999999,-0.09694600000000086,-0.3228253602367851,0.04532272979481025,-1.489225486600576
1998-10-31,11.183267,0.10795716651897959,45.0,40.0,-0.1901769999999985,-0.15807599999999944,-0.39294615682430944,-0.06096558964131491,-1.6721144448418435
1998-11-30,11.183267,0.10795716651897959,45.0,40.0,-0.1901769999999985,-0.15807599999999944,-0.39294615682430944,-0.06096558964131491,-1.6721144448418435
1998-12-31,11.183267,0.10795716651897959,45.0,40.0,-0.1901769999999985,-0.15807599999999944,-0.39294615682430944,-0.06096558964131491,-1.6721144448418435
1999-01-31,11.2519,0.281216924433441,60.0,50.0,-0.07118500000000161,-0.14851300000000123,-0.06261107500871077,-0.06053410694363068,-0.6286714265591242
1999-02-28,11.2519,0.281216924433441,60.0,50.0,-0.07118500000000161,-0.14851300000000123,-0.06261107500871077,-0.06053410694363068,-0.6286714265591242
1999-03-31,11.2519,0.281216924433441,60.0,50.0,-0.07118500000000161,-0.14851300000000123,-0.06261107500871077,-0.06053410694363068,-0.6286714265591242
1999-04-30,11.306154,0.42284321910963,70.0,57.49999999999999,0.12992599999999932,-0.055786000000001223,0.5003457627720089,0.0827674780741647,1.1625210222983906
1999-05-31,11.306154,0.42284321910963,70.0,57.49999999999999,0.12992599999999932,-0.055786000000001223,0.5003457627720089,0.0827674780741647,1.1625210222983906
1999-06-30,11.306154,0.42284321910963,70.0,57.49999999999999,0.12992599999999932,-0.055786000000001223,0.5003457627720089,0.0827674780741647,1.1625210222983906
1999-07-31,11.474377,0.8348658557106196,100.0,80.0,0.2786590000000011,0.1094090000000012,0.9043515664873227,0.34417598663998084,2.488978375482498
1999-08-31,11.474377,0.8348658557106196,100.0,80.0,0.2786590000000011,0.1094090000000012,0.9043515664873227,0.34417598663998084,2.488978375482498
1999-09-30,11.474377,0.8348658557106196,100.0,80.0,0.2786590000000011,0.1094090000000012,0.9043515664873227,0.34417598663998084,2.488978375482498
1999-10-31,11.593912,1.1436526603915693,100.0,87.5,0.4106449999999988,0.22046800000000033,1.2411318850274184,0.5148618369869268,3.6719591868816126
1999-11-30,11.593912,1.1436526603915693,100.0,87.5,0.4106449999999988,0.22046800000000033,1.2411318850274184,0.5148618369869268,3.6719591868816126
1999-12-31,11.593912,1.1436526603915693,100.0,87.5,0.4106449999999988,0.22046800000000033,1.2411318850274184,0.5148618369869268,3.6719591868816126
2000-01-31,11.602639,1.1888480828847328,100.0,92.5,0.3507390000000008,0.2795539999999992,1.0492200450310145,0.596843933331732,3.117153547400897
2000-02-29,11.602639,1.1888480828847328,100.0,92.5,0.3507390000000008,0.2795539999999992,1.0492200450310145,0.596843933331732,3.117153547400897
2000-03-31,11.602639,1.1888480828847328,100.0,92.5,0.3507390000000008,0.2795539999999992,1.0492200450310145,0.596843933331732,3.117153547400897
2000-04-30,11.581974,1.1510399156913242,90.0,85.0,0.2758200000000013,0.4057460000000006,0.8189358557140084,0.782167128514699,2.4395563690358557
2000-05-31,11.581974,1.1510399156913242,90.0,85.0,0.2758200000000013,0.4057460000000006,0.8189358557140084,0.782167128514699,2.4395563690358557
2000-06-30,11.581974,1.1510399156913242,90.0,85.0,0.2758200000000013,0.4057460000000006,0.8189358557140084,0.782167128514699,2.4395563690358557
2000-07-31,11.727593,1.4779482319128623,100.0,100.0,0.2532160000000001,0.5318750000000012,0.7245975446209939,0.9544665966963091,2.2067951924535922
2000-08-31,11.727593,1.4779482319128623,100.0,100.0,0.2532160000000001,0.5318750000000012,0.7245975446209939,0.9544665966963091,2.2067951924535922
2000-09-30,11.727593,1.4779482319128623,100.0,100.0,0.2532160000000001,0.5318750000000012,0.7245975446209939,0.9544665966963091,2.2067951924535922
2000-10-31,11.883636,1.7827054962109596,100.0,100.0,0.28972399999999965,0.7003689999999985,0.7873223385012623,1.1786131244574176,2.4989321982088475
2000-11-30,11.883636,1.7827054962109596,100.0,100.0,0.28972399999999965,0.7003689999999985,0.7873223385012623,1.1786131244574176,2.4989321982088475
2000-12-31,11.883636,1.7827054962109596,100.0,100.0,0.28972399999999965,0.7003689999999985,0.7873223385012623,1.1786131244574176,2.4989321982088475
2001-01-31,12.07207,2.095484917857684,100.0,100.0,0.46943100000000015,0.820170000000001,1.218966164843505,1.310963320658901,4.045898523603131
2001-02-28,12.07207,2.095484917857684,100.0,100.0,0.46943100000000015,0.820170000000001,1.218966164843505,1.310963320658901,4.045898523603131
2001-03-31,12.07207,2.095484917857684,100.0,100.0,0.46943100000000015,0.820170000000001,1.218966164843505,1.310963320658901,4.045898523603131
2001-04-30,12.175219,2.1705841007963853,100.0,100.0,0.5932449999999996,0.8690650000000009,1.4669976676122345,1.3223005601893467,5.122140664449759
2001-05-31,12.175219,2.1705841007963853,100.0,100.0,0.5932449999999996,0.8690650000000009,1.4669976676122345,1.3223005601893467,5.122140664449759
2001-06-30,12.175219,2.1705841007963853,100.0,100.0,0.5932449999999996,0.8690650000000009,1.4669976676122345,1.3223005601893467,5.122140664449759
2001-07-31,12.386421,2.3754906136223553,100.0,100.0,0.6588279999999997,0.9120439999999999,1.5411868327276343,1.3151652849915807,5.617759756840135
2001-08-31,12.386421,2.3754906136223553,100.0,100.0,0.6588279999999997,0.9120439999999999,1.5411868327276343,1.3151652849915807,5.617759756840135
2001-09-30,12.386421,2.3754906136223553,100.0,100.0,0.6588279999999997,0.9120439999999999,1.5411868327276343,1.3151652849915807,5.617759756840135
2001-10-31,12.329806,2.087190416086084,95.0,97.5,0.4461700000000004,0.735894,0.9466325134307425,0.9952787433391442,3.7544906289623814
2001-11-30,12.329806,2.087190416086084,95.0,97.5,0.4461700000000004,0.735894,0.9466325134307425,0.9952787433391442,3.7544906289623814
2001-12-31,12.329806,2.087190416086084,95.0,97.5,0.4461700000000004,0.735894,0.9466325134307425,0.9952787433391442,3.7544906289623814
2002-01-31,12.682582,2.4435631457873397,100.0,100.0,0.6105119999999999,1.079943,1.3045284043470913,1.4363476686082104,5.057227136688236
2002-02-28,12.682582,2.4435631457873397,100.0,100.0,0.6105119999999999,1.079943,1.3045284043470913,1.4363476686082104,5.057227136688236
2002-03-31,12.682582,2.4435631457873397,100.0,100.0,0.6105119999999999,1.079943,1.3045284043470913,1.4363476686082104,5.057227136688236
2002-04-30,12.456402,1.9081364740441003,95.0,97.5,0.2811830000000004,0.874428,0.4159398955538739,1.0758047224454588,2.309469751632398
2002-05-31,12.456402,1.9081364740441003,95.0,97.5,0.2811830000000004,0.874428,0.4159398955538739,1.0758047224454588,2.309469751632398
2002-06-30,12.456402,1.9081364740441003,95.0,97.5,0.2811830000000004,0.874428,0.4159398955538739,1.0758047224454588,2.309469751632398
2002-07-31,12.362782,1.6479556068540608,85.0,92.5,-0.023639000000001076,0.6351889999999987,-0.5017992460445196,0.6737748980292484,-0.19084608863206842
2002-08-31,12.362782,1.6479556068540608,85.0,92.5,-0.023639000000001076,0.6351889999999987,-0.5017992460445196,0.6737748980292484,-0.19084608863206842
2002-09-30,12.362782,1.6479556068540608,85.0,92.5,-0.023639000000001076,0.6351889999999987,-0.5017992460445196,0.6737748980292484,-0.19084608863206842
2002-10-31,12.374393,1.5715571689827554,85.0,92.5,0.04458699999999993,0.49075700000000033,-0.3978378066637767,0.4074917378273691,0.36161963943308617
2002-11-30,12.374393,1.5715571689827554,85.0,92.5,0.04458699999999993,0.49075700000000033,-0.3978378066637767,0.4074917378273691,0.36161963943308617
2002-12-31,12.374393,1.5715571689827554,85.0,92.5,0.04458699999999993,0.49075700000000033,-0.3978378066637767,0.4074917378273691,0.36161963943308617
2003-01-31,12.341276,1.444028353375923,75.0,87.5,-0.34130599999999944,0.2692060000000005,-1.779589687352427,-0.01648442166260831,-2.6911397064099396
2003-02-28,12.341276,1.444028353375923,75.0,87.5,-0.34130599999999944,0.2692060000000005,-1.779589687352427,-0.01648442166260831,-2.6911397064099396
2003-03-31,12.341276,1.444028353375923,75.0,87.5,-0.34130599999999944,0.2692060000000005,-1.779589687352427,-0.01648442166260831,-2.6911397064099396
2003-04-30,12.358857,1.4021541301761138,75.0,87.5,-0.09754500000000021,0.1836380000000002,-1.0126020244313347,-0.24767197149389747,-0.7830912971498516
2003-05-31,12.358857,1.4021541301761138,75.0,87.5,-0.09754500000000021,0.1836380000000002,-1.0126020244313347,-0.24767197149389747,-0.7830912971498516
2003-06-30,12.358857,1.4021541301761138,75.0,87.5,-0.09754500000000021,0.1836380000000002,-1.0126020244313347,-0.24767197149389747,-0.7830912971498516
2003-07-31,12.29993,1.257820774994072,60.0,80.0,-0.06285199999999946,-0.08649100000000054,-0.9423942278870788,-0.895852165504635,-0.5083968964267105
2003-08-31,12.29993,1.257820774994072,60.0,80.0,-0.06285199999999946,-0.08649100000000054,-0.9423942278870788,-0.895852165504635,-0.5083968964267105
2003-09-30,12.29993,1.257820774994072,60.0,80.0,-0.06285199999999946,-0.08649100000000054,-0.9423942278870788,-0.895852165504635,-0.5083968964267105
2003-10-31,12.144751,0.9720666611700406,50.0,75.0,-0.22964200000000012,-0.1850550000000002,-1.538217182086112,-1.2343881748210486,-1.8557839564332546
2003-11-30,12.144751,0.9720666611700406,50.0,75.0,-0.22964200000000012,-0.1850550000000002,-1.538217182086112,-1.2343881748210486,-1.8557839564332546
2003-12-31,12.144751,0.9720666611700406,50.0,75.0,-0.22964200000000012,-0.1850550000000002,-1.538217182086112,-1.2343881748210486,-1.8557839564332546
2004-01-31,12.215914,1.0477177463812954,55.00000000000001,77.5,-0.12536200000000086,-0.4666680000000003,-1.1449028460006863,-1.963176699549619,-1.0157944770054605
2004-02-29,12.215914,1.0477177463812954,55.00000000000001,77.5,-0.12536200000000086,-0.4666680000000003,-1.1449028460006863,-1.963176699549619,-1.0157944770054605
2004-03-31,12.215914,1.0477177463812954,55.00000000000001,77.5,-0.12536200000000086,-0.4666680000000003,-1.1449028460006863,-1.963176699549619,-1.0157944770054605
2004-04-30,12.219274,1.0180249085693818,55.00000000000001,77.5,-0.139583,-0.23712800000000023,-1.1751294108349897,-1.464452217490776,-1.1294167413701817
2004-05-31,12.219274,1.0180249085693818,55.00000000000001,77.5,-0.139583,-0.23712800000000023,-1.1751294108349897,-1.464452217490776,-1.1294167413701817
2004-06-30,12.219274,1.0180249085693818,55.00000000000001,77.5,-0.139583,-0.23712800000000023,-1.1751294108349897,-1.464452217490776,-1.1294167413701817
2004-07-31,12.157168,0.876928593671314,40.0,70.0,-0.1427619999999994,-0.20561399999999885,-1.145642198207728,-1.3910034041374717,-1.160673272124313
2004-08-31,12.157168,0.876928593671314,40.0,70.0,-0.1427619999999994,-0.20561399999999885,-1.145642198207728,-1.3910034041374717,-1.160673272124313
2004-09-30,12.157168,0.876928593671314,40.0,70.0,-0.1427619999999994,-0.20561399999999885,-1.145642198207728,-1.3910034041374717,-1.160673272124313
2004-10-31,12.272636,1.050843430926423,55.00000000000001,77.5,0.12788500000000091,-0.10175699999999921,-0.17040024314297142,-1.119051636172906,1.0530063564086367
2004-11-30,12.272636,1.050843430926423,55.00000000000001,77.5,0.12788500000000091,-0.10175699999999921,-0.17040024314297142,-1.119051636172906,1.0530063564086367
2004-12-31,12.272636,1.050843430926423,55.00000000000001,77.5,0.12788500000000091,-0.10175699999999921,-0.17040024314297142,-1.119051636172906,1.0530063564086367
2005-01-31,12.277015,1.0212951274480537,55.00000000000001,77.5,0.06110100000000074,-0.06426100000000012,-0.3862167811147615,-0.9976082020645045,0.5001754269062575
2005-02-28,12.277015,1.0212951274480537,55.00000000000001,77.5,0.06110100000000074,-0.06426100000000012,-0.3862167811147615,-0.9976082020645045,0.5001754269062575
2005-03-31,12.277015,1.0212951274480537,55.00000000000001,77.5,0.06110100000000074,-0.06426100000000012,-0.3862167811147615,-0.9976082020645045,0.5001754269062575
2005-04-30,14.799802,4.303472720765582,100.0,100.0,2.5805279999999993,2.4409449999999993,5.019416159630747,3.817759667362018,21.11850507648818
2005-05-31,14.799802,4.303472720765582,100.0,100.0,2.5805279999999993,2.4409449999999993,5.019416159630747,3.817759667362018,21.11850507648818
2005-06-30,14.799802,4.303472720765582,100.0,100.0,2.5805279999999993,2.4409449999999993,5.019416159630747,3.817759667362018,21.11850507648818
2005-07-31,14.828576,3.5153198558411596,100.0,100.0,2.6714079999999996,2.528646,3.9555043906006424,3.306556963904227,21.973933402910937
2005-08-31,14.828576,3.5153198558411596,100.0,100.0,2.6714079999999996,2.528646,3.9555043906006424,3.306556963904227,21.973933402910937
2005-09-30,14.828576,3.5153198558411596,100.0,100.0,2.6714079999999996,2.528646,3.9555043906006424,3.306556963904227,21.973933402910937
2005-10-31,15.139959,3.245404155148872,100.0,100.0,2.867322999999999,2.995208,3.472228840190926,3.3412759269782297,23.3635463481521
2005-11-30,15.139959,3.245404155148872,100.0,100.0,2.867322999999999,2.995208,3.472228840190926,3.3412759269782297,23.3635463481521
2005-12-31,15.139959,3.245404155148872,100.0,100.0,2.867322999999999,2.995208,3.472228840190926,3.3412759269782297,23.3635463481521
2006-01-31,15.02855,2.739581979499593,95.0,97.5,2.7515349999999987,2.8126359999999995,2.8689878582745005,2.726911519885373,22.412084696483614
2006-02-28,15.02855,2.739581979499593,95.0,97.5,2.7515349999999987,2.8126359999999995,2.8689878582745005,2.726911519885373,22.412084696483614
2006-03-31,15.02855,2.739581979499593,95.0,97.5,2.7515349999999987,2.8126359999999995,2.8689878582745005,2.726911519885373,22.412084696483614
2006-04-30,14.989443,2.4255735499600157,90.0,95.0,0.18964099999999995,2.770168999999999,-0.22989686142938726,2.413681657063225,1.2813752508310516
2006-05-31,14.989443,2.4255735499600157,90.0,95.0,0.18964099999999995,2.770168999999999,-0.22989686142938726,2.413681657063225,1.2813752508310516
2006-06-30,14.989443,2.4255735499600157,90.0,95.0,0.18964099999999995,2.770168999999999,-0.22989686142938726,2.413681657063225,1.2813752508310516
2006-07-31,15.044255,2.247191791353691,95.0,97.5,0.21567899999999973,2.8870869999999993,-0.19899532482281412,2.3076768482372207,1.4544822105642563
2006-08-31,15.044255,2.247191791353691,95.0,97.5,0.21567899999999973,2.8870869999999993,-0.19899532482281412,2.3076768482372207,1.4544822105642563
2006-09-30,15.044255,2.247191791353691,95.0,97.5,0.21567899999999973,2.8870869999999993,-0.19899532482281412,2.3076768482372207,1.4544822105642563
2006-10-31,15.367228,2.278993597310019,100.0,100.0,0.2272690000000015,3.0945920000000005,-0.18778288286734482,2.286032529082511,1.501120313469806
2006-11-30,15.367228,2.278993597310019,100.0,100.0,0.2272690000000015,3.0945920000000005,-0.18778288286734482,2.286032529082511,1.501120313469806
2006-12-31,15.367228,2.278993597310019,100.0,100.0,0.2272690000000015,3.0945920000000005,-0.18778288286734482,2.286032529082511,1.501120313469806
2007-01-31,15.509711,2.1790644811861704,100.0,100.0,0.48116100000000017,3.232695999999999,0.11017459601550238,2.2020146530635185,3.2016462000658663
2007-02-28,15.509711,2.1790644811861704,100.0,100.0,0.48116100000000017,3.232695999999999,0.11017459601550238,2.2020146530635185,3.2016462000658663
2007-03-31,15.509711,2.1790644811861704,100.0,100.0,0.48116100000000017,3.232695999999999,0.11017459601550238,2.2020146530635185,3.2016462000658663
2007-04-30,15.526607,2.0182548664205933,100.0,100.0,0.5371640000000006,0.7268050000000006,0.16500647172882016,-0.0484007413597426,3.583615481909508
2007-05-31,15.526607,2.0182548664205933,100.0,100.0,0.5371640000000006,0.7268050000000006,0.16500647172882016,-0.0484007413597426,3.583615481909508
2007-06-30,15.526607,2.0182548664205933,100.0,100.0,0.5371640000000006,0.7268050000000006,0.16500647172882016,-0.0484007413597426,3.583615481909508
2007-07-31,15.63251,1.9358113770741596,100.0,100.0,0.5882550000000002,0.8039339999999999,0.21170621623658628,0.008764201865749324,3.9101637136568
2007-08-31,15.63251,1.9358113770741596,100.0,100.0,0.5882550000000002,0.8039339999999999,0.21170621623658628,0.008764201865749324,3.9101637136568
2007-09-30,15.63251,1.9358113770741596,100.0,100.0,0.5882550000000002,0.8039339999999999,0.21170621623658628,0.008764201865749324,3.9101637136568
2007-10-31,15.712123,1.8488429725598785,100.0,100.0,0.3448949999999993,0.5721640000000008,-0.09403815203929151,-0.2093893428634867,2.24435402403087
2007-11-30,15.712123,1.8488429725598785,100.0,100.0,0.3448949999999993,0.5721640000000008,-0.09403815203929151,-0.2093893428634867,2.24435402403087
2007-12-31,15.712123,1.8488429725598785,100.0,100.0,0.3448949999999993,0.5721640000000008,-0.09403815203929151,-0.2093893428634867,2.24435402403087
2008-01-31,15.846367,1.8042429219942904,100.0,100.0,0.3366560000000014,0.8178170000000016,-0.11725972375552464,-0.004405666476753208,2.170614268699156
2008-02-29,15.846367,1.8042429219942904,100.0,100.0,0.3366560000000014,0.8178170000000016,-0.11725972375552464,-0.004405666476753208,2.170614268699156
2008-03-31,15.846367,1.8042429219942904,100.0,100.0,0.3366560000000014,0.8178170000000016,-0.11725972375552464,-0.004405666476753208,2.170614268699156
2008-04-30,15.775857,1.653738747937018,95.0,97.5,0.24924999999999997,0.7864140000000006,-0.23931554985373535,-0.053195791822759214,1.605308873986444
2008-05-31,15.775857,1.653738747937018,95.0,97.5,0.24924999999999997,0.7864140000000006,-0.23931554985373535,-0.053195791822759214,1.605308873986444
2008-06-30,15.775857,1.653738747937018,95.0,97.5,0.24924999999999997,0.7864140000000006,-0.23931554985373535,-0.053195791822759214,1.605308873986444
2008-07-31,15.326612,1.3082079950487484,65.0,82.5,-0.3058979999999991,0.2823570000000011,-0.9166860222622608,-0.5266434852594457,-1.9568066804371065
2008-08-31,15.326612,1.3082079950487484,65.0,82.5,-0.3058979999999991,0.2823570000000011,-0.9166860222622608,-0.5266434852594457,-1.9568066804371065
2008-09-30,15.326612,1.3082079950487484,65.0,82.5,-0.3058979999999991,0.2823570000000011,-0.9166860222622608,-0.5266434852594457,-1.9568066804371065
2008-10-31,15.546547,1.3684928487702157,80.0,90.0,-0.16557599999999972,0.17931899999999956,-0.7453863461257647,-0.6332956091684183,-1.0538104876088306
2008-11-30,15.546547,1.3684928487702157,80.0,90.0,-0.16557599999999972,0.17931899999999956,-0.7453863461257647,-0.6332956091684183,-1.0538104876088306
2008-12-31,15.546547,1.3684928487702157,80.0,90.0,-0.16557599999999972,0.17931899999999956,-0.7453863461257647,-0.6332956091684183,-1.0538104876088306
2009-01-31,15.72136,1.3985119859353556,90.0,95.0,-0.1250070000000001,0.2116490000000013,-0.6930534318561817,-0.6157671367724176,-0.7888685147832364
2009-02-28,15.72136,1.3985119859353556,90.0,95.0,-0.1250070000000001,0.2116490000000013,-0.6930534318561817,-0.6157671367724176,-0.7888685147832364
2009-03-31,15.72136,1.3985119859353556,90.0,95.0,-0.1250070000000001,0.2116490000000013,-0.6930534318561817,-0.6157671367724176,-0.7888685147832364
2009-04-30,15.5975,1.259327833142674,75.0,87.5,-0.1783570000000001,0.07089299999999987,-0.7450580471674363,-0.7519312813937593,-1.1305693250135307
2009-05-31,15.5975,1.259327833142674,75.0,87.5,-0.1783570000000001,0.07089299999999987,-0.7450580471674363,-0.7519312813937593,-1.1305693250135307
2009-06-30,15.5975,1.259327833142674,75.0,87.5,-0.1783570000000001,0.07089299999999987,-0.7450580471674363,-0.7519312813937593,-1.1305693250135307
2009-07-31,15.251967,1.0008094433817043,45.0,72.5,-0.0746450000000003,-0.3805429999999994,-0.6048818724513393,-1.15019439941171,-0.4870287053655442
2009-08-31,15.251967,1.0008094433817043,45.0,72.5,-0.0746450000000003,-0.3805429999999994,-0.6048818724513393,-1.15019439941171,-0.4870287053655442
2009-09-30,15.251967,1.0008094433817043,45.0,72.5,-0.0746450000000003,-0.3805429999999994,-0.6048818724513393,-1.15019439941171,-0.4870287053655442
2009-10-31,15.08588,0.8556671277410529,35.0,67.5,-0.4606670000000008,-0.6262430000000005,-1.0332055157806879,-1.3321096190079453,-2.9631467360565766
2009-11-30,15.08588,0.8556671277410529,35.0,67.5,-0.4606670000000008,-0.6262430000000005,-1.0332055157806879,-1.3321096190079453,-2.9631467360565766
2009-12-31,15.08588,0.8556671277410529,35.0,67.5,-0.4606670000000008,-0.6262430000000005,-1.0332055157806879,-1.3321096190079453,-2.9631467360565766
2010-01-31,14.896385,0.699701636015449,15.0,57.49999999999999,-0.8249750000000002,-0.9499820000000003,-1.397631171227086,-1.5519634333868277,-5.247478589638554
2010-02-28,14.896385,0.699701636015449,15.0,57.49999999999999,-0.8249750000000002,-0.9499820000000003,-1.397631171227086,-1.5519634333868277,-5.247478589638554
2010-03-31,14.896385,0.699701636015449,15.0,57.49999999999999,-0.8249750000000002,-0.9499820000000003,-1.397631171227086,-1.5519634333868277,-5.247478589638554
2010-04-30,14.51494,0.4258634856911194,0.0,50.0,-1.0825600000000009,-1.260917000000001,-1.6021736617694666,-1.7211184422053092,-6.940599455040875
2010-05-31,14.51494,0.4258634856911194,0.0,50.0,-1.0825600000000009,-1.260917000000001,-1.6021736617694666,-1.7211184422053092,-6.940599455040875
2010-06-30,14.51494,0.4258634856911194,0.0,50.0,-1.0825600000000009,-1.260917000000001,-1.6021736617694666,-1.7211184422053092,-6.940599455040875
2010-07-31,14.069775,0.10729643414967084,0.0,47.5,-1.1821920000000006,-1.2568370000000009,-1.6157981203252256,-1.621487608395285,-7.75107892640996
2010-08-31,14.069775,0.10729643414967084,0.0,47.5,-1.1821920000000006,-1.2568370000000009,-1.6157981203252256,-1.621487608395285,-7.75107892640996
2010-09-30,14.069775,0.10729643414967084,0.0,47.5,-1.1821920000000006,-1.2568370000000009,-1.6157981203252256,-1.621487608395285,-7.75107892640996
2010-10-31,13.917807,-0.025818471568316063,0.0,45.0,-1.1680729999999997,-1.6287400000000005,-1.5130259181972818,-1.796758423936068,-7.7428230902009005
2010-11-30,13.917807,-0.025818471568316063,0.0,45.0,-1.1680729999999997,-1.6287400000000005,-1.5130259181972818,-1.796758423936068,-7.7428230902009005
2010-12-31,13.917807,-0.025818471568316063,0.0,45.0,-1.1680729999999997,-1.6287400000000005,-1.5130259181972818,-1.796758423936068,-7.7428230902009005
2011-01-31,13.580863,-0.2820905240027379,0.0,42.5,-1.3155219999999996,-2.140497,-1.5691621604413732,-2.0216655767340197,-8.831149302330733
2011-02-28,13.580863,-0.2820905240027379,0.0,42.5,-1.3155219999999996,-2.140497,-1.5691621604413732,-2.0216655767340197,-8.831149302330733
2011-03-31,13.580863,-0.2820905240027379,0.0,42.5,-1.3155219999999996,-2.140497,-1.5691621604413732,-2.0216655767340197,-8.831149302330733
2011-04-30,13.30846,-0.4959472386431207,0.0,40.0,-1.206479999999999,-2.28904,-1.3786920155473386,-1.966049891245392,-8.311987510799213
2011-05-31,13.30846,-0.4959472386431207,0.0,40.0,-1.206479999999999,-2.28904,-1.3786920155473386,-1.966049891245392,-8.311987510799213
2011-06-30,13.30846,-0.4959472386431207,0.0,40.0,-1.206479999999999,-2.28904,-1.3786920155473386,-1.966049891245392,-8.311987510799213
2011-07-31,13.057706,-0.6893128903231097,0.0,37.5,-1.0120690000000003,-2.194261000000001,-1.1272543983806418,-1.7693017293525672,-7.193213821827293
2011-08-31,13.057706,-0.6893128903231097,0.0,37.5,-1.0120690000000003,-2.194261000000001,-1.1272543983806418,-1.7693017293525672,-7.193213821827293
2011-09-30,13.057706,-0.6893128903231097,0.0,37.5,-1.0120690000000003,-2.194261000000001,-1.1272543983806418,-1.7693017293525672,-7.193213821827293
2011-10-31,12.944597,-0.7882281993711338,0.0,35.0,-0.9732099999999999,-2.1412829999999996,-1.040296494296152,-1.6264533380803003,-6.992552777890937
2011-11-30,12.944597,-0.7882281993711338,0.0,35.0,-0.9732099999999999,-2.1412829999999996,-1.040296494296152,-1.6264533380803003,-6.992552777890937
2011-12-31,12.944597,-0.7882281993711338,0.0,35.0,-0.9732099999999999,-2.1412829999999996,-1.040296494296152,-1.6264533380803003,-6.992552777890937
2012-01-31,12.749684,-0.9289086734064211,0.0,32.5,-0.8311790000000006,-2.146701,-0.8616925016157997,-1.5324655040765751,-6.120222256862473
2012-02-29,12.749684,-0.9289086734064211,0.0,32.5,-0.8311790000000006,-2.146701,-0.8616925016157997,-1.5324655040765751,-6.120222256862473
2012-03-31,12.749684,-0.9289086734064211,0.0,32.5,-0.8311790000000006,-2.146701,-0.8616925016157997,-1.5324655040765751,-6.120222256862473
2012-04-30,12.237059,-1.2832418759898743,0.0,10.0,-1.0714009999999998,-2.277880999999999,-1.0460283277150904,-1.5199868920114348,-8.050525755797445
2012-05-31,12.237059,-1.2832418759898743,0.0,10.0,-1.0714009999999998,-2.277880999999999,-1.0460283277150904,-1.5199868920114348,-8.050525755797445
2012-06-30,12.237059,-1.2832418759898743,0.0,10.0,-1.0714009999999998,-2.277880999999999,-1.0460283277150904,-1.5199868920114348,-8.050525755797445
2012-07-31,12.034065,-1.410094373162936,0.0,0.0,-1.0236409999999996,-2.03571,-0.9648225681574589,-1.3019604620682883,-7.839363208208239
2012-08-31,12.034065,-1.410094373162936,0.0,0.0,-1.0236409999999996,-2.03571,-0.9648225681574589,-1.3019604620682883,-7.839363208208239
2012-09-30,12.034065,-1.410094373162936,0.0,0.0,-1.0236409999999996,-2.03571,-0.9648225681574589,-1.3019604620682883,-7.839363208208239
2012-10-31,12.083107,-1.3615088091035783,5.0,2.5,-0.8614899999999999,-1.8346999999999998,-0.7847876426448563,-1.127992355450984,-6.655209119295103
2012-11-30,12.083107,-1.3615088091035783,5.0,2.5,-0.8614899999999999,-1.8346999999999998,-0.7847876426448563,-1.127992355450984,-6.655209119295103
2012-12-31,12.083107,-1.3615088091035783,5.0,2.5,-0.8614899999999999,-1.8346999999999998,-0.7847876426448563,-1.127992355450984,-6.655209119295103
2013-01-31,11.754033,-1.5583339447082225,0.0,0.0,-0.9956510000000005,-1.826830000000001,-0.886322784438236,-1.0758864493880418,-7.809220997163546
2013-02-28,11.754033,-1.5583339447082225,0.0,0.0,-0.9956510000000005,-1.826830000000001,-0.886322784438236,-1.0758864493880418,-7.809220997163546
2013-03-31,11.754033,-1.5583339447082225,0.0,0.0,-0.9956510000000005,-1.826830000000001,-0.886322784438236,-1.0758864493880418,-7.809220997163546
2013-04-30,12.006598,-1.3679679376396399,5.0,2.5,-0.23046100000000003,-1.3018619999999999,-0.1767158544069133,-0.7441778164724955,-1.8833038232470733
2013-05-31,12.006598,-1.3679679376396399,5.0,2.5,-0.23046100000000003,-1.3018619999999999,-0.1767158544069133,-0.7441778164724955,-1.8833038232470733
2013-06-30,12.006598,-1.3679679376396399,5.0,2.5,-0.23046100000000003,-1.3018619999999999,-0.1767158544069133,-0.7441778164724955,-1.8833038232470733
2013-07-31,11.794391,-1.4866532883001704,5.0,2.5,-0.23967400000000083,-1.2633150000000004,-0.18106198677372135,-0.7004600029732955,-1.9916295948210427
2013-08-31,11.794391,-1.4866532883001704,5.0,2.5,-0.23967400000000083,-1.2633150000000004,-0.18106198677372135,-0.7004600029732955,-1.9916295948210427
2013-09-30,11.794391,-1.4866532883001704,5.0,2.5,-0.23967400000000083,-1.2633150000000004,-0.18106198677372135,-0.7004600029732955,-1.9916295948210427
2013-10-31,11.837713,-1.4419590095098762,10.0,5.0,-0.24539399999999922,-1.106883999999999,-0.18596319455355811,-0.5949534114887473,-2.0308849371275084
2013-11-30,11.837713,-1.4419590095098762,10.0,5.0,-0.24539399999999922,-1.106883999999999,-0.18596319455355811,-0.5949534114887473,-2.0308849371275084
2013-12-31,11.837713,-1.4419590095098762,10.0,5.0,-0.24539399999999922,-1.106883999999999,-0.18596319455355811,-0.5949534114887473,-2.0308849371275084
2014-01-31,11.985283,-1.3326482447833257,15.0,7.5,0.23125000000000107,-0.7644009999999994,0.24532778283544932,-0.3949578606320095,1.9674098243556148
2014-02-28,11.985283,-1.3326482447833257,15.0,7.5,0.23125000000000107,-0.7644009999999994,0.24532778283544932,-0.3949578606320095,1.9674098243556148
2014-03-31,11.985283,-1.3326482447833257,15.0,7.5,0.23125000000000107,-0.7644009999999994,0.24532778283544932,-0.3949578606320095,1.9674098243556148
2014-04-30,11.883752,-1.3845326247077172,15.0,7.5,-0.1228460000000009,-0.3533070000000009,-0.08147047292200017,-0.15926447935061278,-1.0231541024360191
2014-05-31,11.883752,-1.3845326247077172,15.0,7.5,-0.1228460000000009,-0.3533070000000009,-0.08147047292200017,-0.15926447935061278,-1.0231541024360191
2014-06-30,11.883752,-1.3845326247077172,15.0,7.5,-0.1228460000000009,-0.3533070000000009,-0.08147047292200017,-0.15926447935061278,-1.0231541024360191
2014-07-31,11.62113,-1.5303179597710195,0.0,0.0,-0.17326099999999833,-0.41293499999999916,-0.12723192741238623,-0.19017299991887351,-1.4690118379151462
2014-08-31,11.62113,-1.5303179597710195,0.0,0.0,-0.17326099999999833,-0.41293499999999916,-0.12723192741238623,-0.19017299991887351,-1.4690118379151462
2014-09-30,11.62113,-1.5303179597710195,0.0,0.0,-0.17326099999999833,-0.41293499999999916,-0.12723192741238623,-0.19017299991887351,-1.4690118379151462
2014-10-31,11.646935,-1.483113829618392,5.0,2.5,-0.19077800000000167,-0.4361720000000009,-0.13604254244752512,-0.19853342850990324,-1.6116119726842681
2014-11-30,11.646935,-1.483113829618392,5.0,2.5,-0.19077800000000167,-0.4361720000000009,-0.13604254244752512,-0.19853342850990324,-1.6116119726842681
2014-12-31,11.646935,-1.483113829618392,5.0,2.5,-0.19077800000000167,-0.4361720000000009,-0.13604254244752512,-0.19853342850990324,-1.6116119726842681
2015-01-31,11.631979,-1.462544792144079,5.0,2.5,-0.3533040000000014,-0.12205400000000033,-0.27606829360619856,-0.019109944232987154,-2.947815249752561
2015-02-28,11.631979,-1.462544792144079,5.0,2.5,-0.3533040000000014,-0.12205400000000033,-0.27606829360619856,-0.019109944232987154,-2.947815249752561
2015-03-31,11.631979,-1.462544792144079,5.0,2.5,-0.3533040000000014,-0.12205400000000033,-0.27606829360619856,-0.019109944232987154,-2.947815249752561
2015-04-30,11.556607,-1.4251333348509712,0.0,0.0,-0.3271449999999998,-0.4499910000000007,-0.20114859847850963,-0.16907613033548466,-2.752876364299761
2015-05-31,11.556607,-1.4251333348509712,0.0,0.0,-0.3271449999999998,-0.4499910000000007,-0.20114859847850963,-0.16907613033548466,-2.752876364299761
2015-06-30,11.556607,-1.4251333348509712,0.0,0.0,-0.3271449999999998,-0.4499910000000007,-0.20114859847850963,-0.16907613033548466,-2.752876364299761
2015-07-31,11.485107,-1.387991337800656,0.0,0.0,-0.13602300000000156,-0.3092839999999999,0.06789375658161373,-0.04691528782648202,-1.1704799791414588
2015-08-31,11.485107,-1.387991337800656,0.0,0.0,-0.13602300000000156,-0.3092839999999999,0.06789375658161373,-0.04691528782648202,-1.1704799791414588
2015-09-30,11.485107,-1.387991337800656,0.0,0.0,-0.13602300000000156,-0.3092839999999999,0.06789375658161373,-0.04691528782648202,-1.1704799791414588
2015-10-31,11.606456,-1.245942896386305,10.0,5.0,-0.04047899999999949,-0.23125700000000116,0.30936401747289866,0.051651996145819584,-0.34755066461691353
2015-11-30,11.606456,-1.245942896386305,10.0,5.0,-0.04047899999999949,-0.23125700000000116,0.30936401747289866,0.051651996145819584,-0.34755066461691353
2015-12-31,11.606456,-1.245942896386305,10.0,5.0,-0.04047899999999949,-0.23125700000000116,0.30936401747289866,0.051651996145819584,-0.34755066461691353
2016-01-31,11.738949,-1.1083062752391473,30.0,15.0,0.10697000000000045,-0.24633400000000094,0.7923843019879413,0.09589475630948201,0.9196199546096295
2016-02-29,11.738949,-1.1083062752391473,30.0,15.0,0.10697000000000045,-0.24633400000000094,0.7923843019879413,0.09589475630948201,0.9196199546096295
2016-03-31,11.738949,-1.1083062752391473,30.0,15.0,0.10697000000000045,-0.24633400000000094,0.7923843019879413,0.09589475630948201,0.9196199546096295
2016-04-30,11.763221,-1.040210772557108,40.0,20.0,0.20661400000000008,-0.12053099999999972,0.9694497287900737,0.24400087585882552,1.7878430927001254
2016-05-31,11.763221,-1.040210772557108,40.0,20.0,0.20661400000000008,-0.12053099999999972,0.9694497287900737,0.24400087585882552,1.7878430927001254
2016-06-30,11.763221,-1.040210772557108,40.0,20.0,0.20661400000000008,-0.12053099999999972,0.9694497287900737,0.24400087585882552,1.7878430927001254
2016-07-31,11.766084,-0.98783461706622,45.0,22.5,0.28097700000000003,0.14495399999999847,1.096254075664636,0.5227897811110364,2.446446515474343
2016-08-31,11.766084,-0.98783461706622,45.0,22.5,0.28097700000000003,0.14495399999999847,1.096254075664636,0.5227897811110364,2.446446515474343
2016-09-30,11.766084,-0.98783461706622,45.0,22.5,0.28097700000000003,0.14495399999999847,1.096254075664636,0.5227897811110364,2.446446515474343
2016-10-31,11.769825,-0.937815425236196,50.0,25.0,0.1633690000000012,0.12289000000000172,0.891648010551753,0.6294064193928117,1.4075700627306231
2016-11-30,11.769825,-0.937815425236196,50.0,25.0,0.1633690000000012,0.12289000000000172,0.891648010551753,0.6294064193928117,1.4075700627306231
2016-12-31,11.769825,-0.937815425236196,50.0,25.0,0.1633690000000012,0.12289000000000172,0.891648010551753,0.6294064193928117,1.4075700627306231
2017-01-31,11.865788,-0.8372644043693452,65.0,32.5,0.12683900000000037,0.23380900000000082,0.8583408998677861,0.9275424102551146,1.080497070052866
2017-02-28,11.865788,-0.8372644043693452,65.0,32.5,0.12683900000000037,0.23380900000000082,0.8583408998677861,0.9275424102551146,1.080497070052866
2017-03-31,11.865788,-0.8372644043693452,65.0,32.5,0.12683900000000037,0.23380900000000082,0.8583408998677861,0.9275424102551146,1.080497070052866
2017-04-30,11.723732,-0.8788020706177911,30.0,15.0,-0.03948899999999966,0.1671250000000004,0.5991466926425648,0.8890482813758835,-0.33569887023290335
2017-05-31,11.723732,-0.8788020706177911,30.0,15.0,-0.03948899999999966,0.1671250000000004,0.5991466926425648,0.8890482813758835,-0.33569887023290335
2017-06-30,11.723732,-0.8788020706177911,30.0,15.0,-0.03948899999999966,0.1671250000000004,0.5991466926425648,0.8890482813758835,-0.33569887023290335
2017-07-31,11.756954,-0.8171183052296771,45.0,22.5,-0.009129999999998972,0.27184700000000106,0.7099959516932168,1.0298089043776912,-0.07759591041504033
2017-08-31,11.756954,-0.8171183052296771,45.0,22.5,-0.009129999999998972,0.27184700000000106,0.7099959516932168,1.0298089043776912,-0.07759591041504033
2017-09-30,11.756954,-0.8171183052296771,45.0,22.5,-0.009129999999998972,0.27184700000000106,0.7099959516932168,1.0298089043776912,-0.07759591041504033
2017-10-31,11.818405,-0.7397884703415661,70.0,35.0,0.0485799999999994,0.2119490000000006,0.8512992586492444,0.9874358914127341,0.4127504019813433
2017-11-30,11.818405,-0.7397884703415661,70.0,35.0,0.0485799999999994,0.2119490000000006,0.8512992586492444,0.9874358914127341,0.4127504019813433
2017-12-31,11.818405,-0.7397884703415661,70.0,35.0,0.0485799999999994,0.2119490000000006,0.8512992586492444,0.9874358914127341,0.4127504019813433
2018-01-31,11.816674,-0.7042787955743267,70.0,35.0,-0.049113999999999436,0.07772500000000093,0.690955541322344,0.8868548285619515,-0.4139126706123486
2018-02-28,11.816674,-0.7042787955743267,70.0,35.0,-0.049113999999999436,0.07772500000000093,0.690955541322344,0.8868548285619515,-0.4139126706123486
2018-03-31,11.816674,-0.7042787955743267,70.0,35.0,-0.049113999999999436,0.07772500000000093,0.690955541322344,0.8868548285619515,-0.4139126706123486
2018-04-30,11.644543,-0.7852201374160861,25.0,12.5,-0.07918899999999951,-0.11867799999999917,0.6576366917659621,0.7187518397538065,-0.6754589750089801
2018-05-31,11.644543,-0.7852201374160861,25.0,12.5,-0.07918899999999951,-0.11867799999999917,0.6576366917659621,0.7187518397538065,-0.6754589750089801
2018-06-30,11.644543,-0.7852201374160861,25.0,12.5,-0.07918899999999951,-0.11867799999999917,0.6576366917659621,0.7187518397538065,-0.6754589750089801
2018-07-31,11.598347,-0.7803293653967613,10.0,5.0,-0.15860699999999994,-0.16773699999999891,0.48508130003127825,0.6844078800889244,-1.3490484014822224
2018-08-31,11.598347,-0.7803293653967613,10.0,5.0,-0.15860699999999994,-0.16773699999999891,0.48508130003127825,0.6844078800889244,-1.3490484014822224
2018-09-30,11.598347,-0.7803293653967613,10.0,5.0,-0.15860699999999994,-0.16773699999999891,0.48508130003127825,0.6844078800889244,-1.3490484014822224
2018-10-31,11.619544,-0.7321470664908132,20.0,10.0,-0.19886100000000084,-0.15028100000000144,0.4043517706901617,0.7199822475777963,-1.6826382240243132
2018-11-30,11.619544,-0.7321470664908132,20.0,10.0,-0.19886100000000084,-0.15028100000000144,0.4043517706901617,0.7199822475777963,-1.6826382240243132
2018-12-31,11.619544,-0.7321470664908132,20.0,10.0,-0.19886100000000084,-0.15028100000000144,0.4043517706901617,0.7199822475777963,-1.6826382240243132
2019-01-31,11.666352,-0.6683784784289208,45.0,22.5,-0.15032200000000095,-0.1994360000000004,0.5058713249503449,0.6827796848012168,-1.2721176872612427
2019-02-28,11.666352,-0.6683784784289208,45.0,22.5,-0.15032200000000095,-0.1994360000000004,0.5058713249503449,0.6827796848012168,-1.2721176872612427
2019-03-31,11.666352,-0.6683784784289208,45.0,22.5,-0.15032200000000095,-0.1994360000000004,0.5058713249503449,0.6827796848012168,-1.2721176872612427
2019-04-30,11.499875,-0.7903000125004476,5.0,2.5,-0.14466800000000113,-0.22385700000000064,0.5153360474383968,0.6678278027860329,-1.2423673475206454
2019-05-31,11.499875,-0.7903000125004476,5.0,2.5,-0.14466800000000113,-0.22385700000000064,0.5153360474383968,0.6678278027860329,-1.2423673475206454
2019-06-30,11.499875,-0.7903000125004476,5.0,2.5,-0.14466800000000113,-0.22385700000000064,0.5153360474383968,0.6678278027860329,-1.2423673475206454
2019-07-31,11.626957,-0.6506192087125853,35.0,17.5,0.02861000000000047,-0.12999699999999947,0.8628791290748696,0.7669153877292944,0.24667308194865623
2019-08-31,11.626957,-0.6506192087125853,35.0,17.5,0.02861000000000047,-0.12999699999999947,0.8628791290748696,0.7669153877292944,0.24667308194865623
2019-09-30,11.626957,-0.6506192087125853,35.0,17.5,0.02861000000000047,-0.12999699999999947,0.8628791290748696,0.7669153877292944,0.24667308194865623
2019-10-31,11.646529,-0.6096611817851296,45.0,25.0,0.026984999999999815,-0.17187600000000103,0.8272439395260328,0.700550918926205,0.2322380293064752
2019-11-30,11.646529,-0.6096611817851296,45.0,25.0,0.026984999999999815,-0.17187600000000103,0.8272439395260328,0.700550918926205,0.2322380293064752
2019-12-31,11.646529,-0.6096611817851296,45.0,25.0,0.026984999999999815,-0.17187600000000103,0.8272439395260328,0.700550918926205,0.2322380293064752
2020-01-31,11.727526,-0.4923119381680987,60.0,35.0,0.061173999999999396,-0.08914800000000156,0.852684790808791,0.7659828271086888,0.5243627142400564
2020-02-29,11.727526,-0.4923119381680987,60.0,35.0,0.061173999999999396,-0.08914800000000156,0.852684790808791,0.7659828271086888,0.5243627142400564
2020-03-31,11.727526,-0.4923119381680987,60.0,35.0,0.061173999999999396,-0.08914800000000156,0.852684790808791,0.7659828271086888,0.5243627142400564
2020-04-30,11.587379,-0.6659823313969885,15.0,7.5,0.08750400000000091,-0.057164000000000215,0.8633783383051252,0.7656494922596594,0.7609126186154169
2020-05-31,11.587379,-0.6659823313969885,15.0,7.5,0.08750400000000091,-0.057164000000000215,0.8633783383051252,0.7656494922596594,0.7609126186154169
2020-06-30,11.587379,-0.6659823313969885,15.0,7.5,0.08750400000000091,-0.057164000000000215,0.8633783383051252,0.7656494922596594,0.7609126186154169
2020-07-31,9.739372,-3.1904672228762365,0.0,0.0,-1.8875850000000014,-1.858975000000001,-2.932871105336935,-1.264138731535224,-16.23455733086483
2020-08-31,9.739372,-3.1904672228762365,0.0,0.0,-1.8875850000000014,-1.858975000000001,-2.932871105336935,-1.264138731535224,-16.23455733086483
2020-09-30,9.739372,-3.1904672228762365,0.0,0.0,-1.8875850000000014,-1.858975000000001,-2.932871105336935,-1.264138731535224,-16.23455733086483
2020-10-31,10.067065,-2.635619612566334,5.0,2.5,-1.5794639999999998,-1.552479,-2.2409752378025676,-0.9222204224095983,-13.561671464519598
2020-11-30,10.067065,-2.635619612566334,5.0,2.5,-1.5794639999999998,-1.552479,-2.2409752378025676,-0.9222204224095983,-13.561671464519598
2020-12-31,10.067065,-2.635619612566334,5.0,2.5,-1.5794639999999998,-1.552479,-2.2409752378025676,-0.9222204224095983,-13.561671464519598
2021-01-31,10.404484,-2.0907918915977164,10.0,5.0,-1.3230419999999992,-1.2618679999999998,-1.7694879787452449,-0.6364252607483081,-11.281509842740912
2021-02-28,10.404484,-2.0907918915977164,10.0,5.0,-1.3230419999999992,-1.2618679999999998,-1.7694879787452449,-0.6364252607483081,-11.281509842740912
2021-03-31,10.404484,-2.0907918915977164,10.0,5.0,-1.3230419999999992,-1.2618679999999998,-1.7694879787452449,-0.6364252607483081,-11.281509842740912
2021-04-30,9.084982,-3.538038900889648,0.0,0.0,-2.502397,-2.4148929999999993,-3.355847635515719,-1.9616002441007472,-21.595884625850246
2021-05-31,9.084982,-3.538038900889648,0.0,0.0,-2.502397,-2.4148929999999993,-3.355847635515719,-1.9616002441007472,-21.595884625850246
2021-06-30,9.084982,-3.538038900889648,0.0,0.0,-2.502397,-2.4148929999999993,-3.355847635515719,-1.9616002441007472,-21.595884625850246
2021-07-31,9.889169,-2.271308535558636,10.0,5.0,0.1497970000000013,-1.737788,0.8139048113495623,-1.2159018179920238,1.538056047145564
2021-08-31,9.889169,-2.271308535558636,10.0,5.0,0.1497970000000013,-1.737788,0.8139048113495623,-1.2159018179920238,1.538056047145564
2021-09-30,9.889169,-2.271308535558636,10.0,5.0,0.1497970000000013,-1.737788,0.8139048113495623,-1.2159018179920238,1.538056047145564
2021-10-31,10.057423,-1.9379840800315369,15.0,7.5,-0.009641999999999484,-1.5891059999999992,0.5259202021103252,-1.0819099366147784,-0.09577766707574709
2021-11-30,10.057423,-1.9379840800315369,15.0,7.5,-0.009641999999999484,-1.5891059999999992,0.5259202021103252,-1.0819099366147784,-0.09577766707574709
2021-12-31,10.057423,-1.9379840800315369,15.0,7.5,-0.009641999999999484,-1.5891059999999992,0.5259202021103252,-1.0819099366147784,-0.09577766707574709
2022-01-31,10.281331,-1.5621903356368128,25.0,12.5,-0.12315300000000029,-1.4461949999999995,0.31696529481895597,-0.9588073914820903,-1.1836531249411308
2022-02-28,10.281331,-1.5621903356368128,25.0,12.5,-0.12315300000000029,-1.4461949999999995,0.31696529481895597,-0.9588073914820903,-1.1836531249411308
2022-03-31,10.281331,-1.5621903356368128,25.0,12.5,-0.12315300000000029,-1.4461949999999995,0.31696529481895597,-0.9588073914820903,-1.1836531249411308
2022-04-30,10.512948,-1.1860612552102434,35.0,17.5,1.4279659999999996,-1.0744310000000006,2.538238291559125,-0.5615059492930643,15.717873739320565
2022-05-31,10.512948,-1.1860612552102434,35.0,17.5,1.4279659999999996,-1.0744310000000006,2.538238291559125,-0.5615059492930643,15.717873739320565
2022-06-30,10.512948,-1.1860612552102434,35.0,17.5,1.4279659999999996,-1.0744310000000006,2.538238291559125,-0.5615059492930643,15.717873739320565
2022-07-31,10.719184,-0.8628766544963962,40.0,20.0,0.8300149999999995,0.9798120000000008,1.544664097375156,2.009132991691961,8.393172368679313
2022-08-31,10.719184,-0.8628766544963962,40.0,20.0,0.8300149999999995,0.9798120000000008,1.544664097375156,2.009132991691961,8.393172368679313
2022-09-30,10.719184,-0.8628766544963962,40.0,20.0,0.8300149999999995,0.9798120000000008,1.544664097375156,2.009132991691961,8.393172368679313
2022-10-31,10.598597,-0.9759343193452087,40.0,20.0,0.5411739999999998,0.5315320000000003,1.0608176910859155,1.3669803085048962,5.380841593318686
2022-11-30,10.598597,-0.9759343193452087,40.0,20.0,0.5411739999999998,0.5315320000000003,1.0608176910859155,1.3669803085048962,5.380841593318686
2022-12-31,10.598597,-0.9759343193452087,40.0,20.0,0.5411739999999998,0.5315320000000003,1.0608176910859155,1.3669803085048962,5.380841593318686
2023-01-31,10.78019,-0.6960511603622679,50.0,25.0,0.4988589999999995,0.3757059999999992,0.9501682861392401,1.117052728532439,4.852085785391003
2023-02-28,10.78019,-0.6960511603622679,50.0,25.0,0.4988589999999995,0.3757059999999992,0.9501682861392401,1.117052728532439,4.852085785391003
2023-03-31,10.78019,-0.6960511603622679,50.0,25.0,0.4988589999999995,0.3757059999999992,0.9501682861392401,1.117052728532439,4.852085785391003
2023-04-30,10.635346,-0.8476480550303611,45.0,22.5,0.12239800000000045,1.550364,0.37423456289997786,2.4300144052647066,1.1642595397599376
2023-05-31,10.635346,-0.8476480550303611,45.0,22.5,0.12239800000000045,1.550364,0.37423456289997786,2.4300144052647066,1.1642595397599376
2023-06-30,10.635346,-0.8476480550303611,45.0,22.5,0.12239800000000045,1.550364,0.37423456289997786,2.4300144052647066,1.1642595397599376
2023-07-31,10.675248,-0.7552411770111832,50.0,25.0,-0.04393600000000042,0.7860789999999991,0.1189699089570557,1.3921225782316415,-0.40988194623770013
2023-08-31,10.675248,-0.7552411770111832,50.0,25.0,-0.04393600000000042,0.7860789999999991,0.1189699089570557,1.3921225782316415,-0.40988194623770013
2023-09-30,10.675248,-0.7552411770111832,50.0,25.0,-0.04393600000000042,0.7860789999999991,0.1189699089570557,1.3921225782316415,-0.40988194623770013
2023-10-31,10.86617,-0.4668406275472359,65.0,32.5,0.2675730000000005,0.8087470000000003,0.5622536057782636,1.3444684964372922,2.5246077381751553
2023-11-30,10.86617,-0.4668406275472359,65.0,32.5,0.2675730000000005,0.8087470000000003,0.5622536057782636,1.3444684964372922,2.5246077381751553
2023-12-31,10.86617,-0.4668406275472359,65.0,32.5,0.2675730000000005,0.8087470000000003,0.5622536057782636,1.3444684964372922,2.5246077381751553
2024-01-31,11.230811,0.0560038504811585,70.0,35.0,0.45062099999999994,0.9494799999999994,0.8214762095865302,1.4312412281824178,4.18008402449308
2024-02-29,11.230811,0.0560038504811585,70.0,35.0,0.45062099999999994,0.9494799999999994,0.8214762095865302,1.4312412281824178,4.18008402449308
2024-03-31,11.230811,0.0560038504811585,70.0,35.0,0.45062099999999994,0.9494799999999994,0.8214762095865302,1.4312412281824178,4.18008402449308
2024-04-30,11.160293,-0.01663526831815068,70.0,35.0,0.5249469999999992,0.6473449999999996,0.8977002455948032,1.024343191061225,4.935871385848656
2024-05-31,11.160293,-0.01663526831815068,70.0,35.0,0.5249469999999992,0.6473449999999996,0.8977002455948032,1.024343191061225,4.935871385848656
2024-06-30,11.160293,-0.01663526831815068,70.0,35.0,0.5249469999999992,0.6473449999999996,0.8977002455948032,1.024343191061225,4.935871385848656
2024-07-31,11.159186,-0.002042934386475248,70.0,35.0,0.4839380000000002,0.4400019999999998,0.8069068830930801,0.7485599132482521,4.533271732890887
2024-08-31,11.159186,-0.002042934386475248,70.0,35.0,0.4839380000000002,0.4400019999999998,0.8069068830930801,0.7485599132482521,4.533271732890887
2024-09-30,11.159186,-0.002042934386475248,70.0,35.0,0.4839380000000002,0.4400019999999998,0.8069068830930801,0.7485599132482521,4.533271732890887
2024-10-31,11.31315,0.2273853185242424,85.0,42.5,0.44697999999999993,0.7145530000000004,0.7254398236906163,1.0242680247333522,4.113500893138977
2024-11-30,11.31315,0.2273853185242424,85.0,42.5,0.44697999999999993,0.7145530000000004,0.7254398236906163,1.0242680247333522,4.113500893138977
2024-12-31,11.31315,0.2273853185242424,85.0,42.5,0.44697999999999993,0.7145530000000004,0.7254398236906163,1.0242680247333522,4.113500893138977
2025-01-31,11.286829,0.20349940849645998,85.0,42.5,0.0560179999999999,0.5066389999999998,0.14808184605566221,0.7588654651148707,0.49878855587544013
2025-02-28,11.286829,0.20349940849645998,85.0,42.5,0.0560179999999999,0.5066389999999998,0.14808184605566221,0.7588654651148707,0.49878855587544013
2025-03-31,11.286829,0.20349940849645998,85.0,42.5,0.0560179999999999,0.5066389999999998,0.14808184605566221,0.7588654651148707,0.49878855587544013
2025-04-30,11.257759,0.17351725716270996,85.0,42.5,0.09746600000000072,0.6224129999999999,0.19289284314827154,0.8543814942171086,0.8733283256989743
2025-05-31,11.257759,0.17351725716270996,85.0,42.5,0.09746600000000072,0.6224129999999999,0.19289284314827154,0.8543814942171086,0.8733283256989743
2025-06-30,11.257759,0.17351725716270996,85.0,42.5,0.09746600000000072,0.6224129999999999,0.19289284314827154,0.8543814942171086,0.8733283256989743
2025-07-31,11.249194,0.17020156293711428,85.0,42.5,0.0900079999999992,0.5739459999999994,0.17392491512328287,0.7681793307130793,0.8065821288398611
