as_of_date,factor_raw,pctl_5y,pctl_10y,delta_4q,delta_delta,slope_4q,delta_zscore,consecutive_rises
1960-09-30,32.6821579208,100.0,95.0,1.9680166812000017,-0.3910762748999943,0.6362912499599928,1.0664091278634142,7.0
1960-10-31,32.6821579208,100.0,95.0,1.9680166812000017,-0.3910762748999943,0.6362912499599928,1.0664091278634142,7.0
1960-11-30,32.6821579208,100.0,95.0,1.9680166812000017,-0.3910762748999943,0.6362912499599928,1.0664091278634142,7.0
1960-12-31,32.2189798724,85.0,87.5,1.4044776241,-0.5635390571000016,0.3172126967899952,0.7253589406975097,0.0
1961-01-31,32.2189798724,85.0,87.5,1.4044776241,-0.5635390571000016,0.3172126967899952,0.7253589406975097,0.0
1961-02-28,32.2189798724,85.0,87.5,1.4044776241,-0.5635390571000016,0.3172126967899952,0.7253589406975097,0.0
1961-03-31,32.6594751163,95.0,92.5,1.3077188443000018,-0.09675877979999825,0.11801420382000019,0.6567392627773175,1.0
1961-04-30,32.6594751163,95.0,92.5,1.3077188443000018,-0.09675877979999825,0.11801420382000019,0.6567392627773175,1.0
1961-05-31,32.6594751163,95.0,92.5,1.3077188443000018,-0.09675877979999825,0.11801420382000019,0.6567392627773175,1.0
1961-06-30,32.4371825061,90.0,92.5,0.32548075200000426,-0.9822380922999976,-0.029443100020006347,0.07935298697994847,0.0
1961-07-31,32.4371825061,90.0,92.5,0.32548075200000426,-0.9822380922999976,-0.029443100020006347,0.07935298697994847,0.0
1961-08-31,32.4371825061,90.0,92.5,0.32548075200000426,-0.9822380922999976,-0.029443100020006347,0.07935298697994847,0.0
1961-09-30,31.9101490067,60.0,75.0,-0.7720089141000024,-1.0974896661000066,-0.114878520730001,-0.5662191806814468,0.0
1961-10-31,31.9101490067,60.0,75.0,-0.7720089141000024,-1.0974896661000066,-0.114878520730001,-0.5662191806814468,0.0
1961-11-30,31.9101490067,60.0,75.0,-0.7720089141000024,-1.0974896661000066,-0.114878520730001,-0.5662191806814468,0.0
1961-12-31,31.5852075999,40.0,57.49999999999999,-0.6337722724999999,0.13823664160000249,-0.37498360486000737,-0.4957347167773374,0.0
1962-01-31,31.5852075999,40.0,57.49999999999999,-0.6337722724999999,0.13823664160000249,-0.37498360486000737,-0.4957347167773374,0.0
1962-02-28,31.5852075999,40.0,57.49999999999999,-0.6337722724999999,0.13823664160000249,-0.37498360486000737,-0.4957347167773374,0.0
1962-03-31,32.1151320702,70.0,82.5,-0.5443430461000034,0.08942922639999651,-0.12910927145000747,-0.43345722441345536,1.0
1962-04-30,32.1151320702,70.0,82.5,-0.5443430461000034,0.08942922639999651,-0.12910927145000747,-0.43345722441345536,1.0
1962-05-31,32.1151320702,70.0,82.5,-0.5443430461000034,0.08942922639999651,-0.12910927145000747,-0.43345722441345536,1.0
1962-06-30,31.703909907,50.0,65.0,-0.7332725991000011,-0.1889295529999977,-0.008879282880003612,-0.5173537424147548,0.0
1962-07-31,31.703909907,50.0,65.0,-0.7332725991000011,-0.1889295529999977,-0.008879282880003612,-0.5173537424147548,0.0
1962-08-31,31.703909907,50.0,65.0,-0.7332725991000011,-0.1889295529999977,-0.008879282880003612,-0.5173537424147548,0.0
1962-09-30,31.9583386795,65.0,77.5,0.04818967279999953,0.7814622719000006,0.07081710755999338,0.011776159059529,1.0
1962-10-31,31.9583386795,65.0,77.5,0.04818967279999953,0.7814622719000006,0.07081710755999338,0.011776159059529,1.0
1962-11-30,31.9583386795,65.0,77.5,0.04818967279999953,0.7814622719000006,0.07081710755999338,0.011776159059529,1.0
1962-12-31,31.9269167212,65.0,75.0,0.34170912130000275,0.2935194485000032,-0.031021727450007665,0.2143981897474257,0.0
1963-01-31,31.9269167212,65.0,75.0,0.34170912130000275,0.2935194485000032,-0.031021727450007665,0.2143981897474257,0.0
1963-02-28,31.9269167212,65.0,75.0,0.34170912130000275,0.2935194485000032,-0.031021727450007665,0.2143981897474257,0.0
1963-03-31,32.5809361422,90.0,95.0,0.4658040720000045,0.12409495070000176,0.25996567472999527,0.2743168467502323,1.0
1963-04-30,32.5809361422,90.0,95.0,0.4658040720000045,0.12409495070000176,0.25996567472999527,0.2743168467502323,1.0
1963-05-31,32.5809361422,90.0,95.0,0.4658040720000045,0.12409495070000176,0.25996567472999527,0.2743168467502323,1.0
1963-06-30,32.2954774592,80.0,87.5,0.5915675522000008,0.12576348019999628,0.16654357600999675,0.34329232941343296,0.0
1963-07-31,32.2954774592,80.0,87.5,0.5915675522000008,0.12576348019999628,0.16654357600999675,0.34329232941343296,0.0
1963-08-31,32.2954774592,80.0,87.5,0.5915675522000008,0.12576348019999628,0.16654357600999675,0.34329232941343296,0.0
1963-09-30,32.419970972,80.0,90.0,0.4616322925000027,-0.12993525969999808,0.11937040693999765,0.25375469396618566,1.0
1963-10-31,32.419970972,80.0,90.0,0.4616322925000027,-0.12993525969999808,0.11937040693999765,0.25375469396618566,1.0
1963-11-30,32.419970972,80.0,90.0,0.4616322925000027,-0.12993525969999808,0.11937040693999765,0.25375469396618566,1.0
1963-12-31,32.191406736,65.0,77.5,0.26449001479999623,-0.19714227770000647,-0.10440947058000893,0.12343128936687649,0.0
1964-01-31,32.191406736,65.0,77.5,0.26449001479999623,-0.19714227770000647,-0.10440947058000893,0.12343128936687649,0.0
1964-02-29,32.191406736,65.0,77.5,0.26449001479999623,-0.19714227770000647,-0.10440947058000893,0.12343128936687649,0.0
1964-03-31,33.0295760001,100.0,100.0,0.44863985789999816,0.18414984310000193,0.19737313866999562,0.21443739179062338,1.0
1964-04-30,33.0295760001,100.0,100.0,0.44863985789999816,0.18414984310000193,0.19737313866999562,0.21443739179062338,1.0
1964-05-31,33.0295760001,100.0,100.0,0.44863985789999816,0.18414984310000193,0.19737313866999562,0.21443739179062338,1.0
1964-06-30,32.8863058236,95.0,97.5,0.5908283643999965,0.14218850649999837,0.22371738188999224,0.27385848759043835,0.0
1964-07-31,32.8863058236,95.0,97.5,0.5908283643999965,0.14218850649999837,0.22371738188999224,0.27385848759043835,0.0
1964-08-31,32.8863058236,95.0,97.5,0.5908283643999965,0.14218850649999837,0.22371738188999224,0.27385848759043835,0.0
1964-09-30,33.3833739978,100.0,100.0,0.9634030257999981,0.3725746614000016,0.34326316088999337,0.4881205733013392,1.0
1964-10-31,33.3833739978,100.0,100.0,0.9634030257999981,0.3725746614000016,0.34326316088999337,0.4881205733013392,1.0
1964-11-30,33.3833739978,100.0,100.0,0.9634030257999981,0.3725746614000016,0.34326316088999337,0.4881205733013392,1.0
1964-12-31,33.353866704,95.0,97.5,1.1624599680000003,0.19905694220000214,0.1469940285899922,0.5951409115886499,0.0
1965-01-31,33.353866704,95.0,97.5,1.1624599680000003,0.19905694220000214,0.1469940285899922,0.5951409115886499,0.0
1965-02-28,33.353866704,95.0,97.5,1.1624599680000003,0.19905694220000214,0.1469940285899922,0.5951409115886499,0.0
1965-03-31,34.0945945405,100.0,100.0,1.065018540399997,-0.0974414276000033,0.3595358856899955,0.48408970044457594,1.0
1965-04-30,34.0945945405,100.0,100.0,1.065018540399997,-0.0974414276000033,0.3595358856899955,0.48408970044457594,1.0
1965-05-31,34.0945945405,100.0,100.0,1.065018540399997,-0.0974414276000033,0.3595358856899955,0.48408970044457594,1.0
1965-06-30,34.715467945,100.0,100.0,1.8291621214000031,0.7641435810000061,0.4737009678099951,1.0277798444514745,2.0
1965-07-31,34.715467945,100.0,100.0,1.8291621214000031,0.7641435810000061,0.4737009678099951,1.0277798444514745,2.0
1965-08-31,34.715467945,100.0,100.0,1.8291621214000031,0.7641435810000061,0.4737009678099951,1.0277798444514745,2.0
1965-09-30,35.5320892078,100.0,100.0,2.148715209999999,0.31955308859999576,0.7155540915899968,1.2138114228296402,3.0
1965-10-31,35.5320892078,100.0,100.0,2.148715209999999,0.31955308859999576,0.7155540915899968,1.2138114228296402,3.0
1965-11-30,35.5320892078,100.0,100.0,2.148715209999999,0.31955308859999576,0.7155540915899968,1.2138114228296402,3.0
1965-12-31,35.4791066116,95.0,97.5,2.1252399076000046,-0.02347530239999429,0.49701574760999323,1.1480407107723287,0.0
1966-01-31,35.4791066116,95.0,97.5,2.1252399076000046,-0.02347530239999429,0.49701574760999323,1.1480407107723287,0.0
1966-02-28,35.4791066116,95.0,97.5,2.1252399076000046,-0.02347530239999429,0.49701574760999323,1.1480407107723287,0.0
1966-03-31,36.9035339391,100.0,100.0,2.8089393986000033,0.6836994909999987,0.6511215386099949,1.5919593141535615,1.0
1966-04-30,36.9035339391,100.0,100.0,2.8089393986000033,0.6836994909999987,0.6511215386099949,1.5919593141535615,1.0
1966-05-31,36.9035339391,100.0,100.0,2.8089393986000033,0.6836994909999987,0.6511215386099949,1.5919593141535615,1.0
1966-06-30,36.8414195349,95.0,97.5,2.125951589899998,-0.6829878087000054,0.5352418308799964,1.1070496602733642,0.0
1966-07-31,36.8414195349,95.0,97.5,2.125951589899998,-0.6829878087000054,0.5352418308799964,1.1070496602733642,0.0
1966-08-31,36.8414195349,95.0,97.5,2.125951589899998,-0.6829878087000054,0.5352418308799964,1.1070496602733642,0.0
1966-09-30,37.6510670686,100.0,100.0,2.118977860800001,-0.006973729099996717,0.6453766966799933,1.1351098694450164,1.0
1966-10-31,37.6510670686,100.0,100.0,2.118977860800001,-0.006973729099996717,0.6453766966799933,1.1351098694450164,1.0
1966-11-30,37.6510670686,100.0,100.0,2.118977860800001,-0.006973729099996717,0.6453766966799933,1.1351098694450164,1.0
1966-12-31,37.3301469838,95.0,97.5,1.8510403721999964,-0.26793748860000477,0.20894866677999344,0.9583273667754327,0.0
1967-01-31,37.3301469838,95.0,97.5,1.8510403721999964,-0.26793748860000477,0.20894866677999344,0.9583273667754327,0.0
1967-02-28,37.3301469838,95.0,97.5,1.8510403721999964,-0.26793748860000477,0.20894866677999344,0.9583273667754327,0.0
1967-03-31,37.6764960076,100.0,100.0,0.7729620685,-1.0780783036999964,0.21843093332999466,0.1576942409373634,1.0
1967-04-30,37.6764960076,100.0,100.0,0.7729620685,-1.0780783036999964,0.21843093332999466,0.1576942409373634,1.0
1967-05-31,37.6764960076,100.0,100.0,0.7729620685,-1.0780783036999964,0.21843093332999466,0.1576942409373634,1.0
1967-06-30,37.609805155,90.0,95.0,0.7683856200999983,-0.004576448400001709,0.022256328299993113,0.15869892895821627,0.0
1967-07-31,37.609805155,90.0,95.0,0.7683856200999983,-0.004576448400001709,0.022256328299993113,0.15869892895821627,0.0
1967-08-31,37.609805155,90.0,95.0,0.7683856200999983,-0.004576448400001709,0.022256328299993113,0.15869892895821627,0.0
1967-09-30,37.8566371871,100.0,100.0,0.20557011849999896,-0.5628155015999994,0.1512779757299976,-0.2725565596735218,1.0
1967-10-31,37.8566371871,100.0,100.0,0.20557011849999896,-0.5628155015999994,0.1512779757299976,-0.2725565596735218,1.0
1967-11-30,37.8566371871,100.0,100.0,0.20557011849999896,-0.5628155015999994,0.1512779757299976,-0.2725565596735218,1.0
1967-12-31,36.809154501,65.0,82.5,-0.520992482799997,-0.726562601299996,-0.23551924877000488,-0.8229955330107755,0.0
1968-01-31,36.809154501,65.0,82.5,-0.520992482799997,-0.726562601299996,-0.23551924877000488,-0.8229955330107755,0.0
1968-02-29,36.809154501,65.0,82.5,-0.520992482799997,-0.726562601299996,-0.23551924877000488,-0.8229955330107755,0.0
1968-03-31,37.5619484724,80.0,90.0,-0.11454753520000338,0.4064449475999936,-0.11910527339000576,-0.5208856174834354,1.0
1968-04-30,37.5619484724,80.0,90.0,-0.11454753520000338,0.4064449475999936,-0.11910527339000576,-0.5208856174834354,1.0
1968-05-31,37.5619484724,80.0,90.0,-0.11454753520000338,0.4064449475999936,-0.11910527339000576,-0.5208856174834354,1.0
1968-06-30,37.0097016347,70.0,85.0,-0.6001035202999958,-0.4855559850999924,-0.17880126858000484,-0.9290901226921029,0.0
1968-07-31,37.0097016347,70.0,85.0,-0.6001035202999958,-0.4855559850999924,-0.17880126858000484,-0.9290901226921029,0.0
1968-08-31,37.0097016347,70.0,85.0,-0.6001035202999958,-0.4855559850999924,-0.17880126858000484,-0.9290901226921029,0.0
1968-09-30,37.4365363914,75.0,87.5,-0.4201007957000016,0.18000272459999422,0.13298988334999362,-0.8640242465328114,1.0
1968-10-31,37.4365363914,75.0,87.5,-0.4201007957000016,0.18000272459999422,0.13298988334999362,-0.8640242465328114,1.0
1968-11-30,37.4365363914,75.0,87.5,-0.4201007957000016,0.18000272459999422,0.13298988334999362,-0.8640242465328114,1.0
1968-12-31,37.3020881765,65.0,82.5,0.492933675499998,0.9130344711999996,-0.035274613100006694,-0.17169457232603713,0.0
1969-01-31,37.3020881765,65.0,82.5,0.492933675499998,0.9130344711999996,-0.035274613100006694,-0.17169457232603713,0.0
1969-02-28,37.3020881765,65.0,82.5,0.492933675499998,0.9130344711999996,-0.035274613100006694,-0.17169457232603713,0.0
1969-03-31,38.0664001482,100.0,100.0,0.5044516758000057,0.011518000300007714,0.3035647325599936,-0.23270933437748098,1.0
1969-04-30,38.0664001482,100.0,100.0,0.5044516758000057,0.011518000300007714,0.3035647325599936,-0.23270933437748098,1.0
1969-05-31,38.0664001482,100.0,100.0,0.5044516758000057,0.011518000300007714,0.3035647325599936,-0.23270933437748098,1.0
1969-06-30,38.1039599656,100.0,100.0,1.0942583308999971,0.5898066550999914,0.27665826943000055,0.3141787238646971,2.0
1969-07-31,38.1039599656,100.0,100.0,1.0942583308999971,0.5898066550999914,0.27665826943000055,0.3141787238646971,2.0
1969-08-31,38.1039599656,100.0,100.0,1.0942583308999971,0.5898066550999914,0.27665826943000055,0.3141787238646971,2.0
1969-09-30,39.3307354484,100.0,100.0,1.8941990570000016,0.7999407261000044,0.6123501633099933,1.092557107965857,3.0
1969-10-31,39.3307354484,100.0,100.0,1.8941990570000016,0.7999407261000044,0.6123501633099933,1.092557107965857,3.0
1969-11-30,39.3307354484,100.0,100.0,1.8941990570000016,0.7999407261000044,0.6123501633099933,1.092557107965857,3.0
1969-12-31,39.719808908,100.0,100.0,2.4177207314999976,0.523521674499996,0.6187001762199908,1.5564458302610507,4.0
1970-01-31,39.719808908,100.0,100.0,2.4177207314999976,0.523521674499996,0.6187001762199908,1.5564458302610507,4.0
1970-02-28,39.719808908,100.0,100.0,2.4177207314999976,0.523521674499996,0.6187001762199908,1.5564458302610507,4.0
1970-03-31,40.4258261527,100.0,100.0,2.359426004499994,-0.05829472700000338,0.7354672020899987,1.4488567198235407,5.0
1970-04-30,40.4258261527,100.0,100.0,2.359426004499994,-0.05829472700000338,0.7354672020899987,1.4488567198235407,5.0
1970-05-31,40.4258261527,100.0,100.0,2.359426004499994,-0.05829472700000338,0.7354672020899987,1.4488567198235407,5.0
1970-06-30,38.9916857735,85.0,92.5,0.8877258079000043,-1.4717001965999899,-0.03111317800000571,0.05099017210963937,0.0
1970-07-31,38.9916857735,85.0,92.5,0.8877258079000043,-1.4717001965999899,-0.03111317800000571,0.05099017210963937,0.0
1970-08-31,38.9916857735,85.0,92.5,0.8877258079000043,-1.4717001965999899,-0.03111317800000571,0.05099017210963937,0.0
1970-09-30,39.2680279412,85.0,92.5,-0.0627075071999954,-0.9504333150999997,-0.278948327960006,-0.8579336298575043,1.0
1970-10-31,39.2680279412,85.0,92.5,-0.0627075071999954,-0.9504333150999997,-0.278948327960006,-0.8579336298575043,1.0
1970-11-30,39.2680279412,85.0,92.5,-0.0627075071999954,-0.9504333150999997,-0.278948327960006,-0.8579336298575043,1.0
1970-12-31,38.371578708,75.0,87.5,-1.3482301999999962,-1.2855226928000008,-0.5886400166400031,-1.9865991031774366,0.0
1971-01-31,38.371578708,75.0,87.5,-1.3482301999999962,-1.2855226928000008,-0.5886400166400031,-1.9865991031774366,0.0
1971-02-28,38.371578708,75.0,87.5,-1.3482301999999962,-1.2855226928000008,-0.5886400166400031,-1.9865991031774366,0.0
1971-03-31,37.7223487833,55.00000000000001,77.5,-2.703477369399998,-1.355247169400002,-0.47044602038000516,-2.8453793167210035,0.0
1971-04-30,37.7223487833,55.00000000000001,77.5,-2.703477369399998,-1.355247169400002,-0.47044602038000516,-2.8453793167210035,0.0
1971-05-31,37.7223487833,55.00000000000001,77.5,-2.703477369399998,-1.355247169400002,-0.47044602038000516,-2.8453793167210035,0.0
1971-06-30,37.0483285449,15.0,57.49999999999999,-1.9433572286,0.760120140799998,-0.7308328113600068,-2.0277691037891614,0.0
1971-07-31,37.0483285449,15.0,57.49999999999999,-1.9433572286,0.760120140799998,-0.7308328113600068,-2.0277691037891614,0.0
1971-08-31,37.0483285449,15.0,57.49999999999999,-1.9433572286,0.760120140799998,-0.7308328113600068,-2.0277691037891614,0.0
1971-09-30,36.8839761564,5.0,50.0,-2.3840517848000005,-0.4406945562000004,-0.513682789320004,-2.227595131995313,0.0
1971-10-31,36.8839761564,5.0,50.0,-2.3840517848000005,-0.4406945562000004,-0.513682789320004,-2.227595131995313,0.0
1971-11-30,36.8839761564,5.0,50.0,-2.3840517848000005,-0.4406945562000004,-0.513682789320004,-2.227595131995313,0.0
1971-12-31,36.8216138665,5.0,45.0,-1.5499648414999996,0.8340869433000009,-0.28665571389000527,-1.5366052334481404,0.0
1972-01-31,36.8216138665,5.0,45.0,-1.5499648414999996,0.8340869433000009,-0.28665571389000527,-1.5366052334481404,0.0
1972-02-29,36.8216138665,5.0,45.0,-1.5499648414999996,0.8340869433000009,-0.28665571389000527,-1.5366052334481404,0.0
1972-03-31,36.2235315847,0.0,40.0,-1.4988171986000012,0.0511476428999984,-0.25367531705000584,-1.4504694937940104,0.0
1972-04-30,36.2235315847,0.0,40.0,-1.4988171986000012,0.0511476428999984,-0.25367531705000584,-1.4504694937940104,0.0
1972-05-31,36.2235315847,0.0,40.0,-1.4988171986000012,0.0511476428999984,-0.25367531705000584,-1.4504694937940104,0.0
1972-06-30,36.2524016174,5.0,40.0,-0.7959269275000054,0.7028902710999958,-0.2492805898800065,-0.9313344139550537,1.0
1972-07-31,36.2524016174,5.0,40.0,-0.7959269275000054,0.7028902710999958,-0.2492805898800065,-0.9313344139550537,1.0
1972-08-31,36.2524016174,5.0,40.0,-0.7959269275000054,0.7028902710999958,-0.2492805898800065,-0.9313344139550537,1.0
1972-09-30,36.5189416831,10.0,40.0,-0.3650344732999997,0.43089245420000566,-0.08791465175000385,-0.6050004910804742,2.0
1972-10-31,36.5189416831,10.0,40.0,-0.3650344732999997,0.43089245420000566,-0.08791465175000385,-0.6050004910804742,2.0
1972-11-30,36.5189416831,10.0,40.0,-0.3650344732999997,0.43089245420000566,-0.08791465175000385,-0.6050004910804742,2.0
1972-12-31,36.2201580174,0.0,32.5,-0.6014558490999988,-0.2364213757999991,0.02564193637999727,-0.7551732450827455,0.0
1973-01-31,36.2201580174,0.0,32.5,-0.6014558490999988,-0.2364213757999991,0.02564193637999727,-0.7551732450827455,0.0
1973-02-28,36.2201580174,0.0,32.5,-0.6014558490999988,-0.2364213757999991,0.02564193637999727,-0.7551732450827455,0.0
1973-03-31,37.0897397682,40.0,57.49999999999999,0.8662081834999995,1.4676640325999983,0.22132307866999554,0.30369305760558934,1.0
1973-04-30,37.0897397682,40.0,57.49999999999999,0.8662081834999995,1.4676640325999983,0.22132307866999554,0.30369305760558934,1.0
1973-05-31,37.0897397682,40.0,57.49999999999999,0.8662081834999995,1.4676640325999983,0.22132307866999554,0.30369305760558934,1.0
1973-06-30,38.0777786176,65.0,82.5,1.8253770002000067,0.9591688167000072,0.5546092554299944,0.9655446529034659,2.0
1973-07-31,38.0777786176,65.0,82.5,1.8253770002000067,0.9591688167000072,0.5546092554299944,0.9655446529034659,2.0
1973-08-31,38.0777786176,65.0,82.5,1.8253770002000067,0.9591688167000072,0.5546092554299944,0.9655446529034659,2.0
1973-09-30,38.2971545754,70.0,85.0,1.7782128922999973,-0.047164107900009355,0.7219028523399952,0.8984439298195229,3.0
1973-10-31,38.2971545754,70.0,85.0,1.7782128922999973,-0.047164107900009355,0.7219028523399952,0.8984439298195229,3.0
1973-11-30,38.2971545754,70.0,85.0,1.7782128922999973,-0.047164107900009355,0.7219028523399952,0.8984439298195229,3.0
1973-12-31,37.5639781757,45.0,62.5,1.343820158299998,-0.43439273399999934,0.16420911802999894,0.5689860095834586,0.0
1974-01-31,37.5639781757,45.0,62.5,1.343820158299998,-0.43439273399999934,0.16420911802999894,0.5689860095834586,0.0
1974-02-28,37.5639781757,45.0,62.5,1.343820158299998,-0.43439273399999934,0.16420911802999894,0.5689860095834586,0.0
1974-03-31,37.3576144022,40.0,55.00000000000001,0.2678746340000018,-1.0759455242999962,-0.28936690459000736,-0.18795588912072678,0.0
1974-04-30,37.3576144022,40.0,55.00000000000001,0.2678746340000018,-1.0759455242999962,-0.28936690459000736,-0.18795588912072678,0.0
1974-05-31,37.3576144022,40.0,55.00000000000001,0.2678746340000018,-1.0759455242999962,-0.28936690459000736,-0.18795588912072678,0.0
1974-06-30,37.8231262626,55.00000000000001,72.5,-0.2546523550000046,-0.5225269890000064,-0.16284487119000363,-0.539997537725722,1.0
1974-07-31,37.8231262626,55.00000000000001,72.5,-0.2546523550000046,-0.5225269890000064,-0.16284487119000363,-0.539997537725722,1.0
1974-08-31,37.8231262626,55.00000000000001,72.5,-0.2546523550000046,-0.5225269890000064,-0.16284487119000363,-0.539997537725722,1.0
1974-09-30,38.9960298221,80.0,90.0,0.6988752466999983,0.953527601700003,0.47616667995998935,0.13566916369237805,2.0
1974-10-31,38.9960298221,80.0,90.0,0.6988752466999983,0.953527601700003,0.47616667995998935,0.13566916369237805,2.0
1974-11-30,38.9960298221,80.0,90.0,0.6988752466999983,0.953527601700003,0.47616667995998935,0.13566916369237805,2.0
1974-12-31,39.8034892541,95.0,97.5,2.2395110783999996,1.5406358317000013,0.8510528115199976,1.1828223696179996,3.0
1975-01-31,39.8034892541,95.0,97.5,2.2395110783999996,1.5406358317000013,0.8510528115199976,1.1828223696179996,3.0
1975-02-28,39.8034892541,95.0,97.5,2.2395110783999996,1.5406358317000013,0.8510528115199976,1.1828223696179996,3.0
1975-03-31,40.2637600649,95.0,97.5,2.9061456626999984,0.6666345842999988,0.8129360838899972,1.56313531766681,4.0
1975-04-30,40.2637600649,95.0,97.5,2.9061456626999984,0.6666345842999988,0.8129360838899972,1.56313531766681,4.0
1975-05-31,40.2637600649,95.0,97.5,2.9061456626999984,0.6666345842999988,0.8129360838899972,1.56313531766681,4.0
1975-06-30,38.8645288604,75.0,80.0,1.0414025978000012,-1.8647430648999972,0.006576792569994547,0.32629814531373114,0.0
1975-07-31,38.8645288604,75.0,80.0,1.0414025978000012,-1.8647430648999972,0.006576792569994547,0.32629814531373114,0.0
1975-08-31,38.8645288604,75.0,80.0,1.0414025978000012,-1.8647430648999972,0.006576792569994547,0.32629814531373114,0.0
1975-09-30,37.5863249767,50.0,50.0,-1.4097048454000003,-2.4511074432000015,-0.8050724036700027,-1.265481867373389,0.0
1975-10-31,37.5863249767,50.0,50.0,-1.4097048454000003,-2.4511074432000015,-0.8050724036700027,-1.265481867373389,0.0
1975-11-30,37.5863249767,50.0,50.0,-1.4097048454000003,-2.4511074432000015,-0.8050724036700027,-1.265481867373389,0.0
1975-12-31,36.6519051052,20.0,12.5,-3.1515841488999996,-1.7418793034999993,-1.2113768762800026,-2.2271080227224753,0.0
1976-01-31,36.6519051052,20.0,12.5,-3.1515841488999996,-1.7418793034999993,-1.2113768762800026,-2.2271080227224753,0.0
1976-02-29,36.6519051052,20.0,12.5,-3.1515841488999996,-1.7418793034999993,-1.2113768762800026,-2.2271080227224753,0.0
1976-03-31,36.0679731659,0.0,0.0,-4.195786898999998,-1.0442027500999984,-0.9324086955000023,-2.6073961912154227,0.0
1976-04-30,36.0679731659,0.0,0.0,-4.195786898999998,-1.0442027500999984,-0.9324086955000023,-2.6073961912154227,0.0
1976-05-31,36.0679731659,0.0,0.0,-4.195786898999998,-1.0442027500999984,-0.9324086955000023,-2.6073961912154227,0.0
1976-06-30,35.2547735794,0.0,0.0,-3.609755280999998,0.5860316179999998,-0.7578586131200021,-2.0817151430048653,0.0
1976-07-31,35.2547735794,0.0,0.0,-3.609755280999998,0.5860316179999998,-0.7578586131200021,-2.0817151430048653,0.0
1976-08-31,35.2547735794,0.0,0.0,-3.609755280999998,0.5860316179999998,-0.7578586131200021,-2.0817151430048653,0.0
1976-09-30,35.3485294201,5.0,2.5,-2.2377955565999983,1.3719597244,-0.4723326641800023,-1.2313049962204912,1.0
1976-10-31,35.3485294201,5.0,2.5,-2.2377955565999983,1.3719597244,-0.4723326641800023,-1.2313049962204912,1.0
1976-11-30,35.3485294201,5.0,2.5,-2.2377955565999983,1.3719597244,-0.4723326641800023,-1.2313049962204912,1.0
1976-12-31,34.6824078903,0.0,0.0,-1.9694972149000023,0.268298341699996,-0.40629399861000476,-1.0254059498801924,0.0
1977-01-31,34.6824078903,0.0,0.0,-1.9694972149000023,0.268298341699996,-0.40629399861000476,-1.0254059498801924,0.0
1977-02-28,34.6824078903,0.0,0.0,-1.9694972149000023,0.268298341699996,-0.40629399861000476,-1.0254059498801924,0.0
1977-03-31,34.9603263955,5.0,2.5,-1.1076467704000024,0.8618504444999999,-0.15494630815000546,-0.503680208979997,1.0
1977-04-30,34.9603263955,5.0,2.5,-1.1076467704000024,0.8618504444999999,-0.15494630815000546,-0.503680208979997,1.0
1977-05-31,34.9603263955,5.0,2.5,-1.1076467704000024,0.8618504444999999,-0.15494630815000546,-0.503680208979997,1.0
1977-06-30,35.1000091676,10.0,5.0,-0.15476441180000222,0.9528823586000001,-0.04676422523000859,0.057518577808917115,2.0
1977-07-31,35.1000091676,10.0,5.0,-0.15476441180000222,0.9528823586000001,-0.04676422523000859,0.057518577808917115,2.0
1977-08-31,35.1000091676,10.0,5.0,-0.15476441180000222,0.9528823586000001,-0.04676422523000859,0.057518577808917115,2.0
1977-09-30,35.6332227948,25.0,12.5,0.284693374699998,0.4394577865000002,0.299212748559994,0.3099512088336614,3.0
1977-10-31,35.6332227948,25.0,12.5,0.284693374699998,0.4394577865000002,0.299212748559994,0.3099512088336614,3.0
1977-11-30,35.6332227948,25.0,12.5,0.284693374699998,0.4394577865000002,0.299212748559994,0.3099512088336614,3.0
1977-12-31,35.1510137314,15.0,7.5,0.4686058411000005,0.18391246640000247,0.1105275634899985,0.4010791602032597,0.0
1978-01-31,35.1510137314,15.0,7.5,0.4686058411000005,0.18391246640000247,0.1105275634899985,0.4010791602032597,0.0
1978-02-28,35.1510137314,15.0,7.5,0.4686058411000005,0.18391246640000247,0.1105275634899985,0.4010791602032597,0.0
1978-03-31,35.4137666783,30.0,15.0,0.4534402828000026,-0.015165558299997883,0.045906346869995375,0.38344217708477746,1.0
1978-04-30,35.4137666783,30.0,15.0,0.4534402828000026,-0.015165558299997883,0.045906346869995375,0.38344217708477746,1.0
1978-05-31,35.4137666783,30.0,15.0,0.4534402828000026,-0.015165558299997883,0.045906346869995375,0.38344217708477746,1.0
1978-06-30,35.8764577383,40.0,20.0,0.7764485706999977,0.32300828789999514,0.09924577773999285,0.5475517217160569,2.0
1978-07-31,35.8764577383,40.0,20.0,0.7764485706999977,0.32300828789999514,0.09924577773999285,0.5475517217160569,2.0
1978-08-31,35.8764577383,40.0,20.0,0.7764485706999977,0.32300828789999514,0.09924577773999285,0.5475517217160569,2.0
1978-09-30,36.1802644437,50.0,25.0,0.5470416488999987,-0.229406921799999,0.3550443196899938,0.4014846863678643,3.0
1978-10-31,36.1802644437,50.0,25.0,0.5470416488999987,-0.229406921799999,0.3550443196899938,0.4014846863678643,3.0
1978-11-30,36.1802644437,50.0,25.0,0.5470416488999987,-0.229406921799999,0.3550443196899938,0.4014846863678643,3.0
1978-12-31,35.7395989878,40.0,20.0,0.5885852564000018,0.04154360750000308,0.1281303633899969,0.42364250413974824,0.0
1979-01-31,35.7395989878,40.0,20.0,0.5885852564000018,0.04154360750000308,0.1281303633899969,0.42364250413974824,0.0
1979-02-28,35.7395989878,40.0,20.0,0.5885852564000018,0.04154360750000308,0.1281303633899969,0.42364250413974824,0.0
1979-03-31,36.3419048441,60.0,37.5,0.9281381658000001,0.33955290939999827,0.09556758614999826,0.6098256619529788,1.0
1979-04-30,36.3419048441,60.0,37.5,0.9281381658000001,0.33955290939999827,0.09556758614999826,0.6098256619529788,1.0
1979-05-31,36.3419048441,60.0,37.5,0.9281381658000001,0.33955290939999827,0.09556758614999826,0.6098256619529788,1.0
1979-06-30,36.9241182785,70.0,50.0,1.047660540200006,0.11952237440000602,0.28338673606999426,0.6789255718200693,2.0
1979-07-31,36.9241182785,70.0,50.0,1.047660540200006,0.11952237440000602,0.28338673606999426,0.6789255718200693,2.0
1979-08-31,36.9241182785,70.0,50.0,1.047660540200006,0.11952237440000602,0.28338673606999426,0.6789255718200693,2.0
1979-09-30,37.9412657885,80.0,70.0,1.7610013448000004,0.7133408045999943,0.7187213836499943,1.0899407228509135,3.0
1979-10-31,37.9412657885,80.0,70.0,1.7610013448000004,0.7133408045999943,0.7187213836499943,1.0899407228509135,3.0
1979-11-30,37.9412657885,80.0,70.0,1.7610013448000004,0.7133408045999943,0.7187213836499943,1.0899407228509135,3.0
1979-12-31,38.5178701954,85.0,80.0,2.7782712075999996,1.0172698627999992,0.7545043563899941,1.6524718928180022,4.0
1980-01-31,38.5178701954,85.0,80.0,2.7782712075999996,1.0172698627999992,0.7545043563899941,1.6524718928180022,4.0
1980-02-29,38.5178701954,85.0,80.0,2.7782712075999996,1.0172698627999992,0.7545043563899941,1.6524718928180022,4.0
1980-03-31,39.2538303667,95.0,90.0,2.9119255226000007,0.13365431500000113,0.7565740671499944,1.6991381331487847,5.0
1980-04-30,39.2538303667,95.0,90.0,2.9119255226000007,0.13365431500000113,0.7565740671499944,1.6991381331487847,5.0
1980-05-31,39.2538303667,95.0,90.0,2.9119255226000007,0.13365431500000113,0.7565740671499944,1.6991381331487847,5.0
1980-06-30,40.205125094,100.0,97.5,3.2810068154999996,0.3690812928999989,0.7527538087799917,1.7984405353813275,6.0
1980-07-31,40.205125094,100.0,97.5,3.2810068154999996,0.3690812928999989,0.7527538087799917,1.7984405353813275,6.0
1980-08-31,40.205125094,100.0,97.5,3.2810068154999996,0.3690812928999989,0.7527538087799917,1.7984405353813275,6.0
1980-09-30,39.5668424483,95.0,92.5,1.6255766598000037,-1.655430155699996,0.4098211485999924,0.8766433395930389,0.0
1980-10-31,39.5668424483,95.0,92.5,1.6255766598000037,-1.655430155699996,0.4098211485999924,0.8766433395930389,0.0
1980-11-30,39.5668424483,95.0,92.5,1.6255766598000037,-1.655430155699996,0.4098211485999924,0.8766433395930389,0.0
1980-12-31,39.5455875377,90.0,90.0,1.0277173423000008,-0.5978593175000029,0.02369888672999352,0.528369820459104,0.0
1981-01-31,39.5455875377,90.0,90.0,1.0277173423000008,-0.5978593175000029,0.02369888672999352,0.528369820459104,0.0
1981-02-28,39.5455875377,90.0,90.0,1.0277173423000008,-0.5978593175000029,0.02369888672999352,0.528369820459104,0.0
1981-03-31,40.5846973791,100.0,100.0,1.3308670123999988,0.30314967009999805,0.11174619446999152,0.6513943283378925,1.0
1981-04-30,40.5846973791,100.0,100.0,1.3308670123999988,0.30314967009999805,0.11174619446999152,0.6513943283378925,1.0
1981-05-31,40.5846973791,100.0,100.0,1.3308670123999988,0.30314967009999805,0.11174619446999152,0.6513943283378925,1.0
1981-06-30,40.625679915,100.0,100.0,0.4205548209999961,-0.9103121914000027,0.4215622241499936,0.12380727855907378,2.0
1981-07-31,40.625679915,100.0,100.0,0.4205548209999961,-0.9103121914000027,0.4215622241499936,0.12380727855907378,2.0
1981-08-31,40.625679915,100.0,100.0,0.4205548209999961,-0.9103121914000027,0.4215622241499936,0.12380727855907378,2.0
1981-09-30,41.2703613501,100.0,100.0,1.7035189018000025,1.2829640808000065,0.521530397309994,0.795444355131863,3.0
1981-10-31,41.2703613501,100.0,100.0,1.7035189018000025,1.2829640808000065,0.521530397309994,0.795444355131863,3.0
1981-11-30,41.2703613501,100.0,100.0,1.7035189018000025,1.2829640808000065,0.521530397309994,0.795444355131863,3.0
1981-12-31,42.1182024868,100.0,100.0,2.5726149491,0.8690960472999976,0.5245196758199978,1.2229761188301713,4.0
1982-01-31,42.1182024868,100.0,100.0,2.5726149491,0.8690960472999976,0.5245196758199978,1.2229761188301713,4.0
1982-02-28,42.1182024868,100.0,100.0,2.5726149491,0.8690960472999976,0.5245196758199978,1.2229761188301713,4.0
1982-03-31,43.0255593961,100.0,100.0,2.4408620170000006,-0.1317529320999995,0.8047479579999883,1.0925309298832753,5.0
1982-04-30,43.0255593961,100.0,100.0,2.4408620170000006,-0.1317529320999995,0.8047479579999883,1.0925309298832753,5.0
1982-05-31,43.0255593961,100.0,100.0,2.4408620170000006,-0.1317529320999995,0.8047479579999883,1.0925309298832753,5.0
1982-06-30,43.7289663458,100.0,100.0,3.1032864308000043,0.6624244138000037,0.8283171896399938,1.384539816873987,6.0
1982-07-31,43.7289663458,100.0,100.0,3.1032864308000043,0.6624244138000037,0.8283171896399938,1.384539816873987,6.0
1982-08-31,43.7289663458,100.0,100.0,3.1032864308000043,0.6624244138000037,0.8283171896399938,1.384539816873987,6.0
1982-09-30,44.8153049004,100.0,100.0,3.5449435502999975,0.4416571194999932,0.8794714190499953,1.5310969332273199,7.0
1982-10-31,44.8153049004,100.0,100.0,3.5449435502999975,0.4416571194999932,0.8794714190499953,1.5310969332273199,7.0
1982-11-30,44.8153049004,100.0,100.0,3.5449435502999975,0.4416571194999932,0.8794714190499953,1.5310969332273199,7.0
1982-12-31,45.3459564968,100.0,100.0,3.227754009999998,-0.31718954029999935,0.8047529856699966,1.2885022812389069,8.0
1983-01-31,45.3459564968,100.0,100.0,3.227754009999998,-0.31718954029999935,0.8047529856699966,1.2885022812389069,8.0
1983-02-28,45.3459564968,100.0,100.0,3.227754009999998,-0.31718954029999935,0.8047529856699966,1.2885022812389069,8.0
1983-03-31,44.8176439737,95.0,97.5,1.7920845776000007,-1.4356694323999974,0.3796684480099915,0.514837481114592,0.0
1983-04-30,44.8176439737,95.0,97.5,1.7920845776000007,-1.4356694323999974,0.3796684480099915,0.514837481114592,0.0
1983-05-31,44.8176439737,95.0,97.5,1.7920845776000007,-1.4356694323999974,0.3796684480099915,0.514837481114592,0.0
1983-06-30,44.1365718776,85.0,92.5,0.4076055317999945,-1.3844790458000062,-0.2564511591500073,-0.19710524207507263,0.0
1983-07-31,44.1365718776,85.0,92.5,0.4076055317999945,-1.3844790458000062,-0.2564511591500073,-0.19710524207507263,0.0
1983-08-31,44.1365718776,85.0,92.5,0.4076055317999945,-1.3844790458000062,-0.2564511591500073,-0.19710524207507263,0.0
1983-09-30,43.6822757129,75.0,87.5,-1.1330291875,-1.5406347192999945,-0.5672114447800084,-0.9651113365979984,0.0
1983-10-31,43.6822757129,75.0,87.5,-1.1330291875,-1.5406347192999945,-0.5672114447800084,-0.9651113365979984,0.0
1983-11-30,43.6822757129,75.0,87.5,-1.1330291875,-1.5406347192999945,-0.5672114447800084,-0.9651113365979984,0.0
1983-12-31,43.8195813788,80.0,90.0,-1.5263751179999971,-0.3933459304999971,-0.34484839494000197,-1.1166411285490094,1.0
1984-01-31,43.8195813788,80.0,90.0,-1.5263751179999971,-0.3933459304999971,-0.34484839494000197,-1.1166411285490094,1.0
1984-02-29,43.8195813788,80.0,90.0,-1.5263751179999971,-0.3933459304999971,-0.34484839494000197,-1.1166411285490094,1.0
1984-03-31,44.6665837431,85.0,92.5,-0.1510602306000024,1.3753148873999947,0.1727341262399942,-0.40026647048700853,2.0
1984-04-30,44.6665837431,85.0,92.5,-0.1510602306000024,1.3753148873999947,0.1727341262399942,-0.40026647048700853,2.0
1984-05-31,44.6665837431,85.0,92.5,-0.1510602306000024,1.3753148873999947,0.1727341262399942,-0.40026647048700853,2.0
1984-06-30,45.5623421305,100.0,100.0,1.4257702529000014,1.5768304835000038,0.6487201617099921,0.391399124694181,3.0
1984-07-31,45.5623421305,100.0,100.0,1.4257702529000014,1.5768304835000038,0.6487201617099921,0.391399124694181,3.0
1984-08-31,45.5623421305,100.0,100.0,1.4257702529000014,1.5768304835000038,0.6487201617099921,0.391399124694181,3.0
1984-09-30,46.656832732,100.0,100.0,2.974557019099997,1.5487867661999957,0.9407512446999919,1.1411420414619187,4.0
1984-10-31,46.656832732,100.0,100.0,2.974557019099997,1.5487867661999957,0.9407512446999919,1.1411420414619187,4.0
1984-11-30,46.656832732,100.0,100.0,2.974557019099997,1.5487867661999957,0.9407512446999919,1.1411420414619187,4.0
1984-12-31,46.6523496761,95.0,97.5,2.8327682972999995,-0.14178872179999757,0.7051788400499944,1.0543083111624156,0.0
1985-01-31,46.6523496761,95.0,97.5,2.8327682972999995,-0.14178872179999757,0.7051788400499944,1.0543083111624156,0.0
1985-02-28,46.6523496761,95.0,97.5,2.8327682972999995,-0.14178872179999757,0.7051788400499944,1.0543083111624156,0.0
1985-03-31,46.8615375956,100.0,100.0,2.1949538524999994,-0.6378144448,0.38931033393999287,0.7484268512555886,1.0
1985-04-30,46.8615375956,100.0,100.0,2.1949538524999994,-0.6378144448,0.38931033393999287,0.7484268512555886,1.0
1985-05-31,46.8615375956,100.0,100.0,2.1949538524999994,-0.6378144448,0.38931033393999287,0.7484268512555886,1.0
1985-06-30,47.2625516137,100.0,100.0,1.7002094831999983,-0.4947443693000011,0.20263445645999492,0.4874589165280791,2.0
1985-07-31,47.2625516137,100.0,100.0,1.7002094831999983,-0.4947443693000011,0.20263445645999492,0.4874589165280791,2.0
1985-08-31,47.2625516137,100.0,100.0,1.7002094831999983,-0.4947443693000011,0.20263445645999492,0.4874589165280791,2.0
1985-09-30,46.7598558553,90.0,95.0,0.10302312330000518,-1.5971863598999931,0.07235325556998964,-0.34540640703950043,0.0
1985-10-31,46.7598558553,90.0,95.0,0.10302312330000518,-1.5971863598999931,0.07235325556998964,-0.34540640703950043,0.0
1985-11-30,46.7598558553,90.0,95.0,0.10302312330000518,-1.5971863598999931,0.07235325556998964,-0.34540640703950043,0.0
1985-12-31,46.5054056663,75.0,87.5,-0.1469440098000021,-0.2499671331000073,-0.1571091546300037,-0.5401393939291902,0.0
1986-01-31,46.5054056663,75.0,87.5,-0.1469440098000021,-0.2499671331000073,-0.1571091546300037,-0.5401393939291902,0.0
1986-02-28,46.5054056663,75.0,87.5,-0.1469440098000021,-0.2499671331000073,-0.1571091546300037,-0.5401393939291902,0.0
1986-03-31,46.5022711783,70.0,85.0,-0.35926641729999886,-0.21232240749999676,-0.25352914952000716,-0.7823355133556079,0.0
1986-04-30,46.5022711783,70.0,85.0,-0.35926641729999886,-0.21232240749999676,-0.25352914952000716,-0.7823355133556079,0.0
1986-05-31,46.5022711783,70.0,85.0,-0.35926641729999886,-0.21232240749999676,-0.25352914952000716,-0.7823355133556079,0.0
1986-06-30,45.8724277985,65.0,82.5,-1.390123815199999,-1.0308573979000002,-0.26654186584000983,-1.547241008421275,0.0
1986-07-31,45.8724277985,65.0,82.5,-1.390123815199999,-1.0308573979000002,-0.26654186584000983,-1.547241008421275,0.0
1986-08-31,45.8724277985,65.0,82.5,-1.390123815199999,-1.0308573979000002,-0.26654186584000983,-1.547241008421275,0.0
1986-09-30,45.4015292102,55.00000000000001,77.5,-1.3583266451,0.03179717009999905,-0.39414727481000483,-1.583461540639527,0.0
1986-10-31,45.4015292102,55.00000000000001,77.5,-1.3583266451,0.03179717009999905,-0.39414727481000483,-1.583461540639527,0.0
1986-11-30,45.4015292102,55.00000000000001,77.5,-1.3583266451,0.03179717009999905,-0.39414727481000483,-1.583461540639527,0.0
1986-12-31,45.0290528554,45.0,72.5,-1.4763528108999964,-0.11802616579999636,-0.4890553557000032,-1.696399924875428,0.0
1987-01-31,45.0290528554,45.0,72.5,-1.4763528108999964,-0.11802616579999636,-0.4890553557000032,-1.696399924875428,0.0
1987-02-28,45.0290528554,45.0,72.5,-1.4763528108999964,-0.11802616579999636,-0.4890553557000032,-1.696399924875428,0.0
1987-03-31,45.7420041793,60.0,80.0,-0.7602669990000024,0.716085811899994,-0.07637472124000691,-1.228691188008648,1.0
1987-04-30,45.7420041793,60.0,80.0,-0.7602669990000024,0.716085811899994,-0.07637472124000691,-1.228691188008648,1.0
1987-05-31,45.7420041793,60.0,80.0,-0.7602669990000024,0.716085811899994,-0.07637472124000691,-1.228691188008648,1.0
1987-06-30,44.1300111083,15.0,57.49999999999999,-1.7424166901999953,-0.982149691199993,-0.31016029818000646,-1.804201930332971,0.0
1987-07-31,44.1300111083,15.0,57.49999999999999,-1.7424166901999953,-0.982149691199993,-0.31016029818000646,-1.804201930332971,0.0
1987-08-31,44.1300111083,15.0,57.49999999999999,-1.7424166901999953,-0.982149691199993,-0.31016029818000646,-1.804201930332971,0.0
1987-09-30,44.0276648625,10.0,55.00000000000001,-1.3738643476999997,0.3685523424999957,-0.46161570497000587,-1.4936679738641632,0.0
1987-10-31,44.0276648625,10.0,55.00000000000001,-1.3738643476999997,0.3685523424999957,-0.46161570497000587,-1.4936679738641632,0.0
1987-11-30,44.0276648625,10.0,55.00000000000001,-1.3738643476999997,0.3685523424999957,-0.46161570497000587,-1.4936679738641632,0.0
1987-12-31,43.5775855543,0.0,45.0,-1.4514673011000028,-0.07760295340000312,-0.6595602120800026,-1.4708601448203162,0.0
1988-01-31,43.5775855543,0.0,45.0,-1.4514673011000028,-0.07760295340000312,-0.6595602120800026,-1.4708601448203162,0.0
1988-02-29,43.5775855543,0.0,45.0,-1.4514673011000028,-0.07760295340000312,-0.6595602120800026,-1.4708601448203162,0.0
1988-03-31,43.7638256981,10.0,50.0,-1.978178481199997,-0.5267111800999942,-0.15486355388000753,-1.694427639854286,1.0
1988-04-30,43.7638256981,10.0,50.0,-1.978178481199997,-0.5267111800999942,-0.15486355388000753,-1.694427639854286,1.0
1988-05-31,43.7638256981,10.0,50.0,-1.978178481199997,-0.5267111800999942,-0.15486355388000753,-1.694427639854286,1.0
1988-06-30,43.8757770468,20.0,52.5,-0.25423406150000005,1.723944419699997,-0.026942330330005676,-0.6444647462927028,2.0
1988-07-31,43.8757770468,20.0,52.5,-0.25423406150000005,1.723944419699997,-0.026942330330005676,-0.6444647462927028,2.0
1988-08-31,43.8757770468,20.0,52.5,-0.25423406150000005,1.723944419699997,-0.026942330330005676,-0.6444647462927028,2.0
1988-09-30,43.888458928,25.0,52.5,-0.13920593450000496,0.1150281269999951,0.10445714697999708,-0.5636810546548928,3.0
1988-10-31,43.888458928,25.0,52.5,-0.13920593450000496,0.1150281269999951,0.10445714697999708,-0.5636810546548928,3.0
1988-11-30,43.888458928,25.0,52.5,-0.13920593450000496,0.1150281269999951,0.10445714697999708,-0.5636810546548928,3.0
1988-12-31,43.7729580229,10.0,45.0,0.19537246859999868,0.33457840310000364,0.00400788555999528,-0.3590805887465941,0.0
1989-01-31,43.7729580229,10.0,45.0,0.19537246859999868,0.33457840310000364,0.00400788555999528,-0.3590805887465941,0.0
1989-02-28,43.7729580229,10.0,45.0,0.19537246859999868,0.33457840310000364,0.00400788555999528,-0.3590805887465941,0.0
1989-03-31,43.9891011882,25.0,52.5,0.22527549010000314,0.029903021500004456,0.022447151909993288,-0.33053989103760734,1.0
1989-04-30,43.9891011882,25.0,52.5,0.22527549010000314,0.029903021500004456,0.022447151909993288,-0.33053989103760734,1.0
1989-05-31,43.9891011882,25.0,52.5,0.22527549010000314,0.029903021500004456,0.022447151909993288,-0.33053989103760734,1.0
1989-06-30,44.3259454003,40.0,60.0,0.45016835349999695,0.22489286339999381,0.15286025821999843,-0.18880639929398815,2.0
1989-07-31,44.3259454003,40.0,60.0,0.45016835349999695,0.22489286339999381,0.15286025821999843,-0.18880639929398815,2.0
1989-08-31,44.3259454003,40.0,60.0,0.45016835349999695,0.22489286339999381,0.15286025821999843,-0.18880639929398815,2.0
1989-09-30,44.8052020234,45.0,62.5,0.9167430954000011,0.46657474190000414,0.3433576213599939,0.0997366772914558,3.0
1989-10-31,44.8052020234,45.0,62.5,0.9167430954000011,0.46657474190000414,0.3433576213599939,0.0997366772914558,3.0
1989-11-30,44.8052020234,45.0,62.5,0.9167430954000011,0.46657474190000414,0.3433576213599939,0.0997366772914558,3.0
1989-12-31,44.5864062428,45.0,57.49999999999999,0.8134482199000033,-0.10329487549999783,0.22711717868999293,0.06891410320998385,0.0
1990-01-31,44.5864062428,45.0,57.49999999999999,0.8134482199000033,-0.10329487549999783,0.22711717868999293,0.06891410320998385,0.0
1990-02-28,44.5864062428,45.0,57.49999999999999,0.8134482199000033,-0.10329487549999783,0.22711717868999293,0.06891410320998385,0.0
1990-03-31,45.0391300913,60.0,70.0,1.0500289030999994,0.23658068319999614,0.19207582923999372,0.24587250307000008,1.0
1990-04-30,45.0391300913,60.0,70.0,1.0500289030999994,0.23658068319999614,0.19207582923999372,0.24587250307000008,1.0
1990-05-31,45.0391300913,60.0,70.0,1.0500289030999994,0.23658068319999614,0.19207582923999372,0.24587250307000008,1.0
1990-06-30,45.4091782453,70.0,75.0,1.0832328449999977,0.03320394189999831,0.22646525141999413,0.3111074108667689,2.0
1990-07-31,45.4091782453,70.0,75.0,1.0832328449999977,0.03320394189999831,0.22646525141999413,0.3111074108667689,2.0
1990-08-31,45.4091782453,70.0,75.0,1.0832328449999977,0.03320394189999831,0.22646525141999413,0.3111074108667689,2.0
1990-09-30,45.4478082181,75.0,75.0,0.6426061947000008,-0.4406266502999969,0.2954254079899935,0.044584079056337794,3.0
1990-10-31,45.4478082181,75.0,75.0,0.6426061947000008,-0.4406266502999969,0.2954254079899935,0.044584079056337794,3.0
1990-11-30,45.4478082181,75.0,75.0,0.6426061947000008,-0.4406266502999969,0.2954254079899935,0.044584079056337794,3.0
1990-12-31,45.4548691587,80.0,75.0,0.8684629158999968,0.225856721199996,0.1285847174999948,0.19292685811842647,4.0
1991-01-31,45.4548691587,80.0,75.0,0.8684629158999968,0.225856721199996,0.1285847174999948,0.19292685811842647,4.0
1991-02-28,45.4548691587,80.0,75.0,0.8684629158999968,0.225856721199996,0.1285847174999948,0.19292685811842647,4.0
1991-03-31,45.0674699741,65.0,62.5,0.02833988279999744,-0.8401230330999994,-0.10180638730000467,-0.3287689680558881,0.0
1991-04-30,45.0674699741,65.0,62.5,0.02833988279999744,-0.8401230330999994,-0.10180638730000467,-0.3287689680558881,0.0
1991-05-31,45.0674699741,65.0,62.5,0.02833988279999744,-0.8401230330999994,-0.10180638730000467,-0.3287689680558881,0.0
1991-06-30,43.9582853047,25.0,30.0,-1.4508929405999993,-1.4792328233999967,-0.4855967924800101,-1.229645589026677,0.0
1991-07-31,43.9582853047,25.0,30.0,-1.4508929405999993,-1.4792328233999967,-0.4855967924800101,-1.229645589026677,0.0
1991-08-31,43.9582853047,25.0,30.0,-1.4508929405999993,-1.4792328233999967,-0.4855967924800101,-1.229645589026677,0.0
1991-09-30,43.0448490957,0.0,7.5,-2.4029591223999986,-0.9520661817999994,-0.833924485840004,-1.7116302520652693,0.0
1991-10-31,43.0448490957,0.0,7.5,-2.4029591223999986,-0.9520661817999994,-0.833924485840004,-1.7116302520652693,0.0
1991-11-30,43.0448490957,0.0,7.5,-2.4029591223999986,-0.9520661817999994,-0.833924485840004,-1.7116302520652693,0.0
1991-12-31,42.074140082,0.0,0.0,-3.3807290767,-0.9777699543000011,-0.9893425885300073,-2.1339405316331495,0.0
1992-01-31,42.074140082,0.0,0.0,-3.3807290767,-0.9777699543000011,-0.9893425885300073,-2.1339405316331495,0.0
1992-02-29,42.074140082,0.0,0.0,-3.3807290767,-0.9777699543000011,-0.9893425885300073,-2.1339405316331495,0.0
1992-03-31,41.1151434482,0.0,0.0,-3.9523265258999984,-0.5715974491999987,-0.9500134583200038,-2.261774637128972,0.0
1992-04-30,41.1151434482,0.0,0.0,-3.9523265258999984,-0.5715974491999987,-0.9500134583200038,-2.261774637128972,0.0
1992-05-31,41.1151434482,0.0,0.0,-3.9523265258999984,-0.5715974491999987,-0.9500134583200038,-2.261774637128972,0.0
1992-06-30,41.0309545337,0.0,0.0,-2.927330771000001,1.0249957548999973,-0.700068031980006,-1.6087183853797444,0.0
1992-07-31,41.0309545337,0.0,0.0,-2.927330771000001,1.0249957548999973,-0.700068031980006,-1.6087183853797444,0.0
1992-08-31,41.0309545337,0.0,0.0,-2.927330771000001,1.0249957548999973,-0.700068031980006,-1.6087183853797444,0.0
1992-09-30,40.5442490674,0.0,0.0,-2.500600028299999,0.426730742700002,-0.4673861958300059,-1.3276409668168545,0.0
1992-10-31,40.5442490674,0.0,0.0,-2.500600028299999,0.426730742700002,-0.4673861958300059,-1.3276409668168545,0.0
1992-11-30,40.5442490674,0.0,0.0,-2.500600028299999,0.426730742700002,-0.4673861958300059,-1.3276409668168545,0.0
1992-12-31,40.1886458199,0.0,0.0,-1.8854942620999964,0.6151057662000028,-0.32661983512000486,-0.935376413547942,0.0
1993-01-31,40.1886458199,0.0,0.0,-1.8854942620999964,0.6151057662000028,-0.32661983512000486,-0.935376413547942,0.0
1993-02-28,40.1886458199,0.0,0.0,-1.8854942620999964,0.6151057662000028,-0.32661983512000486,-0.935376413547942,0.0
1993-03-31,40.2626924282,5.0,2.5,-0.8524510200000037,1.0330432420999927,-0.26603895640000363,-0.27130203596828517,1.0
1993-04-30,40.2626924282,5.0,2.5,-0.8524510200000037,1.0330432420999927,-0.26603895640000363,-0.27130203596828517,1.0
1993-05-31,40.2626924282,5.0,2.5,-0.8524510200000037,1.0330432420999927,-0.26603895640000363,-0.27130203596828517,1.0
1993-06-30,39.3695285095,0.0,0.0,-1.6614260241999972,-0.8089750041999935,-0.3450115065400048,-0.7403316205119496,0.0
1993-07-31,39.3695285095,0.0,0.0,-1.6614260241999972,-0.8089750041999935,-0.3450115065400048,-0.7403316205119496,0.0
1993-08-31,39.3695285095,0.0,0.0,-1.6614260241999972,-0.8089750041999935,-0.3450115065400048,-0.7403316205119496,0.0
1993-09-30,38.8551292783,0.0,0.0,-1.6891197891000047,-0.027693764900007523,-0.4893713543500051,-0.7450733837594024,0.0
1993-10-31,38.8551292783,0.0,0.0,-1.6891197891000047,-0.027693764900007523,-0.4893713543500051,-0.7450733837594024,0.0
1993-11-30,38.8551292783,0.0,0.0,-1.6891197891000047,-0.027693764900007523,-0.4893713543500051,-0.7450733837594024,0.0
1993-12-31,37.8656685731,0.0,0.0,-2.3229772468000007,-0.633857457699996,-0.7705470796500062,-1.1118903311592587,0.0
1994-01-31,37.8656685731,0.0,0.0,-2.3229772468000007,-0.633857457699996,-0.7705470796500062,-1.1118903311592587,0.0
1994-02-28,37.8656685731,0.0,0.0,-2.3229772468000007,-0.633857457699996,-0.7705470796500062,-1.1118903311592587,0.0
1994-03-31,37.1941271617,0.0,0.0,-3.068565266499995,-0.7455880196999942,-0.751566474860006,-1.4791796186594162,0.0
1994-04-30,37.1941271617,0.0,0.0,-3.068565266499995,-0.7455880196999942,-0.751566474860006,-1.4791796186594162,0.0
1994-05-31,37.1941271617,0.0,0.0,-3.068565266499995,-0.7455880196999942,-0.751566474860006,-1.4791796186594162,0.0
1994-06-30,37.7151032889,5.0,2.5,-1.6544252205999967,1.4141400458999982,-0.40916193796000144,-0.6028869047902038,1.0
1994-07-31,37.7151032889,5.0,2.5,-1.6544252205999967,1.4141400458999982,-0.40916193796000144,-0.6028869047902038,1.0
1994-08-31,37.7151032889,5.0,2.5,-1.6544252205999967,1.4141400458999982,-0.40916193796000144,-0.6028869047902038,1.0
1994-09-30,37.7684018524,10.0,5.0,-1.0867274259000013,0.5676977946999955,0.022917596509992984,-0.2139111060316586,2.0
1994-10-31,37.7684018524,10.0,5.0,-1.0867274259000013,0.5676977946999955,0.022917596509992984,-0.2139111060316586,2.0
1994-11-30,37.7684018524,10.0,5.0,-1.0867274259000013,0.5676977946999955,0.022917596509992984,-0.2139111060316586,2.0
1994-12-31,37.8628217756,15.0,7.5,-0.0028467975000054935,1.0838806283999958,0.20593824051999002,0.56755446878505,3.0
1995-01-31,37.8628217756,15.0,7.5,-0.0028467975000054935,1.0838806283999958,0.20593824051999002,0.56755446878505,3.0
1995-02-28,37.8628217756,15.0,7.5,-0.0028467975000054935,1.0838806283999958,0.20593824051999002,0.56755446878505,3.0
1995-03-31,38.2630623407,25.0,12.5,1.0689351790000003,1.0717819765000058,0.17382970785999383,1.3744810124044375,4.0
1995-04-30,38.2630623407,25.0,12.5,1.0689351790000003,1.0717819765000058,0.17382970785999383,1.3744810124044375,4.0
1995-05-31,38.2630623407,25.0,12.5,1.0689351790000003,1.0717819765000058,0.17382970785999383,1.3744810124044375,4.0
1995-06-30,39.252050027,35.0,17.5,1.5369467380999993,0.4680115590999989,0.485118508889997,1.7212239991904044,5.0
1995-07-31,39.252050027,35.0,17.5,1.5369467380999993,0.4680115590999989,0.485118508889997,1.7212239991904044,5.0
1995-08-31,39.252050027,35.0,17.5,1.5369467380999993,0.4680115590999989,0.485118508889997,1.7212239991904044,5.0
1995-09-30,39.699484696,45.0,22.5,1.9310828436000023,0.394136105500003,0.6498976447499952,1.8888244934298144,6.0
1995-10-31,39.699484696,45.0,22.5,1.9310828436000023,0.394136105500003,0.6498976447499952,1.8888244934298144,6.0
1995-11-30,39.699484696,45.0,22.5,1.9310828436000023,0.394136105500003,0.6498976447499952,1.8888244934298144,6.0
1995-12-31,39.7468967465,50.0,25.0,1.8840749709000022,-0.047007872700000064,0.48989378863999605,1.7513063068592643,7.0
1996-01-31,39.7468967465,50.0,25.0,1.8840749709000022,-0.047007872700000064,0.48989378863999605,1.7513063068592643,7.0
1996-02-29,39.7468967465,50.0,25.0,1.8840749709000022,-0.047007872700000064,0.48989378863999605,1.7513063068592643,7.0
1996-03-31,40.134984981,55.00000000000001,27.500000000000004,1.8719226402999993,-0.01215233060000287,0.2696216912499975,1.6459456768512406,8.0
1996-04-30,40.134984981,55.00000000000001,27.500000000000004,1.8719226402999993,-0.01215233060000287,0.2696216912499975,1.6459456768512406,8.0
1996-05-31,40.134984981,55.00000000000001,27.500000000000004,1.8719226402999993,-0.01215233060000287,0.2696216912499975,1.6459456768512406,8.0
1996-06-30,40.2024524223,65.0,32.5,0.9504023952999958,-0.9215202450000035,0.18969914133999458,1.0087573326984678,9.0
1996-07-31,40.2024524223,65.0,32.5,0.9504023952999958,-0.9215202450000035,0.18969914133999458,1.0087573326984678,9.0
1996-08-31,40.2024524223,65.0,32.5,0.9504023952999958,-0.9215202450000035,0.18969914133999458,1.0087573326984678,9.0
1996-09-30,40.2292874607,70.0,35.0,0.5298027647000012,-0.4205996305999946,0.15146395838999802,0.7103736040908576,10.0
1996-10-31,40.2292874607,70.0,35.0,0.5298027647000012,-0.4205996305999946,0.15146395838999802,0.7103736040908576,10.0
1996-11-30,40.2292874607,70.0,35.0,0.5298027647000012,-0.4205996305999946,0.15146395838999802,0.7103736040908576,10.0
1996-12-31,40.2986783957,80.0,40.0,0.5517816492000023,0.021978884500001072,0.051791528249994286,0.6907153755354736,11.0
1997-01-31,40.2986783957,80.0,40.0,0.5517816492000023,0.021978884500001072,0.051791528249994286,0.6907153755354736,11.0
1997-02-28,40.2986783957,80.0,40.0,0.5517816492000023,0.021978884500001072,0.051791528249994286,0.6907153755354736,11.0
1997-03-31,39.682761019,45.0,22.5,-0.45222396200000503,-1.0040056112000073,-0.14896832749000705,0.055612925469005994,0.0
1997-04-30,39.682761019,45.0,22.5,-0.45222396200000503,-1.0040056112000073,-0.14896832749000705,0.055612925469005994,0.0
1997-05-31,39.682761019,45.0,22.5,-0.45222396200000503,-1.0040056112000073,-0.14896832749000705,0.055612925469005994,0.0
1997-06-30,39.8848964421,60.0,30.0,-0.3175559801999981,0.13466798180000694,-0.1649090432500038,0.11867246568861399,1.0
1997-07-31,39.8848964421,60.0,30.0,-0.3175559801999981,0.13466798180000694,-0.1649090432500038,0.11867246568861399,1.0
1997-08-31,39.8848964421,60.0,30.0,-0.3175559801999981,0.13466798180000694,-0.1649090432500038,0.11867246568861399,1.0
1997-09-30,39.7930761613,60.0,30.0,-0.43621129940000003,-0.11865531920000194,-0.13146712801000912,0.028908099037016757,0.0
1997-10-31,39.7930761613,60.0,30.0,-0.43621129940000003,-0.11865531920000194,-0.13146712801000912,0.028908099037016757,0.0
1997-11-30,39.7930761613,60.0,30.0,-0.43621129940000003,-0.11865531920000194,-0.13146712801000912,0.028908099037016757,0.0
1997-12-31,39.2201165465,35.0,17.5,-1.0785618491999998,-0.6423505497999997,-0.14797536983000278,-0.38610508234079366,0.0
1998-01-31,39.2201165465,35.0,17.5,-1.0785618491999998,-0.6423505497999997,-0.14797536983000278,-0.38610508234079366,0.0
1998-02-28,39.2201165465,35.0,17.5,-1.0785618491999998,-0.6423505497999997,-0.14797536983000278,-0.38610508234079366,0.0
1998-03-31,39.6509536656,50.0,25.0,-0.03180735339999785,1.046754495800002,-0.1274787944300039,0.25252347659143837,1.0
1998-04-30,39.6509536656,50.0,25.0,-0.03180735339999785,1.046754495800002,-0.1274787944300039,0.25252347659143837,1.0
1998-05-31,39.6509536656,50.0,25.0,-0.03180735339999785,1.046754495800002,-0.1274787944300039,0.25252347659143837,1.0
1998-06-30,39.7109406619,65.0,32.5,-0.17395578020000357,-0.14214842680000572,0.018443062089994484,0.15961787275174033,2.0
1998-07-31,39.7109406619,65.0,32.5,-0.17395578020000357,-0.14214842680000572,0.018443062089994484,0.15961787275174033,2.0
1998-08-31,39.7109406619,65.0,32.5,-0.17395578020000357,-0.14214842680000572,0.018443062089994484,0.15961787275174033,2.0
1998-09-30,39.4558879038,45.0,25.0,-0.3371882575000029,-0.16323247729999935,0.07673010681999212,0.05767934778278441,0.0
1998-10-31,39.4558879038,45.0,25.0,-0.3371882575000029,-0.16323247729999935,0.07673010681999212,0.05767934778278441,0.0
1998-11-30,39.4558879038,45.0,25.0,-0.3371882575000029,-0.16323247729999935,0.07673010681999212,0.05767934778278441,0.0
1998-12-31,39.85087695,75.0,42.5,0.6307604034999983,0.9679486610000012,0.03447170950999083,0.6718394483790648,1.0
1999-01-31,39.85087695,75.0,42.5,0.6307604034999983,0.9679486610000012,0.03447170950999083,0.6718394483790648,1.0
1999-02-28,39.85087695,75.0,42.5,0.6307604034999983,0.9679486610000012,0.03447170950999083,0.6718394483790648,1.0
1999-03-31,39.7187042845,60.0,37.5,0.06775061889999989,-0.5630097845999984,0.04182799139999395,0.3132408373433284,0.0
1999-04-30,39.7187042845,60.0,37.5,0.06775061889999989,-0.5630097845999984,0.04182799139999395,0.3132408373433284,0.0
1999-05-31,39.7187042845,60.0,37.5,0.06775061889999989,-0.5630097845999984,0.04182799139999395,0.3132408373433284,0.0
1999-06-30,40.074043517,80.0,50.0,0.36310285510000284,0.29535223620000295,0.1722294174099917,0.5048026527652328,1.0
1999-07-31,40.074043517,80.0,50.0,0.36310285510000284,0.29535223620000295,0.1722294174099917,0.5048026527652328,1.0
1999-08-31,40.074043517,80.0,50.0,0.36310285510000284,0.29535223620000295,0.1722294174099917,0.5048026527652328,1.0
1999-09-30,39.3826945197,25.0,25.0,-0.07319338409999432,-0.43629623919999716,-0.10492080584000328,0.24234881907793018,0.0
1999-10-31,39.3826945197,25.0,25.0,-0.07319338409999432,-0.43629623919999716,-0.10492080584000328,0.24234881907793018,0.0
1999-11-30,39.3826945197,25.0,25.0,-0.07319338409999432,-0.43629623919999716,-0.10492080584000328,0.24234881907793018,0.0
1999-12-31,38.6678461627,10.0,15.0,-1.183030787299998,-1.1098374032000038,-0.3843923362700005,-0.44821214891883576,0.0
2000-01-31,38.6678461627,10.0,15.0,-1.183030787299998,-1.1098374032000038,-0.3843923362700005,-0.44821214891883576,0.0
2000-02-29,38.6678461627,10.0,15.0,-1.183030787299998,-1.1098374032000038,-0.3843923362700005,-0.44821214891883576,0.0
2000-03-31,38.4492545821,5.0,15.0,-1.2694497024000029,-0.08641891510000477,-0.5589215161700057,-0.47177792402328467,0.0
2000-04-30,38.4492545821,5.0,15.0,-1.2694497024000029,-0.08641891510000477,-0.5589215161700057,-0.47177792402328467,0.0
2000-05-31,38.4492545821,5.0,15.0,-1.2694497024000029,-0.08641891510000477,-0.5589215161700057,-0.47177792402328467,0.0
2000-06-30,39.1082632875,10.0,22.5,-0.9657802294999982,0.3036694729000047,-0.10418852772000482,-0.2411193546316804,1.0
2000-07-31,39.1082632875,10.0,22.5,-0.9657802294999982,0.3036694729000047,-0.10418852772000482,-0.2411193546316804,1.0
2000-08-31,39.1082632875,10.0,22.5,-0.9657802294999982,0.3036694729000047,-0.10418852772000482,-0.2411193546316804,1.0
2000-09-30,39.7423100261,55.00000000000001,50.0,0.3596155063999973,1.3253957358999955,0.38824002955999654,0.6537451510903551,2.0
2000-10-31,39.7423100261,55.00000000000001,50.0,0.3596155063999973,1.3253957358999955,0.38824002955999654,0.6537451510903551,2.0
2000-11-30,39.7423100261,55.00000000000001,50.0,0.3596155063999973,1.3253957358999955,0.38824002955999654,0.6537451510903551,2.0
2000-12-31,39.393612274,25.0,35.0,0.7257661112999969,0.3661506048999996,0.3467119814299943,0.9043982905416965,0.0
2001-01-31,39.393612274,25.0,35.0,0.7257661112999969,0.3661506048999996,0.3467119814299943,0.9043982905416965,0.0
2001-02-28,39.393612274,25.0,35.0,0.7257661112999969,0.3661506048999996,0.3467119814299943,0.9043982905416965,0.0
2001-03-31,39.3160792738,20.0,30.0,0.8668246917000033,0.1410585804000064,0.027475020679993776,0.9753417459856927,0.0
2001-04-30,39.3160792738,20.0,30.0,0.8668246917000033,0.1410585804000064,0.027475020679993776,0.9753417459856927,0.0
2001-05-31,39.3160792738,20.0,30.0,0.8668246917000033,0.1410585804000064,0.027475020679993776,0.9753417459856927,0.0
2001-06-30,38.0619103333,0.0,12.5,-1.0463529542000032,-1.9131776459000065,-0.5118732078600049,-0.30841433135381335,0.0
2001-07-31,38.0619103333,0.0,12.5,-1.0463529542000032,-1.9131776459000065,-0.5118732078600049,-0.30841433135381335,0.0
2001-08-31,38.0619103333,0.0,12.5,-1.0463529542000032,-1.9131776459000065,-0.5118732078600049,-0.30841433135381335,0.0
2001-09-30,36.4900168593,0.0,0.0,-3.2522931668000012,-2.205940212599998,-0.9964955184600073,-1.7327486542653525,0.0
2001-10-31,36.4900168593,0.0,0.0,-3.2522931668000012,-2.205940212599998,-0.9964955184600073,-1.7327486542653525,0.0
2001-11-30,36.4900168593,0.0,0.0,-3.2522931668000012,-2.205940212599998,-0.9964955184600073,-1.7327486542653525,0.0
2001-12-31,35.5239365826,0.0,0.0,-3.8696756913999977,-0.6173825245999964,-1.2948321547600026,-2.095410917529768,0.0
2002-01-31,35.5239365826,0.0,0.0,-3.8696756913999977,-0.6173825245999964,-1.2948321547600026,-2.095410917529768,0.0
2002-02-28,35.5239365826,0.0,0.0,-3.8696756913999977,-0.6173825245999964,-1.2948321547600026,-2.095410917529768,0.0
2002-03-31,34.047604823,0.0,0.0,-5.268474450799999,-1.3987987594000018,-1.3008996807600077,-2.822661193201587,0.0
2002-04-30,34.047604823,0.0,0.0,-5.268474450799999,-1.3987987594000018,-1.3008996807600077,-2.822661193201587,0.0
2002-05-31,34.047604823,0.0,0.0,-5.268474450799999,-1.3987987594000018,-1.3008996807600077,-2.822661193201587,0.0
2002-06-30,33.312486846,0.0,0.0,-4.7494234873,0.5190509634999998,-1.1008921799500078,-2.350966282812444,0.0
2002-07-31,33.312486846,0.0,0.0,-4.7494234873,0.5190509634999998,-1.1008921799500078,-2.350966282812444,0.0
2002-08-31,33.312486846,0.0,0.0,-4.7494234873,0.5190509634999998,-1.1008921799500078,-2.350966282812444,0.0
2002-09-30,32.2920935846,0.0,0.0,-4.1979232746999955,0.5515002126000041,-1.043064697100003,-1.9332557193007438,0.0
2002-10-31,32.2920935846,0.0,0.0,-4.1979232746999955,0.5515002126000041,-1.043064697100003,-1.9332557193007438,0.0
2002-11-30,32.2920935846,0.0,0.0,-4.1979232746999955,0.5515002126000041,-1.043064697100003,-1.9332557193007438,0.0
2002-12-31,32.0462329914,0.0,0.0,-3.4777035912000045,0.720219683499991,-0.7024508756200049,-1.4726951480251764,0.0
2003-01-31,32.0462329914,0.0,0.0,-3.4777035912000045,0.720219683499991,-0.7024508756200049,-1.4726951480251764,0.0
2003-02-28,32.0462329914,0.0,0.0,-3.4777035912000045,0.720219683499991,-0.7024508756200049,-1.4726951480251764,0.0
2003-03-31,31.3486623014,0.0,0.0,-2.6989425215999994,0.7787610696000051,-0.6137334227000073,-1.0086939130019128,0.0
2003-04-30,31.3486623014,0.0,0.0,-2.6989425215999994,0.7787610696000051,-0.6137334227000073,-1.0086939130019128,0.0
2003-05-31,31.3486623014,0.0,0.0,-2.6989425215999994,0.7787610696000051,-0.6137334227000073,-1.0086939130019128,0.0
2003-06-30,30.8740428902,0.0,0.0,-2.4384439558000004,0.26049856579999897,-0.49517227732000824,-0.8520067599342782,0.0
2003-07-31,30.8740428902,0.0,0.0,-2.4384439558000004,0.26049856579999897,-0.49517227732000824,-0.8520067599342782,0.0
2003-08-31,30.8740428902,0.0,0.0,-2.4384439558000004,0.26049856579999897,-0.49517227732000824,-0.8520067599342782,0.0
2003-09-30,29.8077294542,0.0,0.0,-2.484364130400003,-0.04592017460000264,-0.7190130022800003,-0.8597782199621796,0.0
2003-10-31,29.8077294542,0.0,0.0,-2.484364130400003,-0.04592017460000264,-0.7190130022800003,-0.8597782199621796,0.0
2003-11-30,29.8077294542,0.0,0.0,-2.484364130400003,-0.04592017460000264,-0.7190130022800003,-0.8597782199621796,0.0
2003-12-31,29.1419011098,0.0,0.0,-2.9043318815999974,-0.4199677511999944,-0.7686597010800047,-1.0672542522061257,0.0
2004-01-31,29.1419011098,0.0,0.0,-2.9043318815999974,-0.4199677511999944,-0.7686597010800047,-1.0672542522061257,0.0
2004-02-29,29.1419011098,0.0,0.0,-2.9043318815999974,-0.4199677511999944,-0.7686597010800047,-1.0672542522061257,0.0
2004-03-31,28.8247136665,0.0,0.0,-2.5239486349000018,0.3803832466999957,-0.681381601550007,-0.8805313928089015,0.0
2004-04-30,28.8247136665,0.0,0.0,-2.5239486349000018,0.3803832466999957,-0.681381601550007,-0.8805313928089015,0.0
2004-05-31,28.8247136665,0.0,0.0,-2.5239486349000018,0.3803832466999957,-0.681381601550007,-0.8805313928089015,0.0
2004-06-30,28.118988963,0.0,0.0,-2.7550539271999988,-0.231105292299997,-0.5383408916900057,-0.9783859304876596,0.0
2004-07-31,28.118988963,0.0,0.0,-2.7550539271999988,-0.231105292299997,-0.5383408916900057,-0.9783859304876596,0.0
2004-08-31,28.118988963,0.0,0.0,-2.7550539271999988,-0.231105292299997,-0.5383408916900057,-0.9783859304876596,0.0
2004-09-30,28.351034438,5.0,2.5,-1.4566950162000012,1.2983589109999976,-0.3078324718900016,-0.29088583651794125,1.0
2004-10-31,28.351034438,5.0,2.5,-1.4566950162000012,1.2983589109999976,-0.3078324718900016,-0.29088583651794125,1.0
2004-11-30,28.351034438,5.0,2.5,-1.4566950162000012,1.2983589109999976,-0.3078324718900016,-0.29088583651794125,1.0
2004-12-31,28.5070905645,10.0,5.0,-0.6348105452999988,0.8218844709000024,-0.07208238310000604,0.1493248622440079,2.0
2005-01-31,28.5070905645,10.0,5.0,-0.6348105452999988,0.8218844709000024,-0.07208238310000604,0.1493248622440079,2.0
2005-02-28,28.5070905645,10.0,5.0,-0.6348105452999988,0.8218844709000024,-0.07208238310000604,0.1493248622440079,2.0
2005-03-31,29.0099880642,20.0,10.0,0.18527439770000242,0.8200849430000012,0.2829053430099976,0.5985520067679228,3.0
2005-04-30,29.0099880642,20.0,10.0,0.18527439770000242,0.8200849430000012,0.2829053430099976,0.5985520067679228,3.0
2005-05-31,29.0099880642,20.0,10.0,0.18527439770000242,0.8200849430000012,0.2829053430099976,0.5985520067679228,3.0
2005-06-30,29.4207069515,30.0,15.0,1.3017179885000019,1.1164435907999994,0.37119150402000023,1.2000833608673989,4.0
2005-07-31,29.4207069515,30.0,15.0,1.3017179885000019,1.1164435907999994,0.37119150402000023,1.2000833608673989,4.0
2005-08-31,29.4207069515,30.0,15.0,1.3017179885000019,1.1164435907999994,0.37119150402000023,1.2000833608673989,4.0
2005-09-30,29.5920230905,35.0,17.5,1.2409886525000005,-0.06072933600000141,0.36655164652999733,1.192249898034415,5.0
2005-10-31,29.5920230905,35.0,17.5,1.2409886525000005,-0.06072933600000141,0.36655164652999733,1.192249898034415,5.0
2005-11-30,29.5920230905,35.0,17.5,1.2409886525000005,-0.06072933600000141,0.36655164652999733,1.192249898034415,5.0
2005-12-31,29.1688719795,30.0,15.0,0.6617814150000001,-0.5792072375000004,0.06479678848999686,0.914626660966844,0.0
2006-01-31,29.1688719795,30.0,15.0,0.6617814150000001,-0.5792072375000004,0.06479678848999686,0.914626660966844,0.0
2006-02-28,29.1688719795,30.0,15.0,0.6617814150000001,-0.5792072375000004,0.06479678848999686,0.914626660966844,0.0
2006-03-31,28.9874100795,20.0,10.0,-0.022577984700003384,-0.6843593997000035,-0.1723041727000054,0.5797479505503945,0.0
2006-04-30,28.9874100795,20.0,10.0,-0.022577984700003384,-0.6843593997000035,-0.1723041727000054,0.5797479505503945,0.0
2006-05-31,28.9874100795,20.0,10.0,-0.022577984700003384,-0.6843593997000035,-0.1723041727000054,0.5797479505503945,0.0
2006-06-30,29.1849840089,40.0,20.0,-0.23572294260000248,-0.2131449578999991,-0.14025791448000596,0.48211271833529723,1.0
2006-07-31,29.1849840089,40.0,20.0,-0.23572294260000248,-0.2131449578999991,-0.14025791448000596,0.48211271833529723,1.0
2006-08-31,29.1849840089,40.0,20.0,-0.23572294260000248,-0.2131449578999991,-0.14025791448000596,0.48211271833529723,1.0
2006-09-30,29.6471851716,55.00000000000001,27.500000000000004,0.05516208110000065,0.29088502370000313,0.16325135056999313,0.6604780142968936,2.0
2006-10-31,29.6471851716,55.00000000000001,27.500000000000004,0.05516208110000065,0.29088502370000313,0.16325135056999313,0.6604780142968936,2.0
2006-11-30,29.6471851716,55.00000000000001,27.500000000000004,0.05516208110000065,0.29088502370000313,0.16325135056999313,0.6604780142968936,2.0
2006-12-31,29.3947410319,45.0,22.5,0.22586905240000021,0.17070697129999957,0.16841940199000074,0.767449774602468,0.0
2007-01-31,29.3947410319,45.0,22.5,0.22586905240000021,0.17070697129999957,0.16841940199000074,0.767449774602468,0.0
2007-02-28,29.3947410319,45.0,22.5,0.22586905240000021,0.17070697129999957,0.16841940199000074,0.767449774602468,0.0
2007-03-31,29.7714269145,65.0,32.5,0.7840168350000027,0.5581477826000025,0.15068845770999983,1.0605743299115329,1.0
2007-04-30,29.7714269145,65.0,32.5,0.7840168350000027,0.5581477826000025,0.15068845770999983,1.0605743299115329,1.0
2007-05-31,29.7714269145,65.0,32.5,0.7840168350000027,0.5581477826000025,0.15068845770999983,1.0605743299115329,1.0
2007-06-30,30.320876074,75.0,37.5,1.135892065100002,0.3518752300999992,0.23977585897999704,1.2203831596428403,2.0
2007-07-31,30.320876074,75.0,37.5,1.135892065100002,0.3518752300999992,0.23977585897999704,1.2203831596428403,2.0
2007-08-31,30.320876074,75.0,37.5,1.135892065100002,0.3518752300999992,0.23977585897999704,1.2203831596428403,2.0
2007-09-30,31.0367328868,85.0,42.5,1.389547715199999,0.25365565009999713,0.5475424724199951,1.3093062292397257,3.0
2007-10-31,31.0367328868,85.0,42.5,1.389547715199999,0.25365565009999713,0.5475424724199951,1.3093062292397257,3.0
2007-11-30,31.0367328868,85.0,42.5,1.389547715199999,0.25365565009999713,0.5475424724199951,1.3093062292397257,3.0
2007-12-31,32.0231094642,95.0,47.5,2.6283684322999967,1.2388207170999976,0.7470904461899923,1.853289932175834,4.0
2008-01-31,32.0231094642,95.0,47.5,2.6283684322999967,1.2388207170999976,0.7470904461899923,1.853289932175834,4.0
2008-02-29,32.0231094642,95.0,47.5,2.6283684322999967,1.2388207170999976,0.7470904461899923,1.853289932175834,4.0
2008-03-31,32.7985897317,100.0,55.00000000000001,3.027162817199997,0.3987943849000004,0.8419517550499971,1.927085812322401,5.0
2008-04-30,32.7985897317,100.0,55.00000000000001,3.027162817199997,0.3987943849000004,0.8419517550499971,1.927085812322401,5.0
2008-05-31,32.7985897317,100.0,55.00000000000001,3.027162817199997,0.3987943849000004,0.8419517550499971,1.927085812322401,5.0
2008-06-30,33.3023096263,100.0,57.49999999999999,2.9814335523000004,-0.045729264899996735,0.7572210485999974,1.7868876267452578,6.0
2008-07-31,33.3023096263,100.0,57.49999999999999,2.9814335523000004,-0.045729264899996735,0.7572210485999974,1.7868876267452578,6.0
2008-08-31,33.3023096263,100.0,57.49999999999999,2.9814335523000004,-0.045729264899996735,0.7572210485999974,1.7868876267452578,6.0
2008-09-30,33.1187223741,95.0,57.49999999999999,2.081989487300003,-0.8994440649999973,0.3790558624299984,1.2958031817692406,0.0
2008-10-31,33.1187223741,95.0,57.49999999999999,2.081989487300003,-0.8994440649999973,0.3790558624299984,1.2958031817692406,0.0
2008-11-30,33.1187223741,95.0,57.49999999999999,2.081989487300003,-0.8994440649999973,0.3790558624299984,1.2958031817692406,0.0
2008-12-31,33.7452483709,100.0,65.0,1.7221389067000032,-0.35985058059999986,0.2656388665399979,1.1010581708174203,1.0
2009-01-31,33.7452483709,100.0,65.0,1.7221389067000032,-0.35985058059999986,0.2656388665399979,1.1010581708174203,1.0
2009-02-28,33.7452483709,100.0,65.0,1.7221389067000032,-0.35985058059999986,0.2656388665399979,1.1010581708174203,1.0
2009-03-31,33.5120249934,95.0,65.0,0.713435261699999,-1.0087036450000042,0.12556720980999364,0.6215905020482015,0.0
2009-04-30,33.5120249934,95.0,65.0,0.713435261699999,-1.0087036450000042,0.12556720980999364,0.6215905020482015,0.0
2009-05-31,33.5120249934,95.0,65.0,0.713435261699999,-1.0087036450000042,0.12556720980999364,0.6215905020482015,0.0
2009-06-30,31.4560307497,70.0,47.5,-1.8462788766000031,-2.559714138300002,-0.5221298250700039,-0.5396928961898997,0.0
2009-07-31,31.4560307497,70.0,47.5,-1.8462788766000031,-2.559714138300002,-0.5221298250700039,-0.5396928961898997,0.0
2009-08-31,31.4560307497,70.0,47.5,-1.8462788766000031,-2.559714138300002,-0.5221298250700039,-0.5396928961898997,0.0
2009-09-30,30.061621905,55.00000000000001,37.5,-3.0571004691000034,-1.2108215925000003,-1.3106873641400048,-1.0517174944235574,0.0
2009-10-31,30.061621905,55.00000000000001,37.5,-3.0571004691000034,-1.2108215925000003,-1.3106873641400048,-1.0517174944235574,0.0
2009-11-30,30.061621905,55.00000000000001,37.5,-3.0571004691000034,-1.2108215925000003,-1.3106873641400048,-1.0517174944235574,0.0
2009-12-31,28.8514119118,5.0,10.0,-4.893836459100001,-1.8367359899999975,-1.537624808950006,-1.771816156298583,0.0
2010-01-31,28.8514119118,5.0,10.0,-4.893836459100001,-1.8367359899999975,-1.537624808950006,-1.771816156298583,0.0
2010-02-28,28.8514119118,5.0,10.0,-4.893836459100001,-1.8367359899999975,-1.537624808950006,-1.771816156298583,0.0
2010-03-31,27.0224538983,0.0,0.0,-6.489571095099997,-1.595734635999996,-1.451094054740007,-2.248486482386861,0.0
2010-04-30,27.0224538983,0.0,0.0,-6.489571095099997,-1.595734635999996,-1.451094054740007,-2.248486482386861,0.0
2010-05-31,27.0224538983,0.0,0.0,-6.489571095099997,-1.595734635999996,-1.451094054740007,-2.248486482386861,0.0
2010-06-30,26.0976864111,0.0,0.0,-5.3583443385999985,1.1312267564999985,-1.3720764495200055,-1.6764385684407892,0.0
2010-07-31,26.0976864111,0.0,0.0,-5.3583443385999985,1.1312267564999985,-1.3720764495200055,-1.6764385684407892,0.0
2010-08-31,26.0976864111,0.0,0.0,-5.3583443385999985,1.1312267564999985,-1.3720764495200055,-1.6764385684407892,0.0
2010-09-30,25.4338238687,0.0,0.0,-4.6277980363,0.7305463022999987,-1.1177531616500047,-1.3153452647876354,0.0
2010-10-31,25.4338238687,0.0,0.0,-4.6277980363,0.7305463022999987,-1.1177531616500047,-1.3153452647876354,0.0
2010-11-30,25.4338238687,0.0,0.0,-4.6277980363,0.7305463022999987,-1.1177531616500047,-1.3153452647876354,0.0
2010-12-31,25.2177206885,0.0,0.0,-3.6336912233000014,0.9941068129999984,-0.6078062171800036,-0.8875865221767243,0.0
2011-01-31,25.2177206885,0.0,0.0,-3.6336912233000014,0.9941068129999984,-0.6078062171800036,-0.8875865221767243,0.0
2011-02-28,25.2177206885,0.0,0.0,-3.6336912233000014,0.9941068129999984,-0.6078062171800036,-0.8875865221767243,0.0
2011-03-31,23.7735895236,0.0,0.0,-3.248864374700002,0.3848268485999995,-0.7188393842700017,-0.7022486483306477,0.0
2011-04-30,23.7735895236,0.0,0.0,-3.248864374700002,0.3848268485999995,-0.7188393842700017,-0.7022486483306477,0.0
2011-05-31,23.7735895236,0.0,0.0,-3.248864374700002,0.3848268485999995,-0.7188393842700017,-0.7022486483306477,0.0
2011-06-30,24.225010626,5.0,2.5,-1.8726757851000002,1.3761885896000017,-0.5070570893000034,-0.16412788464239422,1.0
2011-07-31,24.225010626,5.0,2.5,-1.8726757851000002,1.3761885896000017,-0.5070570893000034,-0.16412788464239422,1.0
2011-08-31,24.225010626,5.0,2.5,-1.8726757851000002,1.3761885896000017,-0.5070570893000034,-0.16412788464239422,1.0
2011-09-30,24.7304199398,10.0,5.0,-0.7034039288999985,1.1692718562000017,-0.10104811436999972,0.2631741848292311,2.0
2011-10-31,24.7304199398,10.0,5.0,-0.7034039288999985,1.1692718562000017,-0.10104811436999972,0.2631741848292311,2.0
2011-11-30,24.7304199398,10.0,5.0,-0.7034039288999985,1.1692718562000017,-0.10104811436999972,0.2631741848292311,2.0
2011-12-31,25.5407467885,25.0,12.5,0.3230261000000034,1.026430028900002,0.5806881108499997,0.6246140093988394,3.0
2012-01-31,25.5407467885,25.0,12.5,0.3230261000000034,1.026430028900002,0.5806881108499997,0.6246140093988394,3.0
2012-02-29,25.5407467885,25.0,12.5,0.3230261000000034,1.026430028900002,0.5806881108499997,0.6246140093988394,3.0
2012-03-31,26.0867999176,30.0,15.0,2.313210394000002,1.9901842939999987,0.639569472349997,1.3387916160493532,4.0
2012-04-30,26.0867999176,30.0,15.0,2.313210394000002,1.9901842939999987,0.639569472349997,1.3387916160493532,4.0
2012-05-31,26.0867999176,30.0,15.0,2.313210394000002,1.9901842939999987,0.639569472349997,1.3387916160493532,4.0
2012-06-30,25.8910269951,30.0,15.0,1.6660163690999994,-0.6471940249000028,0.40278742949999524,1.0351227137885421,0.0
2012-07-31,25.8910269951,30.0,15.0,1.6660163690999994,-0.6471940249000028,0.40278742949999524,1.0351227137885421,0.0
2012-08-31,25.8910269951,30.0,15.0,1.6660163690999994,-0.6471940249000028,0.40278742949999524,1.0351227137885421,0.0
2012-09-30,26.0821273301,35.0,17.5,1.3517073902999996,-0.31430897879999975,0.14283687022999583,0.865483438430531,1.0
2012-10-31,26.0821273301,35.0,17.5,1.3517073902999996,-0.31430897879999975,0.14283687022999583,0.865483438430531,1.0
2012-11-30,26.0821273301,35.0,17.5,1.3517073902999996,-0.31430897879999975,0.14283687022999583,0.865483438430531,1.0
2012-12-31,26.2923840816,50.0,25.0,0.7516372930999999,-0.6000700971999997,0.08078528269999487,0.5867301257380696,2.0
2013-01-31,26.2923840816,50.0,25.0,0.7516372930999999,-0.6000700971999997,0.08078528269999487,0.5867301257380696,2.0
2013-02-28,26.2923840816,50.0,25.0,0.7516372930999999,-0.6000700971999997,0.08078528269999487,0.5867301257380696,2.0
2013-03-31,26.0425601864,35.0,17.5,-0.04423973120000113,-0.7958770243000011,0.06648563253999855,0.23619972464648067,0.0
2013-04-30,26.0425601864,35.0,17.5,-0.04423973120000113,-0.7958770243000011,0.06648563253999855,0.23619972464648067,0.0
2013-05-31,26.0425601864,35.0,17.5,-0.04423973120000113,-0.7958770243000011,0.06648563253999855,0.23619972464648067,0.0
2013-06-30,26.0173516364,35.0,17.5,0.12632464130000187,0.170564372500003,-0.04441509763000337,0.28187824454297344,0.0
2013-07-31,26.0173516364,35.0,17.5,0.12632464130000187,0.170564372500003,-0.04441509763000337,0.28187824454297344,0.0
2013-08-31,26.0173516364,35.0,17.5,0.12632464130000187,0.170564372500003,-0.04441509763000337,0.28187824454297344,0.0
2013-09-30,26.4286636527,65.0,32.5,0.34653632259999867,0.2202116812999968,0.0383630163299941,0.3462634262951189,1.0
2013-10-31,26.4286636527,65.0,32.5,0.34653632259999867,0.2202116812999968,0.0383630163299941,0.3462634262951189,1.0
2013-11-30,26.4286636527,65.0,32.5,0.34653632259999867,0.2202116812999968,0.0383630163299941,0.3462634262951189,1.0
2013-12-31,26.227214247,60.0,30.0,-0.06516983460000247,-0.41170615720000114,0.0965274198099984,0.14657967477854836,0.0
2014-01-31,26.227214247,60.0,30.0,-0.06516983460000247,-0.41170615720000114,0.0965274198099984,0.14657967477854836,0.0
2014-02-28,26.227214247,60.0,30.0,-0.06516983460000247,-0.41170615720000114,0.0965274198099984,0.14657967477854836,0.0
2014-03-31,26.3365037698,70.0,35.0,0.2939435834000008,0.3591134180000033,0.07560069944999984,0.2713932381416425,1.0
2014-04-30,26.3365037698,70.0,35.0,0.2939435834000008,0.3591134180000033,0.07560069944999984,0.2713932381416425,1.0
2014-05-31,26.3365037698,70.0,35.0,0.2939435834000008,0.3591134180000033,0.07560069944999984,0.2713932381416425,1.0
2014-06-30,26.9146868855,80.0,40.0,0.8973352490999993,0.6033916656999985,0.1567359221199996,0.49568660056839947,2.0
2014-07-31,26.9146868855,80.0,40.0,0.8973352490999993,0.6033916656999985,0.1567359221199996,0.49568660056839947,2.0
2014-08-31,26.9146868855,80.0,40.0,0.8973352490999993,0.6033916656999985,0.1567359221199996,0.49568660056839947,2.0
2014-09-30,26.8667932186,80.0,40.0,0.4381295659000024,-0.4592056831999969,0.2496920030499952,0.2774776899627597,0.0
2014-10-31,26.8667932186,80.0,40.0,0.4381295659000024,-0.4592056831999969,0.2496920030499952,0.2774776899627597,0.0
2014-11-30,26.8667932186,80.0,40.0,0.4381295659000024,-0.4592056831999969,0.2496920030499952,0.2774776899627597,0.0
2014-12-31,27.3465381458,95.0,47.5,1.1193238988000012,0.6811943328999988,0.2982209461099944,0.5516581756749441,1.0
2015-01-31,27.3465381458,95.0,47.5,1.1193238988000012,0.6811943328999988,0.2982209461099944,0.5516581756749441,1.0
2015-02-28,27.3465381458,95.0,47.5,1.1193238988000012,0.6811943328999988,0.2982209461099944,0.5516581756749441,1.0
2015-03-31,27.3638912843,100.0,50.0,1.027387514499999,-0.09193638430000206,0.18273581235999672,0.501356590539986,2.0
2015-04-30,27.3638912843,100.0,50.0,1.027387514499999,-0.09193638430000206,0.18273581235999672,0.501356590539986,2.0
2015-05-31,27.3638912843,100.0,50.0,1.027387514499999,-0.09193638430000206,0.18273581235999672,0.501356590539986,2.0
2015-06-30,27.3623846607,95.0,50.0,0.4476977751999982,-0.5796897393000009,0.1504127464799935,0.2621177769302611,0.0
2015-07-31,27.3623846607,95.0,50.0,0.4476977751999982,-0.5796897393000009,0.1504127464799935,0.2621177769302611,0.0
2015-08-31,27.3623846607,95.0,50.0,0.4476977751999982,-0.5796897393000009,0.1504127464799935,0.2621177769302611,0.0
2015-09-30,26.8898518472,80.0,42.5,0.023058628599997633,-0.42463914660000057,-0.13715655194000081,0.092170201153928,0.0
2015-10-31,26.8898518472,80.0,42.5,0.023058628599997633,-0.42463914660000057,-0.13715655194000081,0.092170201153928,0.0
2015-11-30,26.8898518472,80.0,42.5,0.023058628599997633,-0.42463914660000057,-0.13715655194000081,0.092170201153928,0.0
2015-12-31,26.4728334083,70.0,40.0,-0.8737047374999989,-0.8967633660999965,-0.31457064415000247,-0.2808183641276769,0.0
2016-01-31,26.4728334083,70.0,40.0,-0.8737047374999989,-0.8967633660999965,-0.31457064415000247,-0.2808183641276769,0.0
2016-02-29,26.4728334083,70.0,40.0,-0.8737047374999989,-0.8967633660999965,-0.31457064415000247,-0.2808183641276769,0.0
2016-03-31,26.1360021381,45.0,30.0,-1.227889146199999,-0.3541844087000001,-0.40961660067000677,-0.42071577668736587,0.0
2016-04-30,26.1360021381,45.0,30.0,-1.227889146199999,-0.3541844087000001,-0.40961660067000677,-0.42071577668736587,0.0
2016-05-31,26.1360021381,45.0,30.0,-1.227889146199999,-0.3541844087000001,-0.40961660067000677,-0.42071577668736587,0.0
2016-06-30,26.250941639,50.0,35.0,-1.1114430216999978,0.11644612450000125,-0.2253561894800043,-0.3601108667021639,1.0
2016-07-31,26.250941639,50.0,35.0,-1.1114430216999978,0.11644612450000125,-0.2253561894800043,-0.3601108667021639,1.0
2016-08-31,26.250941639,50.0,35.0,-1.1114430216999978,0.11644612450000125,-0.2253561894800043,-0.3601108667021639,1.0
2016-09-30,25.7521795245,10.0,15.0,-1.1376723226999985,-0.02622930100000076,-0.20470221505000705,-0.3580500175964076,0.0
2016-10-31,25.7521795245,10.0,15.0,-1.1376723226999985,-0.02622930100000076,-0.20470221505000705,-0.3580500175964076,0.0
2016-11-30,25.7521795245,10.0,15.0,-1.1376723226999985,-0.02622930100000076,-0.20470221505000705,-0.3580500175964076,0.0
2016-12-31,25.2790765583,0.0,10.0,-1.1937568499999998,-0.05608452730000124,-0.3069538853900014,-0.3665618443602401,0.0
2017-01-31,25.2790765583,0.0,10.0,-1.1937568499999998,-0.05608452730000124,-0.3069538853900014,-0.3665618443602401,0.0
2017-02-28,25.2790765583,0.0,10.0,-1.1937568499999998,-0.05608452730000124,-0.3069538853900014,-0.3665618443602401,0.0
2017-03-31,24.9253382188,0.0,7.5,-1.2106639193,-0.016907069300000188,-0.4449913226800057,-0.35285581936797217,0.0
2017-04-30,24.9253382188,0.0,7.5,-1.2106639193,-0.016907069300000188,-0.4449913226800057,-0.35285581936797217,0.0
2017-05-31,24.9253382188,0.0,7.5,-1.2106639193,-0.016907069300000188,-0.4449913226800057,-0.35285581936797217,0.0
2017-06-30,25.3089225393,10.0,15.0,-0.9420190997000013,0.26864481959999864,-0.168350929510004,-0.21532038795156283,1.0
2017-07-31,25.3089225393,10.0,15.0,-0.9420190997000013,0.26864481959999864,-0.168350929510004,-0.21532038795156283,1.0
2017-08-31,25.3089225393,10.0,15.0,-0.9420190997000013,0.26864481959999864,-0.168350929510004,-0.21532038795156283,1.0
2017-09-30,25.4355105783,15.0,20.0,-0.3166689462000001,0.6253501535000012,0.08528863804999687,0.07571046928738188,2.0
2017-10-31,25.4355105783,15.0,20.0,-0.3166689462000001,0.6253501535000012,0.08528863804999687,0.07571046928738188,2.0
2017-11-30,25.4355105783,15.0,20.0,-0.3166689462000001,0.6253501535000012,0.08528863804999687,0.07571046928738188,2.0
2017-12-31,25.392280971,15.0,17.5,0.11320441270000003,0.4298733589000001,0.1527416295599971,0.2988139140185271,0.0
2018-01-31,25.392280971,15.0,17.5,0.11320441270000003,0.4298733589000001,0.1527416295599971,0.2988139140185271,0.0
2018-02-28,25.392280971,15.0,17.5,0.11320441270000003,0.4298733589000001,0.1527416295599971,0.2988139140185271,0.0
2018-03-31,25.9335244547,30.0,32.5,1.0081862358999985,0.8949818231999984,0.18305761388999695,0.7437866470434572,1.0
2018-04-30,25.9335244547,30.0,32.5,1.0081862358999985,0.8949818231999984,0.18305761388999695,0.7437866470434572,1.0
2018-05-31,25.9335244547,30.0,32.5,1.0081862358999985,0.8949818231999984,0.18305761388999695,0.7437866470434572,1.0
2018-06-30,25.9871304782,35.0,35.0,0.6782079389000017,-0.3299782969999967,0.21961031833999728,0.6381058694001889,2.0
2018-07-31,25.9871304782,35.0,35.0,0.6782079389000017,-0.3299782969999967,0.21961031833999728,0.6381058694001889,2.0
2018-08-31,25.9871304782,35.0,35.0,0.6782079389000017,-0.3299782969999967,0.21961031833999728,0.6381058694001889,2.0
2018-09-30,28.2401767716,100.0,85.0,2.804666193300001,2.1264582543999992,0.8597293425299954,1.6222266776434668,3.0
2018-10-31,28.2401767716,100.0,85.0,2.804666193300001,2.1264582543999992,0.8597293425299954,1.6222266776434668,3.0
2018-11-30,28.2401767716,100.0,85.0,2.804666193300001,2.1264582543999992,0.8597293425299954,1.6222266776434668,3.0
2018-12-31,28.1115265887,95.0,85.0,2.719245617699997,-0.08542057560000416,0.8787052695399951,1.5455432062211412,0.0
2019-01-31,28.1115265887,95.0,85.0,2.719245617699997,-0.08542057560000416,0.8787052695399951,1.5455432062211412,0.0
2019-02-28,28.1115265887,95.0,85.0,2.719245617699997,-0.08542057560000416,0.8787052695399951,1.5455432062211412,0.0
2019-03-31,28.4295621274,100.0,90.0,2.4960376727000018,-0.22320794499999508,0.7198644764699974,1.3917972036454256,1.0
2019-04-30,28.4295621274,100.0,90.0,2.4960376727000018,-0.22320794499999508,0.7198644764699974,1.3917972036454256,1.0
2019-05-31,28.4295621274,100.0,90.0,2.4960376727000018,-0.22320794499999508,0.7198644764699974,1.3917972036454256,1.0
2019-06-30,28.9077874254,100.0,95.0,2.9206569471999977,0.4246192744999959,0.23208675000999454,1.491448446934682,2.0
2019-07-31,28.9077874254,100.0,95.0,2.9206569471999977,0.4246192744999959,0.23208675000999454,1.491448446934682,2.0
2019-08-31,28.9077874254,100.0,95.0,2.9206569471999977,0.4246192744999959,0.23208675000999454,1.491448446934682,2.0
2019-09-30,28.829452056,95.0,92.5,0.5892752843999993,-2.3313816627999984,0.2632001699899955,0.42715162286663316,0.0
2019-10-31,28.829452056,95.0,92.5,0.5892752843999993,-2.3313816627999984,0.2632001699899955,0.42715162286663316,0.0
2019-11-30,28.829452056,95.0,92.5,0.5892752843999993,-2.3313816627999984,0.2632001699899955,0.42715162286663316,0.0
2019-12-31,28.3226328065,85.0,90.0,0.21110621780000116,-0.37816906659999816,-0.03991233321000141,0.21187223840063013,0.0
2020-01-31,28.3226328065,85.0,90.0,0.21110621780000116,-0.37816906659999816,-0.03991233321000141,0.21187223840063013,0.0
2020-02-29,28.3226328065,85.0,90.0,0.21110621780000116,-0.37816906659999816,-0.03991233321000141,0.21187223840063013,0.0
2020-03-31,28.2311856625,75.0,87.5,-0.19837646490000083,-0.409482682700002,-0.253662453820005,-0.0655415188286207,0.0
2020-04-30,28.2311856625,75.0,87.5,-0.19837646490000083,-0.409482682700002,-0.253662453820005,-0.0655415188286207,0.0
2020-05-31,28.2311856625,75.0,87.5,-0.19837646490000083,-0.409482682700002,-0.253662453820005,-0.0655415188286207,0.0
2020-06-30,31.4216701046,100.0,100.0,2.5138826792000017,2.7122591441000026,0.7685207001799961,1.4264369408425357,1.0
2020-07-31,31.4216701046,100.0,100.0,2.5138826792000017,2.7122591441000026,0.7685207001799961,1.4264369408425357,1.0
2020-08-31,31.4216701046,100.0,100.0,2.5138826792000017,2.7122591441000026,0.7685207001799961,1.4264369408425357,1.0
2020-09-30,30.0373489813,95.0,97.5,1.2078969252999983,-1.3059857539000035,0.8334632966499996,0.6286357045028937,0.0
2020-10-31,30.0373489813,95.0,97.5,1.2078969252999983,-1.3059857539000035,0.8334632966499996,0.6286357045028937,0.0
2020-11-30,30.0373489813,95.0,97.5,1.2078969252999983,-1.3059857539000035,0.8334632966499996,0.6286357045028937,0.0
2020-12-31,28.5389699902,80.0,90.0,0.21633718369999855,-0.9915597415999997,-0.046096814020004706,-0.1066905435814436,0.0
2021-01-31,28.5389699902,80.0,90.0,0.21633718369999855,-0.9915597415999997,-0.046096814020004706,-0.1066905435814436,0.0
2021-02-28,28.5389699902,80.0,90.0,0.21633718369999855,-0.9915597415999997,-0.046096814020004706,-0.1066905435814436,0.0
2021-03-31,28.0241886949,50.0,75.0,-0.20699696759999853,-0.4233341512999971,-1.1690823220200024,-0.5231277839808389,0.0
2021-04-30,28.0241886949,50.0,75.0,-0.20699696759999853,-0.4233341512999971,-1.1690823220200024,-0.5231277839808389,0.0
2021-05-31,28.0241886949,50.0,75.0,-0.20699696759999853,-0.4233341512999971,-1.1690823220200024,-0.5231277839808389,0.0
2021-06-30,28.1608657949,55.00000000000001,77.5,-3.2608043096999992,-3.0538073421000007,-0.6144230854500041,-2.785059250413628,1.0
2021-07-31,28.1608657949,55.00000000000001,77.5,-3.2608043096999992,-3.0538073421000007,-0.6144230854500041,-2.785059250413628,1.0
2021-08-31,28.1608657949,55.00000000000001,77.5,-3.2608043096999992,-3.0538073421000007,-0.6144230854500041,-2.785059250413628,1.0
2021-09-30,28.7438380807,80.0,90.0,-1.2935109005999976,1.9672934091000016,0.07512813714999639,-1.2630056121054025,2.0
2021-10-31,28.7438380807,80.0,90.0,-1.2935109005999976,1.9672934091000016,0.07512813714999639,-1.2630056121054025,2.0
2021-11-30,28.7438380807,80.0,90.0,-1.2935109005999976,1.9672934091000016,0.07512813714999639,-1.2630056121054025,2.0
2021-12-31,28.6170561246,75.0,87.5,0.078086134400003,1.3715970350000006,0.23615745748999942,-0.22804935960933742,0.0
2022-01-31,28.6170561246,75.0,87.5,0.078086134400003,1.3715970350000006,0.23615745748999942,-0.22804935960933742,0.0
2022-02-28,28.6170561246,75.0,87.5,0.078086134400003,1.3715970350000006,0.23615745748999942,-0.22804935960933742,0.0
2022-03-31,29.4658651169,90.0,95.0,1.4416764220000005,1.3635902875999975,0.37882160098999457,0.8276811263864324,1.0
2022-04-30,29.4658651169,90.0,95.0,1.4416764220000005,1.3635902875999975,0.37882160098999457,0.8276811263864324,1.0
2022-05-31,29.4658651169,90.0,95.0,1.4416764220000005,1.3635902875999975,0.37882160098999457,0.8276811263864324,1.0
2022-06-30,30.3449562176,95.0,97.5,2.184090422699999,0.7424140006999984,0.5652163402999948,1.36941025005508,2.0
2022-07-31,30.3449562176,95.0,97.5,2.184090422699999,0.7424140006999984,0.5652163402999948,1.36941025005508,2.0
2022-08-31,30.3449562176,95.0,97.5,2.184090422699999,0.7424140006999984,0.5652163402999948,1.36941025005508,2.0
2022-09-30,31.0581203944,95.0,97.5,2.314282313699998,0.13019189099999906,0.8202283910099947,1.4209164073106213,3.0
2022-10-31,31.0581203944,95.0,97.5,2.314282313699998,0.13019189099999906,0.8202283910099947,1.4209164073106213,3.0
2022-11-30,31.0581203944,95.0,97.5,2.314282313699998,0.13019189099999906,0.8202283910099947,1.4209164073106213,3.0
2022-12-31,30.9889329885,90.0,95.0,2.371876863899999,0.05759455020000104,0.5282367791599945,1.39754795918555,0.0
2023-01-31,30.9889329885,90.0,95.0,2.371876863899999,0.05759455020000104,0.5282367791599945,1.39754795918555,0.0
2023-02-28,30.9889329885,90.0,95.0,2.371876863899999,0.05759455020000104,0.5282367791599945,1.39754795918555,0.0
2023-03-31,30.7702082054,85.0,92.5,1.3043430884999978,-1.0675337754000012,0.1206568557499949,0.5999631170815573,0.0
2023-04-30,30.7702082054,85.0,92.5,1.3043430884999978,-1.0675337754000012,0.1206568557499949,0.5999631170815573,0.0
2023-05-31,30.7702082054,85.0,92.5,1.3043430884999978,-1.0675337754000012,0.1206568557499949,0.5999631170815573,0.0
2023-06-30,30.4126512496,80.0,90.0,0.0676950319999996,-1.2366480564999982,-0.21551322175000473,-0.28959553316411385,0.0
2023-07-31,30.4126512496,80.0,90.0,0.0676950319999996,-1.2366480564999982,-0.21551322175000473,-0.28959553316411385,0.0
2023-08-31,30.4126512496,80.0,90.0,0.0676950319999996,-1.2366480564999982,-0.21551322175000473,-0.28959553316411385,0.0
2023-09-30,30.1980882125,70.0,85.0,-0.8600321818999994,-0.927727213899999,-0.27300912838000374,-0.9253771423152372,0.0
2023-10-31,30.1980882125,70.0,85.0,-0.8600321818999994,-0.927727213899999,-0.27300912838000374,-0.9253771423152372,0.0
2023-11-30,30.1980882125,70.0,85.0,-0.8600321818999994,-0.927727213899999,-0.27300912838000374,-0.9253771423152372,0.0
2023-12-31,30.0948974498,65.0,82.5,-0.894035538699999,-0.03400335679999955,-0.224049530389999,-0.9258114365807207,0.0
2024-01-31,30.0948974498,65.0,82.5,-0.894035538699999,-0.03400335679999955,-0.224049530389999,-0.9258114365807207,0.0
2024-02-29,30.0948974498,65.0,82.5,-0.894035538699999,-0.03400335679999955,-0.224049530389999,-0.9258114365807207,0.0
2024-03-31,30.0242128463,55.00000000000001,77.5,-0.7459953591000001,0.14804017959999882,-0.1268505972600035,-0.7964528016575961,0.0
2024-04-30,30.0242128463,55.00000000000001,77.5,-0.7459953591000001,0.14804017959999882,-0.1268505972600035,-0.7964528016575961,0.0
2024-05-31,30.0242128463,55.00000000000001,77.5,-0.7459953591000001,0.14804017959999882,-0.1268505972600035,-0.7964528016575961,0.0
2024-06-30,29.9592423954,50.0,75.0,-0.4534088541999992,0.29258650490000093,-0.07872220548000351,-0.5667689420451683,0.0
2024-07-31,29.9592423954,50.0,75.0,-0.4534088541999992,0.29258650490000093,-0.07872220548000351,-0.5667689420451683,0.0
2024-08-31,29.9592423954,50.0,75.0,-0.4534088541999992,0.29258650490000093,-0.07872220548000351,-0.5667689420451683,0.0
2024-09-30,30.026436574,55.00000000000001,77.5,-0.17165163849999843,0.2817572157000008,-0.027035307830001604,-0.3590325835992559,1.0
2024-10-31,30.026436574,55.00000000000001,77.5,-0.17165163849999843,0.2817572157000008,-0.027035307830001604,-0.3590325835992559,1.0
2024-11-30,30.026436574,55.00000000000001,77.5,-0.17165163849999843,0.2817572157000008,-0.027035307830001604,-0.3590325835992559,1.0
2024-12-31,29.6614187544,40.0,70.0,-0.4334786954000016,-0.2618270569000032,-0.10211880971000567,-0.5144908595540535,0.0
2025-01-31,29.6614187544,40.0,70.0,-0.4334786954000016,-0.2618270569000032,-0.10211880971000567,-0.5144908595540535,0.0
2025-02-28,29.6614187544,40.0,70.0,-0.4334786954000016,-0.2618270569000032,-0.10211880971000567,-0.5144908595540535,0.0
2025-03-31,29.3152728125,30.0,65.0,-0.7089400337999976,-0.275461338399996,-0.2296926568300013,-0.674315706188107,0.0
2025-04-30,29.3152728125,30.0,65.0,-0.7089400337999976,-0.275461338399996,-0.2296926568300013,-0.674315706188107,0.0
2025-05-31,29.3152728125,30.0,65.0,-0.7089400337999976,-0.275461338399996,-0.2296926568300013,-0.674315706188107,0.0
2025-06-30,29.1127484126,25.0,62.5,-0.846493982800002,-0.1375539490000044,-0.3087210426100076,-0.7421247338916804,0.0
2025-07-31,29.1127484126,25.0,62.5,-0.846493982800002,-0.1375539490000044,-0.3087210426100076,-0.7421247338916804,0.0
2025-08-31,29.1127484126,25.0,62.5,-0.846493982800002,-0.1375539490000044,-0.3087210426100076,-0.7421247338916804,0.0
2025-09-30,29.5020068366,40.0,67.5,-0.524429737400002,0.3220642454,-0.0680760153300031,-0.5089271078778225,1.0
