as_of_date,raw,delta_12m,zscore_10y,pctl_10y
1975-02-28,28.686790653260243,,,
1975-03-28,27.98251565496867,,,
1975-04-30,28.2544684602011,,,
1975-05-30,27.682495144653995,,,
1975-06-30,27.54515306164172,,,
1975-07-30,28.44986950848195,,,
1975-08-31,28.269052134865465,,,
1975-09-30,28.32567288830402,,,
1975-10-30,28.358597811245502,,,
1975-11-30,27.943655356017654,,,
1975-12-30,28.010715948614607,,,
1976-01-31,27.8566288511029,,,
1976-02-29,28.070920700849776,-0.6158699524104669,,
1976-03-29,27.423066693805186,-0.5594489611634827,,
1976-04-30,27.041703384994847,-1.2127650752062529,,
1976-05-30,28.196237962111013,0.5137428174570182,,
1976-06-30,27.756596602169175,0.21144354052745484,,
1976-07-30,26.568874519698447,-1.8809949887835025,,
1976-08-31,27.473898185162724,-0.7951539497027404,,
1976-09-30,27.55840779618567,-0.7672650921183504,,
1976-10-30,26.918269009490114,-1.4403288017553884,,
1976-11-30,27.4861514512208,-0.4575039047968552,,
1976-12-30,27.428728591235835,-0.5819873573787717,,
1977-01-31,27.620315787845033,-0.23631306325786738,,
1977-02-28,27.187203741077926,-0.8837169597718493,,
1977-03-28,26.673147398402865,-0.7499192954023215,,
1977-04-30,26.425462722745685,-0.6162406622491616,,
1977-05-30,27.472010266449722,-0.7242276956612912,,
1977-06-30,26.589450965000466,-1.1671456371687086,,
1977-07-30,26.48776671057833,-0.08110780912011606,,
1977-08-31,26.551483302761554,-0.9224148824011706,,
1977-09-30,26.12893659707296,-1.429471199112708,,
1977-10-30,26.2548010012752,-0.6634680082149131,,
1977-11-30,26.980985976081907,-0.5051654751388917,,
1977-12-30,26.241363845494952,-1.187364745740883,,
1978-01-31,26.25065015703145,-1.3696656308135822,,
1978-02-28,26.12996129205606,-1.0572424490218673,,
1978-03-28,25.27592149923827,-1.3972258991645958,,
1978-04-30,25.261440061606443,-1.1640226611392421,,
1978-05-30,26.412552449896033,-1.0594578165536888,,
1978-06-30,24.73754285062231,-1.8519081143781548,,
1978-07-30,25.430301230605444,-1.0574654799728869,,
1978-08-31,25.93734537706917,-0.6141379256923827,,
1978-09-30,25.435382956699122,-0.6935536403738389,,
1978-10-30,25.389693640655185,-0.8651073606200157,,
1978-11-30,25.702360489553282,-1.2786254865286253,,
1978-12-30,25.39233298568197,-0.8490308598129808,,
1979-01-31,25.100087953620626,-1.150562203410825,,
1979-02-28,24.13214257437778,-1.9978187176782782,,
1979-03-28,23.532392705632883,-1.7435287936053854,,
1979-04-30,23.82564330481992,-1.435796756786523,,
1979-05-30,24.950665055920847,-1.4618873939751857,,
1979-06-30,23.89835746539661,-0.8391853852257007,,
1979-07-30,24.301435985975488,-1.1288652446299565,,
1979-08-31,24.356414897206125,-1.5809304798630457,,
1979-09-30,24.388856234488756,-1.0465267222103662,,
1979-10-30,23.949957652120332,-1.4397359885348529,,
1979-11-30,23.87620473981598,-1.8261557497373033,,
1979-12-30,24.004551834923184,-1.3877811507587872,,
1980-01-31,25.715312075154383,0.6152241215337568,,
1980-02-29,23.535632452930834,-0.596510121446947,,
1980-03-29,23.027122581481123,-0.5052701241517603,,
1980-04-30,23.0833296282053,-0.7423136766146214,,
1980-05-30,22.438421810507617,-2.512243245413231,,
1980-06-30,21.930632086528227,-1.9677253788683835,,
1980-07-30,22.849073746197686,-1.452362239777802,,
1980-08-31,22.819341902118317,-1.537072995087808,,
1980-09-30,22.66275223447254,-1.7261040000162176,,
1980-10-30,22.70527706503308,-1.2446805870872524,,
1980-11-30,22.879085726361446,-0.9971190134545331,,
1980-12-30,22.324197995801867,-1.6803538391213166,,
1981-01-31,22.317631632170606,-3.397680442983777,,
1981-02-28,20.119298561847074,-3.4163338910837595,,
1981-03-28,19.267480273362906,-3.7596423081182166,,
1981-04-30,19.01714474458356,-4.066184883621737,,
1981-05-30,19.459284047341153,-2.979137763166463,,
1981-06-30,18.05191068116866,-3.878721405359567,,
1981-07-30,18.162490779471703,-4.686582966725982,,
1981-08-31,18.433852435916414,-4.3854894662019035,,
1981-09-30,18.000019920970665,-4.6627323135018734,,
1981-10-30,17.259631141678078,-5.445645923355002,,
1981-11-30,18.490431120582738,-4.388654605778708,,
1981-12-30,18.628958125276075,-3.6952398705257927,,
1982-01-31,19.16031821456491,-3.157313417605696,,
1982-02-28,18.095135133245886,-2.024163428601188,,
1982-03-28,17.599181741573616,-1.66829853178929,,
1982-04-30,17.163643415338274,-1.8535013292452867,,
1982-05-30,17.899105099698406,-1.560178947642747,,
1982-06-30,17.178605112762003,-0.8733055684066571,,
1982-07-30,16.855333573268545,-1.3071572062031578,,
1982-08-31,16.898907386679884,-1.53494504923653,,
1982-09-30,16.75980473057352,-1.2402151903971443,,
1982-10-30,16.778967737933403,-0.48066340374467487,,
1982-11-30,16.905845110751066,-1.5845860098316713,,
1982-12-30,17.198250288037535,-1.4307078372385398,,
1983-01-31,17.707956294380242,-1.4523619201846678,,
1983-02-28,16.304553545769934,-1.7905815874759519,,
1983-03-28,16.079684593212466,-1.5194971483611504,,
1983-04-30,15.943234975491277,-1.220408439846997,,
1983-05-30,16.41486485483413,-1.484240244864278,,
1983-06-30,16.0291964988801,-1.1494086138819029,,
1983-07-30,16.22718793365685,-0.6281456396116951,,
1983-08-31,16.167380196258176,-0.7315271904217084,,
1983-09-30,16.028508560450668,-0.7312961701228531,,
1983-10-30,16.057285962306008,-0.7216817756273954,,
1983-11-30,16.014738457686803,-0.8911066530642628,,
1983-12-30,16.158994739575615,-1.0392555484619201,,
1984-01-31,16.469115066088495,-1.2388412282917471,,
1984-02-29,15.521176734891112,-0.7833768108788224,,
1984-03-29,15.287820545244719,-0.7918640479677475,,
1984-04-30,15.305845777740402,-0.6373891977508759,,
1984-05-30,15.550107035037847,-0.8647578197962815,,
1984-06-30,15.000239337732577,-1.028957161147524,,
1984-07-30,15.317889897570106,-0.909298036086744,,
1984-08-31,15.02106715840606,-1.1463130378521154,,
1984-09-30,15.037677377852079,-0.9908311825985887,,
1984-10-30,14.979748715510402,-1.0775372467956057,,
1984-11-30,14.868293436851168,-1.1464450208356354,,
1984-12-30,15.257738114968447,-0.9012566246071678,,
1985-01-31,16.169408960545407,-0.29970610554308763,-1.2780966060215657,
1985-02-28,14.708802255110209,-0.8123744797809032,-1.5592417031929149,0.0
1985-03-28,14.442831882078094,-0.8449886631666246,-1.5850531784275403,0.0
1985-04-30,14.418945656069319,-0.8869001216710828,-1.561169287701245,0.0
1985-05-30,14.615786095114677,-0.93432093992317,-1.492289889665037,1.6666666666666667
1985-06-30,14.430598037007902,-0.5696413007246743,-1.5030643818479839,0.8333333333333334
1985-07-30,14.804252577854191,-0.5136373197159152,-1.4017515801082367,4.166666666666666
1985-08-31,14.656372441410667,-0.3646947169953929,-1.4088969896543226,3.3333333333333335
1985-09-30,14.72089050893595,-0.31678686891612884,-1.372945621971175,5.0
1985-10-30,15.178434712580055,0.19868599706965284,-1.25770160513414,10.833333333333334
1985-11-30,14.715040580510083,-0.15325285634108532,-1.3328824950362794,5.0
1985-12-30,14.947929953715514,-0.3098081612529331,-1.2640731236792797,8.333333333333332
1986-01-31,15.890822461060267,-0.27858649948514014,-1.049640428465444,18.333333333333332
1986-02-28,14.71350120340922,0.004698948299010297,-1.2780820029257431,5.0
1986-03-28,14.513128766841737,0.07029688476364271,-1.2993651037901202,2.5
1986-04-30,14.729937085000794,0.3109914289314748,-1.2333829717928737,8.333333333333332
1986-05-30,14.90485338457827,0.2890672894635937,-1.1790994360962268,10.833333333333334
1986-06-30,14.65489353435036,0.22429549734245846,-1.2141122332776977,4.166666666666666
1986-07-30,15.27272321194456,0.4684706340903695,-1.0647090840911788,18.333333333333332
1986-08-31,15.087301130920764,0.4309286895100968,-1.0880948803190689,16.666666666666664
1986-09-30,14.917338174609693,0.19644766567374283,-1.108412316733299,12.5
1986-10-30,14.980458335492944,-0.19797637708711058,-1.0780988975992494,15.0
1986-11-30,15.097667825386338,0.38262724487625555,-1.03734284937664,19.166666666666668
1986-12-30,15.1118737146196,0.16394376090408613,-1.0193416010586471,20.0
1987-01-31,16.53130232328853,0.6404798622282613,-0.6925371843087611,39.166666666666664
1987-02-28,14.987506252592143,0.27400504918292334,-1.023060155552455,15.833333333333332
1987-03-28,14.807888366972938,0.2947596001312007,-1.0479952951292506,10.833333333333334
1987-04-30,14.658177702788164,-0.07175938221262967,-1.0660483431957595,5.833333333333333
1987-05-30,15.361434110877148,0.4565807262988777,-0.8926803179083085,28.333333333333332
1987-06-30,14.675009681429998,0.02011614707963716,-1.036306058355736,6.666666666666667
1987-07-30,14.58442873398002,-0.6882944779645399,-1.0425610512871555,3.3333333333333335
1987-08-31,14.619847804871647,-0.4674533260491174,-1.0200081393918472,5.0
1987-09-30,14.543478088537768,-0.3738600860719252,-1.0233811225665261,3.3333333333333335
1987-10-30,14.228147304398785,-0.752311031094159,-1.0838213498230695,0.0
1987-11-30,14.74442192325258,-0.35324590213375906,-0.9474630029776328,15.0
1987-12-30,14.690138377383219,-0.421735337236381,-0.9475759085621432,10.833333333333334
1988-01-31,15.188933541470062,-1.3423687818184664,-0.8122262707703469,30.0
1988-02-29,14.210147553776793,-0.77735869881535,-1.0433829805461783,0.0
1988-03-29,13.744816306946309,-1.063072060026629,-1.1452110906941833,0.0
1988-04-30,13.658664836880288,-0.9995128659078762,-1.1517272918423822,0.0
1988-05-30,14.222613946342252,-1.1388201645348968,-0.9960793202668631,2.5
1988-06-30,13.60646507906615,-1.0685446023638487,-1.1408055561588684,0.0
1988-07-30,13.864083093965613,-0.7203456400144077,-1.0603651043290843,2.5
1988-08-31,13.711294219164408,-0.9085535857072387,-1.0898799685679892,1.6666666666666667
1988-09-30,13.591011437466635,-0.9524666510711324,-1.1102491439940974,0.0
1988-10-30,13.460849647670592,-0.7672976567281928,-1.1341179642384893,0.0
1988-11-30,13.542264320896885,-1.202157602355694,-1.1019215810935736,0.8333333333333334
1988-12-30,13.681433598218456,-1.0087047791647628,-1.0529008478358448,4.166666666666666
1989-01-31,13.91549688829285,-1.273436653177212,-0.9758689430895412,7.5
1989-02-28,12.94316809379068,-1.2669794599861124,-1.2448896794577207,0.0
1989-03-28,12.660377881555243,-1.084438425391065,-1.311497708747005,0.0
1989-04-30,12.672375176402827,-0.9862896604774605,-1.293357663473212,0.8333333333333334
1989-05-30,13.053607013317597,-1.1690069330246544,-1.1713431685996887,2.5
1989-06-30,12.34027375903642,-1.26619132002973,-1.3755968305603785,0.0
1989-07-30,12.492311395957707,-1.3717716980079064,-1.31902822536439,0.8333333333333334
1989-08-31,12.474391842543097,-1.2369023766213108,-1.3166574856208848,0.8333333333333334
1989-09-30,12.392891893040659,-1.1981195444259765,-1.3363080930719595,0.8333333333333334
1989-10-30,12.172096807136695,-1.2887528405338973,-1.4000970588046326,0.0
1989-11-30,12.250755881955289,-1.2915084389415963,-1.3672755090785842,0.8333333333333334
1989-12-30,12.660889392473795,-1.0205442057446614,-1.2249284363115267,5.833333333333333
1990-01-31,12.911119089631065,-1.0043777986617854,-1.1492241803407204,7.5
1990-02-28,11.872310879453957,-1.0708572143367228,-1.5206004904801418,0.0
1990-03-28,11.792772389871525,-0.8676054916837188,-1.544350909014206,0.0
1990-04-30,11.701594272803431,-0.9707809035993957,-1.5757095808076653,0.0
1990-05-30,11.931458226490319,-1.1221487868272781,-1.4815000964340401,2.5
1990-06-30,11.491820702108496,-0.8484530569279229,-1.641726104224928,0.0
1990-07-30,11.642142159364393,-0.8501692365933131,-1.5843338232123962,0.8333333333333334
1990-08-31,11.603290486134306,-0.8711013564087917,-1.605313547333042,0.8333333333333334
1990-09-30,11.678715200610053,-0.7141766924306054,-1.5810318321687156,2.5
1990-10-30,11.65256886627306,-0.5195279408636342,-1.6046495425172775,2.5
1990-11-30,11.664982394095,-0.5857734878602887,-1.6203926463969274,3.3333333333333335
1990-12-30,12.046952032396128,-0.6139373600776672,-1.4608174064171087,8.333333333333332
1991-01-31,12.73404515678473,-0.17707393284633532,-1.146738382674958,16.666666666666664
1991-02-28,11.164570055042137,-0.70774082441182,-1.9237491631326844,0.0
1991-03-28,11.04285818595055,-0.7499142039209747,-1.9597413502952201,0.0
1991-04-30,10.964477126106043,-0.737117146697388,-1.970952078439838,0.0
1991-05-30,11.11356788190502,-0.8178903445852992,-1.8767717694489683,1.6666666666666667
1991-06-30,10.916609303639826,-0.5752113984686709,-1.9412468607615414,0.0
1991-07-30,11.105247736569787,-0.5368944227946066,-1.8130902662195725,2.5
1991-08-31,11.10475878763663,-0.49853169849767554,-1.7872468541597084,2.5
1991-09-30,11.118453169470882,-0.5602620311391711,-1.751372438823864,5.0
1991-10-30,11.162983044691646,-0.4895858215814144,-1.695891993268023,5.833333333333333
1991-11-30,11.320200865774844,-0.34478152832015674,-1.5964185711547454,7.5
1991-12-30,11.484261268755262,-0.562690763640866,-1.4971535102118139,8.333333333333332
1992-01-31,12.3622903273011,-0.3717548294836295,-1.0288515188040985,20.833333333333336
1992-02-29,11.684272328162447,0.5197022731203091,-1.3799402718136369,14.166666666666666
1992-03-29,11.8627424972898,0.8198843113392495,-1.2664119620474958,16.666666666666664
1992-04-30,12.032878522218697,1.0684013961126535,-1.1562696853215808,19.166666666666668
1992-05-30,12.36451197084892,1.2509440889438999,-0.961676766302581,24.166666666666668
1992-06-30,12.042398406834103,1.1257891031942773,-1.126837356525786,20.0
1992-07-30,12.279793141047525,1.1745454044777386,-0.9777519919583065,23.333333333333332
1992-08-31,12.476928525562279,1.372169737925649,-0.8518988908933262,28.333333333333332
1992-09-30,12.778723866515746,1.6602706970448633,-0.6657232648431265,33.33333333333333
1992-10-30,12.87222122880945,1.7092381841178028,-0.5987669932121995,34.166666666666664
1992-11-30,13.216811319548267,1.8966104537734232,-0.3839875119716212,37.5
1992-12-30,13.818785861500036,2.334524592744774,-0.01073213590080624,45.0
1993-01-31,14.34871809253678,1.98642776523568,0.333136174353911,50.0
1993-02-28,13.355016351457744,1.6707440232952973,-0.26721944029150013,38.333333333333336
1993-03-28,13.395765180059326,1.533022682769527,-0.22985526532234923,39.166666666666664
1993-04-30,13.250596417035526,1.217717894816829,-0.309302456385881,38.333333333333336
1993-05-30,13.56122520245214,1.196713231603221,-0.09882153298548889,42.5
1993-06-30,14.014078283053468,1.9716798762193655,0.20401232559844407,50.83333333333333
1993-07-30,14.019468979953393,1.7396758389058675,0.22188066713718788,51.66666666666667
1993-08-31,14.136140193855567,1.6592116682932883,0.31266264086429507,52.5
1993-09-30,14.366976399289419,1.588252532773673,0.47899248681336215,56.666666666666664
1993-10-30,14.372375553874775,1.500154325065326,0.4969254699938938,57.49999999999999
1993-11-30,14.76536608136105,1.5485547618127828,0.7754838513101704,74.16666666666667
1993-12-30,15.430951097438966,1.6121652359389298,1.2398821040415204,94.16666666666667
1994-01-31,16.124604297298887,1.7758862047621076,1.7227554296274747,97.5
1994-02-28,14.808792528816673,1.4537761773589288,0.8268150324247355,76.66666666666667
1994-03-28,14.906921664423761,1.5111564843644345,0.8987331732487279,79.16666666666666
1994-04-30,14.870938083419622,1.6203416663840962,0.8786407470495398,78.33333333333333
1994-05-30,15.05742181078108,1.4961966083289386,1.0141897920652663,87.5
1994-06-30,14.72717414760637,0.7130958645529013,0.7871862221209187,72.5
1994-07-30,14.867857059965244,0.8483880800118513,0.8902329490081692,78.33333333333333
1994-08-31,14.940954747182788,0.8048145533272208,0.9421815440312878,83.33333333333334
1994-09-30,14.902140493601445,0.5351640943120266,0.916552373577683,80.83333333333333
1994-10-30,14.869356807260594,0.4969812533858189,0.8948123868026325,80.0
1994-11-30,15.073047277060518,0.30768119569946784,1.0349381314192752,89.16666666666667
1994-12-30,15.467022453199247,0.03607135576028142,1.3070773317987219,96.66666666666667
1995-01-31,15.691597802371406,-0.433006494927481,1.4733222787832008,96.66666666666667
1995-02-28,14.596385189880342,-0.21240733893633035,0.7065426845510684,63.33333333333333
1995-03-28,14.586955416563146,-0.31996624786061467,0.6987013445664443,63.33333333333333
1995-04-30,14.441934552133254,-0.4290035312863676,0.5968601959978626,60.0
1995-05-30,14.613401318829276,-0.4440204919518038,0.7170695389258909,64.16666666666667
1995-06-30,14.262196357316492,-0.4649777902898773,0.47212504401371236,55.833333333333336
1995-07-30,14.420431798122019,-0.4474252618432253,0.5862956001991934,59.166666666666664
1995-08-31,14.61411930420394,-0.32683544297884737,0.7227337506874848,65.83333333333333
1995-09-30,14.512329513224156,-0.38981098037728934,0.6530216821388283,60.83333333333333
1995-10-30,14.45101139419522,-0.4183454130653743,0.6164684317997012,60.83333333333333
1995-11-30,14.502782008804418,-0.5702652682560991,0.6548605282108146,61.66666666666667
1995-12-30,15.087847120654043,-0.37917533254520386,1.066486113037833,90.83333333333333
1996-01-31,15.361090173969904,-0.3305076284015023,1.2682702674579187,94.16666666666667
1996-02-29,14.119826285155668,-0.47655890472467455,0.39238105884792635,52.5
1996-03-29,14.315413122896512,-0.2715422936666343,0.5329252665574618,57.49999999999999
1996-04-30,14.432079845286916,-0.009854706846338601,0.618455054784347,61.66666666666667
1996-05-30,14.416738655181712,-0.19666266364756346,0.6118278547064889,60.83333333333333
1996-06-30,14.403464282642615,0.14126792532612242,0.6044810796391559,60.83333333333333
1996-07-30,14.541806779220446,0.12137498109842682,0.7106933119406142,67.5
1996-08-31,14.62409620934824,0.009976905144299053,0.7745362076107177,74.16666666666667
1996-09-30,14.34975264080827,-0.1625768724158867,0.5821447884745286,59.166666666666664
1996-10-30,14.350474767858055,-0.1005366263371652,0.588279030765067,60.0
1996-11-30,14.005698332775896,-0.497083676028522,0.3470937974674923,50.83333333333333
1996-12-30,14.202283311893371,-0.8855638087606721,0.49783529018625094,55.00000000000001
1997-01-31,14.806734943140631,-0.5543552308292732,0.9661242236800278,83.33333333333334
1997-02-28,13.724246198767181,-0.3955800863884864,0.1705274076008774,47.5
1997-03-28,13.58057718850949,-0.7348359343870214,0.07117036803313752,43.333333333333336
1997-04-30,13.856184375953816,-0.5758954693330995,0.2836588888499732,50.83333333333333
1997-05-30,13.127117016617229,-1.2896216385644834,-0.2526752718066284,37.5
1997-06-30,12.99450944517974,-1.4089548374628755,-0.3436720586541567,36.666666666666664
1997-07-30,13.457501120871276,-1.0843056583491695,0.01567572057692573,42.5
1997-08-31,13.048617356560161,-1.5754788527880788,-0.2872183735863523,37.5
1997-09-30,13.102669341560205,-1.2470832992480645,-0.2373393330759706,39.166666666666664
1997-10-30,12.723916583844714,-1.6265581840133407,-0.5187284299048429,32.5
1997-11-30,12.459069163547408,-1.5466291692284884,-0.7092161631684321,27.500000000000004
1997-12-30,12.724360777373267,-1.4779225345201041,-0.4939864291528352,34.166666666666664
1998-01-31,13.707086394522994,-1.0996485486176368,0.276876189926674,54.166666666666664
1998-02-28,12.404631079584037,-1.319615119183144,-0.7254482861061866,27.500000000000004
1998-03-28,12.270352228061528,-1.3102249604479628,-0.818435895659732,23.333333333333332
1998-04-30,12.073807761186268,-1.7823766147675482,-0.9573521847116958,21.666666666666668
1998-05-30,12.043531195232942,-1.0835858213842862,-0.9649439558106992,20.833333333333336
1998-06-30,11.714460282009293,-1.280049163170446,-1.1998469266136276,15.833333333333332
1998-07-30,11.86608170259892,-1.5914194182723556,-1.06638812374383,18.333333333333332
1998-08-31,11.588811254118342,-1.459806102441819,-1.257051436736729,10.0
1998-09-30,11.712044660523826,-1.3906246810363783,-1.1454099528115584,16.666666666666664
1998-10-30,11.279349198450303,-1.4445673853944108,-1.4460047919082322,7.5
1998-11-30,11.347668925991934,-1.1114002375554737,-1.3704293608959621,9.166666666666666
1998-12-30,12.064314389028672,-0.6600463883445951,-0.8255789820103151,27.500000000000004
1999-01-31,12.238996097715804,-1.4680902968071905,-0.6851289562038503,30.0
1999-02-28,10.997137870073733,-1.4074932095103048,-1.5770413650242934,1.6666666666666667
1999-03-28,11.110845869029669,-1.1595063590318588,-1.4712754619740898,5.0
1999-04-30,11.13872415322328,-0.935083607962989,-1.4298481043751408,7.5
1999-05-30,10.968530908673122,-1.0750002865598205,-1.5248314646646672,1.6666666666666667
1999-06-30,10.970996704118509,-0.7434635778907843,-1.5022606376662815,2.5
1999-07-30,10.704339891724631,-1.1617418108742896,-1.6620218831169082,0.0
1999-08-31,10.639889849643712,-0.9489214044746301,-1.6773743751148298,0.0
1999-09-30,10.377779719957502,-1.3342649405663245,-1.8227146509693357,0.0
1999-10-30,10.138125804017946,-1.141223394432357,-1.945873994057204,0.0
1999-11-30,10.246196345415687,-1.1014725805762478,-1.8371891776754494,0.8333333333333334
1999-12-30,10.628680828209497,-1.4356335608191753,-1.5560088036263906,2.5
2000-01-31,11.04742801650875,-1.1915680812070537,-1.2618476665800704,10.0
2000-02-29,9.791519157492646,-1.2056187125810869,-2.038549017584606,0.0
2000-03-29,9.624635232315132,-1.486210636714537,-2.099045057467684,0.0
2000-04-30,9.732402633410473,-1.4063215198128063,-1.9914909403098389,0.8333333333333334
2000-05-30,9.677082365823322,-1.2914485428497997,-1.983638149192369,0.8333333333333334
2000-06-30,9.34982411585342,-1.6211725882650896,-2.1379103254058327,0.0
2000-07-30,9.188676496984586,-1.515663394740045,-2.1827855932834166,0.0
2000-08-31,9.24320261913455,-1.396687230509162,-2.10336048173239,0.8333333333333334
2000-09-30,9.194470031270281,-1.1833096886872205,-2.0844435239871877,0.8333333333333334
2000-10-30,8.714947677711647,-1.4231781263062988,-2.2967569959779084,0.0
2000-11-30,8.975280385290967,-1.2709159601247197,-2.1012813601621674,0.8333333333333334
2000-12-30,9.13042386490266,-1.4982569633068366,-1.9704240367770702,1.6666666666666667
2001-01-31,8.92274952454339,-2.1246784919653603,-2.0295771128162947,0.8333333333333334
2001-02-28,8.400521347562607,-1.3909978099300382,-2.2526268790311836,0.0
2001-03-28,8.285272832850774,-1.339362399464358,-2.2579173207428016,0.0
2001-04-30,8.267845510762852,-1.464557122647621,-2.215244591984892,0.0
2001-05-30,8.373797620338753,-1.3032847454845697,-2.1145906517292548,1.6666666666666667
2001-06-30,8.139373209151564,-1.2104509067018547,-2.1809612318560725,0.0
2001-07-30,8.093585867985807,-1.0950906289987792,-2.1525359412571916,0.0
2001-08-31,8.455424539179363,-0.7877780799551868,-1.9411171756072383,5.0
2001-09-30,8.389431882973074,-0.8050381482972071,-1.9340370853074809,4.166666666666666
2001-10-30,9.17558744664785,0.4606397689362023,-1.547050246339536,10.0
2001-11-30,8.512927299650658,-0.4623530856403093,-1.8186048935624521,6.666666666666667
2001-12-30,8.637034126258278,-0.49338973864438174,-1.7304415944229121,7.5
2002-01-31,9.340636677171988,0.4178871526285981,-1.390680033886957,15.0
2002-02-28,8.081564789934184,-0.31895655762842345,-1.9104161899548573,0.0
2002-03-28,7.979227693780108,-0.3060451390706662,-1.9114096952473767,0.0
2002-04-30,7.977671921048585,-0.290173589714267,-1.8693313573434305,0.0
2002-05-30,7.94864661470987,-0.42515100562888275,-1.8390786979768945,0.0
2002-06-30,7.65970687172114,-0.47966633743042486,-1.9149017075610506,0.0
2002-07-30,7.413339769957268,-0.6802460980285385,-1.9670570152133167,0.0
2002-08-31,7.739329913025437,-0.716094626153926,-1.7933529927191212,1.6666666666666667
2002-09-30,7.204111070787743,-1.1853208121853314,-1.9575325099228764,0.0
2002-10-30,7.523215237921975,-1.6523722087258745,-1.7896427835230124,1.6666666666666667
2002-11-30,7.384312627266638,-1.1286146723840194,-1.8010081729791112,0.8333333333333334
2002-12-30,7.032781993762701,-1.604252132495577,-1.8889976019677708,0.0
2003-01-31,8.112728127927326,-1.2279085492446615,-1.4510340435470468,10.0
2003-02-28,7.084282782883043,-0.9972820070511412,-1.7966407381745595,0.8333333333333334
2003-03-28,6.9188109663449,-1.060416727435208,-1.8147517428971311,0.0
2003-04-30,7.551820279575646,-0.4258516414729385,-1.5500564025697143,5.833333333333333
2003-05-30,7.3512638590599195,-0.5973827556499502,-1.5898196163888982,3.3333333333333335
2003-06-30,7.439117825252374,-0.2205890464687652,-1.5273278702893491,5.833333333333333
2003-07-30,7.915764518979349,0.5024247490220803,-1.3318929051622157,10.0
2003-08-31,7.573567969059776,-0.16576194396566102,-1.4269368074148123,8.333333333333332
2003-09-30,7.388977249315151,0.1848661785274084,-1.4644666447029115,5.0
2003-10-30,7.548982603026457,0.025767365104481854,-1.382445314993185,8.333333333333332
2003-11-30,7.515368017506005,0.13105539023936696,-1.3698585790109512,7.5
2003-12-30,7.083207053223853,0.05042505946115128,-1.4956386478285895,1.6666666666666667
2004-01-31,8.169724448500936,0.05699632057361015,-1.0986867950588504,20.833333333333336
2004-02-29,6.877813102109764,-0.20646968077327887,-1.526714375726339,0.0
2004-03-29,6.942573747542712,0.023762781197811833,-1.4774098559967035,1.6666666666666667
2004-04-30,7.7678685538137335,0.21604827423808715,-1.168325425310316,15.833333333333332
2004-05-30,7.3104707688663995,-0.040793090193520065,-1.307943100435467,5.833333333333333
2004-06-30,7.026068382696349,-0.4130494425560256,-1.3842625653953664,2.5
2004-07-30,7.387125202900348,-0.5286393160790004,-1.2371589472644773,9.166666666666666
2004-08-31,6.842688435213727,-0.730879533846049,-1.40565016935579,0.0
2004-09-30,7.215556828103323,-0.1734204212118282,-1.2542209525721142,7.5
2004-10-30,7.214951958505374,-0.334030644521083,-1.234965082789653,7.5
2004-11-30,6.885854979175106,-0.6295130383308996,-1.3309749369188013,1.6666666666666667
2004-12-30,7.579261728733067,0.4960546755092139,-1.069610387434303,20.0
2005-01-31,7.960647424406986,-0.20907702409395057,-0.9199598626429903,25.0
2005-02-28,6.899584813680688,0.021771711570924168,-1.283764294447108,2.5
2005-03-28,6.899731575915233,-0.04284217162747872,-1.2640976394982038,3.3333333333333335
2005-04-30,7.391852290846169,-0.37601626296756496,-1.068494634247791,15.833333333333332
2005-05-30,6.519511985581701,-0.7909587832846983,-1.3661656902936898,0.0
2005-06-30,6.98881699248134,-0.03725139021500912,-1.1759510127437087,6.666666666666667
2005-07-30,7.2614399343851295,-0.12568526851521877,-1.0597007312700348,13.333333333333334
2005-08-31,6.611369328685325,-0.23131910652840215,-1.2814778555646238,0.8333333333333334
2005-09-30,6.893337581041062,-0.3222192470622609,-1.1600777339899853,4.166666666666666
2005-10-30,6.576016781369404,-0.6389351771359699,-1.2605355690433964,0.8333333333333334
2005-11-30,6.560799848834553,-0.32505513034055245,-1.248854244532122,0.8333333333333334
2005-12-30,6.775969590756594,-0.8032921379764728,-1.154118246272392,3.3333333333333335
2006-01-31,6.814304217897374,-1.146343206509612,-1.128059470772393,4.166666666666666
2006-02-28,6.274653984179477,-0.6249308295012108,-1.318432340053827,0.0
2006-03-28,6.174671167957357,-0.7250604079578755,-1.3395778930437892,0.0
2006-04-30,6.44457538240484,-0.9472769084413288,-1.2187985663781729,1.6666666666666667
2006-05-30,5.855268512019865,-0.6642434735618359,-1.434150295767044,0.0
2006-06-30,6.337176929765416,-0.6516400627159236,-1.2279532731887028,2.5
2006-07-30,6.081021050845788,-1.1804188835393417,-1.3173445074683108,0.8333333333333334
2006-08-31,5.859920630364817,-0.751448698320508,-1.3940932218960023,0.8333333333333334
2006-09-30,6.105050539955158,-0.788287041085904,-1.2802144961097541,2.5
2006-10-30,5.500554433193692,-1.0754623481757122,-1.5170771592151349,0.0
2006-11-30,5.944814557062924,-0.6159852917716293,-1.316035343511922,2.5
2006-12-30,5.994662624030139,-0.7813069667264552,-1.283434746846271,3.3333333333333335
2007-01-31,5.900113326086729,-0.9141908918106445,-1.3187283536186376,2.5
2007-02-28,5.402590235384367,-0.8720637487951102,-1.5221829927244686,0.0
2007-03-28,5.032056288549491,-1.1426148794078665,-1.667803808971791,0.0
2007-04-30,5.391109722118066,-1.0534656602867738,-1.4946855815798663,0.8333333333333334
2007-05-30,5.314093039955315,-0.5411754720645501,-1.511885981450582,0.8333333333333334
2007-06-30,5.456991122226318,-0.8801858075390978,-1.4299201884603001,3.3333333333333335
2007-07-30,5.166305876524623,-0.9147151743211648,-1.5507042240189668,0.8333333333333334
2007-08-31,5.2821028554600105,-0.5778177749048066,-1.4814867768369602,1.6666666666666667
2007-09-30,5.379447084718327,-0.7256034552368309,-1.4228256304905085,3.3333333333333335
2007-10-30,4.618365332690068,-0.8821891005036235,-1.7642141572464352,0.0
2007-11-30,5.152768855367081,-0.7920457016958427,-1.4895912283419663,1.6666666666666667
2007-12-30,5.074197421702778,-0.9204652023273603,-1.5129835172843746,1.6666666666666667
2008-01-31,5.301742289547833,-0.5983710365388966,-1.4002682583745025,5.0
2008-02-29,4.796685777007652,-0.605904458376715,-1.63621338129511,0.8333333333333334
2008-03-29,4.581901828056034,-0.4501544604934571,-1.7248307325162786,0.0
2008-04-30,5.2054680989733,-0.1856416231447655,-1.392464528724223,5.833333333333333
2008-05-30,5.003710865712037,-0.3103821742432782,-1.4813195862707644,2.5
2008-06-30,4.835979500301908,-0.62101162192441,-1.5499089285329921,2.5
2008-07-30,5.096886025318017,-0.06941985120660643,-1.3993095682344114,5.833333333333333
2008-08-31,5.114035001287147,-0.16806785417286374,-1.3752083584113335,6.666666666666667
2008-09-30,4.799319239055926,-0.5801278456624015,-1.5284163276792497,2.5
2008-10-30,6.0884547767776995,1.4700894440876313,-0.8186871602672388,22.5
2008-11-30,5.6351498729115015,0.4823810175444203,-1.0557411981414064,17.5
2008-12-30,5.972504782822631,0.8983073611198531,-0.8606428006832996,21.666666666666668
2009-01-31,7.620268704353691,2.3185264148058584,0.10429262511070984,60.0
2009-02-28,5.733387351767387,0.9367015747597351,-0.9956112169901711,18.333333333333332
2009-03-28,5.462852889754089,0.8809510616980551,-1.1470168613003755,16.666666666666664
2009-04-30,6.226705766026511,1.0212376670532102,-0.6724090515586865,28.333333333333332
2009-05-30,5.926546987619667,0.92283612190763,-0.8485916961933283,22.5
2009-06-30,5.975465454452574,1.1394859541506657,-0.8081360232087296,25.0
2009-07-30,6.446185849238742,1.3492998239207257,-0.4915512277212277,33.33333333333333
2009-08-31,6.233944037669318,1.1199090363821709,-0.6199264682323249,30.833333333333336
2009-09-30,6.118364394742758,1.3190451556868323,-0.6862571396050628,29.166666666666668
2009-10-30,6.127740511532558,0.039285734754858304,-0.6679053778713263,30.0
2009-11-30,6.051986644420999,0.41683677150949716,-0.7095579774354535,26.666666666666668
2009-12-30,6.3702670142383315,0.3977622314157001,-0.47105927397582276,35.833333333333336
2010-01-31,6.845758703463237,-0.7745100008904542,-0.1025345709116334,44.166666666666664
2010-02-28,5.647963048406581,-0.08542430336080642,-0.9990549028831069,19.166666666666668
2010-03-28,5.778802904226354,0.3159500144722651,-0.8869208855731061,20.833333333333336
2010-04-30,6.525450322379868,0.2987445563533573,-0.2888558380822679,40.833333333333336
2010-05-30,6.036753562430921,0.1102065748112544,-0.6671459458918645,28.333333333333332
2010-06-30,6.342129664723693,0.36666421027111884,-0.4053679250045935,38.333333333333336
2010-07-30,6.715678225485753,0.26949237624701095,-0.08077232789584368,45.83333333333333
2010-08-31,6.214277109845247,-0.019666927824070868,-0.4892013864991718,35.0
2010-09-30,6.640271321050245,0.5219069263074871,-0.10881170515171287,46.666666666666664
2010-10-30,6.459544827524303,0.33180431599174476,-0.2528230202420278,42.5
2010-11-30,6.341126331143415,0.2891396867224163,-0.3433148847180159,39.166666666666664
2010-12-30,7.292390727383023,0.9221237131446918,0.5321827171864093,66.66666666666666
2011-01-31,7.769665328100365,0.9239066246371284,0.9896775318759874,82.5
2011-02-28,7.302657654164893,1.654694605758312,0.5714598782619097,67.5
2011-03-28,7.2829145801952,1.5041116759688462,0.5654020044508413,66.66666666666666
2011-04-30,7.506852488297756,0.9814021659178884,0.7875111088168578,75.83333333333333
2011-05-30,7.196600250457004,1.1598466880260823,0.5078811124596387,63.33333333333333
2011-06-30,7.70252727366032,1.3603976089366272,0.9998032606332129,84.16666666666667
2011-07-30,7.621127473540398,0.9054492480546452,0.9294408248684921,83.33333333333334
2011-08-31,7.660357221467027,1.4460801116217805,0.9823271220270037,85.0
2011-09-30,9.377048536876476,2.7367772158262307,2.60102655087084,100.0
2011-10-30,9.174940741946,2.7153959144216966,2.4075871714142636,97.5
2011-11-30,9.694264696702696,3.353138365559281,2.8331360453803955,100.0
2011-12-30,9.876104442285104,2.583713714902081,2.925588820815077,100.0
2012-01-31,10.014601782542217,2.2449364544418513,3.00482181050489,100.0
2012-02-29,9.900335054698319,2.597677400533426,2.8087493269957204,99.16666666666667
2012-03-29,9.342326344669996,2.0594117644747953,2.270077487466649,95.83333333333334
2012-04-30,9.643527752746742,2.1366752644489857,2.464882228684567,96.66666666666667
2012-05-30,9.899018010486934,2.70241776002993,2.6012086768678286,98.33333333333333
2012-06-30,9.703647704229853,2.001120430569533,2.3733213860061357,96.66666666666667
2012-07-30,9.578627419971433,1.9574999464310343,2.2132443771314914,94.16666666666667
2012-08-31,10.447864680495526,2.7875074590284985,2.7922153095336557,100.0
2012-09-30,10.197491800042732,0.8204432631662559,2.5124981939078834,99.16666666666667
2012-10-30,9.784914495559086,0.6099737536130867,2.150205130672838,95.0
2012-11-30,11.13963232012233,1.4453676234196333,2.998604208714316,100.0
2012-12-30,10.416249771389458,0.5401453291043534,2.4087643208673715,98.33333333333333
2013-01-31,11.816404786320819,1.801803003778602,3.207750868655448,100.0
2013-02-28,10.661159147701946,0.7608240930036274,2.370686765997002,98.33333333333333
2013-03-28,10.177908590424622,0.835582245754626,2.008191027669247,95.0
2013-04-30,10.353193016378516,0.7096652636317735,2.0666089007902886,95.83333333333334
2013-05-30,11.262263866184039,1.3632458556971052,2.53742962315593,99.16666666666667
2013-06-30,10.72300545947743,1.0193577552475759,2.153264806489743,97.5
2013-07-30,10.171819029450491,0.5931916094790584,1.7938086200518,91.66666666666666
2013-08-31,11.036655464372032,0.5887907838765063,2.2329484216834667,97.5
2013-09-30,10.528867020451388,0.3313752204086562,1.8988657536280322,95.0
2013-10-30,11.201929540673419,1.4170150451143328,2.212914591542423,98.33333333333333
2013-11-30,11.234273718644031,0.09464139852170206,2.169384165570631,98.33333333333333
2013-12-30,10.672630847282713,0.25638107589325543,1.8242707958876445,94.16666666666667
2014-01-31,12.312394883664824,0.4959900973440057,2.6020397720012243,100.0
2014-02-28,11.325686139888905,0.6645269921869588,2.036893006901951,98.33333333333333
2014-03-28,10.801134105969282,0.6232255155446609,1.7322350430185594,93.33333333333333
2014-04-30,12.184492937397827,1.831299921019312,2.350263223009041,99.16666666666667
2014-05-30,11.855807475171881,0.5935436089878419,2.1288568608493312,98.33333333333333
2014-06-30,11.28709944234588,0.5640939828684512,1.8134711146321543,95.83333333333334
2014-07-30,12.27316584077099,2.1013468113204983,2.2132638827581497,99.16666666666667
2014-08-31,11.988859230674139,0.952203766302107,2.0263269725367747,97.5
2014-09-30,10.929323987669171,0.40045696721778334,1.5151431590433804,89.16666666666667
2014-10-30,12.283143446960338,1.0812139062869193,2.068069118050524,99.16666666666667
2014-11-30,12.099200242863946,0.8649265242199142,1.9367556148738947,96.66666666666667
2014-12-30,11.134125808344427,0.46149496106171384,1.489203350122993,88.33333333333333
2015-01-31,13.291587027143626,0.9791921434788016,2.344660742181841,100.0
2015-02-28,11.62763899371765,0.3019528538287446,1.609711518874661,92.5
2015-03-28,11.528428948299432,0.7272948423301493,1.5374860143995217,91.66666666666666
2015-04-30,12.664873597384924,0.48038065998709634,1.9564272447659514,99.16666666666667
2015-05-30,12.127783879156183,0.27197640398430245,1.7001339822501549,95.0
2015-06-30,11.469170351183832,0.18207090883795196,1.4092915933999355,89.16666666666667
2015-07-30,12.696246268077985,0.4230804273069957,1.8533803359791943,99.16666666666667
2015-08-31,12.068329712230538,0.07947048155639891,1.573963921454219,92.5
2015-09-30,12.119848960827003,1.1905249731578316,1.5619604558666362,93.33333333333333
2015-10-30,12.110365051684333,-0.17277839527600491,1.5273648168354452,92.5
2015-11-30,11.443891231232236,-0.6553090116317097,1.2505879037272536,85.0
2015-12-30,12.199693903558249,1.0655680952138216,1.507825439068121,95.0
2016-01-31,13.054348392687496,-0.23723863445612992,1.7878085465391413,99.16666666666667
2016-02-29,11.403428112837503,-0.22421088088014685,1.1533864973173797,82.5
2016-03-29,12.252133507387578,0.7237045590881461,1.4404795054038984,94.16666666666667
2016-04-30,12.984768994067583,0.319895396682659,1.673827529721216,98.33333333333333
2016-05-30,12.484662383167516,0.35687850401133225,1.4630336095379088,95.83333333333334
2016-06-30,12.69729852808658,1.2281281769027483,1.5100186806771396,97.5
2016-07-30,12.666608144311683,-0.02963812376630237,1.4703383250309114,95.83333333333334
2016-08-31,12.136435978851283,0.06810626662074526,1.2581477173437905,88.33333333333333
2016-09-30,13.348778361691824,1.2289294008648213,1.6559258225724751,100.0
2016-10-30,12.672159979888056,0.5617949282037227,1.3909771257455592,95.0
2016-11-30,13.315201527298608,1.8713102960663726,1.5859347034427074,99.16666666666667
2016-12-30,13.005075462385737,0.805381558827488,1.4495006072203296,96.66666666666667
2017-01-31,13.202771605214824,0.14842321252732837,1.4898933776328396,97.5
2017-02-28,13.137738807618064,1.7343106947805609,1.4412486910679647,96.66666666666667
2017-03-28,12.777300590661097,0.5251670832735194,1.2950034559058463,93.33333333333333
2017-04-30,13.24555062775297,0.26078163368538654,1.4320412150871202,97.5
2017-05-30,12.559057067777749,0.07439468461023324,1.1751270065531567,87.5
2017-06-30,13.486482732626925,0.7891842045403443,1.4704162333394886,100.0
2017-07-30,13.52743097218185,0.8608228278701677,1.4595646419119483,100.0
2017-08-31,13.969593151568342,1.8331571727170584,1.583568917339348,100.0
2017-09-30,13.890977144153585,0.5421987824617602,1.5291120758311942,99.16666666666667
2017-10-30,12.778554356831389,0.10639437694333331,1.1298262296675863,89.16666666666667
2017-11-30,13.81888230082207,0.5036807735234614,1.4662861875199305,98.33333333333333
2017-12-30,13.492920251992452,0.48784478960671507,1.3327923892900781,96.66666666666667
2018-01-31,13.345238427700515,0.14246682248569087,1.261944499642336,94.16666666666667
2018-02-28,13.27554434051748,0.13780553289941544,1.22070345981819,91.66666666666666
2018-03-28,12.607808994392503,-0.16949159626859434,0.9728174596445478,80.0
2018-04-30,13.139803927259667,-0.10574670049330237,1.1451163326856417,89.16666666666667
2018-05-30,13.369684777940233,0.8106277101624837,1.2107874006398205,95.0
2018-06-30,12.985495447525643,-0.5009872851012815,1.0588486546054,85.0
2018-07-30,12.377154180712227,-1.150276791469624,0.8250234388570411,75.0
2018-08-31,13.245473679456055,-0.724119472112287,1.129284466771109,89.16666666666667
2018-09-30,12.850793425711334,-1.0401837184422504,0.9709323183500381,82.5
2018-10-30,11.83356984238185,-0.9449845144495388,0.5761953319856272,60.83333333333333
2018-11-30,13.170243363012466,-0.6486389378096042,1.0681420834463151,87.5
2018-12-30,12.269570757598865,-1.2233494943935863,0.7108734162474724,69.16666666666667
2019-01-31,13.645383954488151,0.3001455267876363,1.2210359302685947,97.5
2019-02-28,12.69232822036527,-0.5832161201522084,0.8407166626416005,76.66666666666667
2019-03-28,11.94321337523597,-0.6645956191565325,0.5358288560952116,58.333333333333336
2019-04-30,11.912314301006791,-1.2274896262528756,0.5107696875258783,57.49999999999999
2019-05-30,13.010131785657498,-0.35955299228273496,0.9379489920500419,83.33333333333334
2019-06-30,12.537059685663355,-0.44843576186228873,0.7337826722051173,70.83333333333334
2019-07-30,11.989618498253376,-0.38753568245885006,0.49591200835650723,57.49999999999999
2019-08-31,13.175708455668758,-0.06976522378729655,0.9765362907322421,86.66666666666667
2019-09-30,12.270259202241087,-0.5805342234702469,0.5829081529529818,65.0
2019-10-30,13.062434484124333,1.2288646417424829,0.9100150276448127,83.33333333333334
2019-11-30,13.019671461878776,-0.15057190113368968,0.8805364716783625,81.66666666666667
2019-12-30,12.379301244004104,0.10973048640523864,0.5857742257176984,66.66666666666666
2020-01-31,13.716111448373697,0.07072749388554556,1.1707317498529717,97.5
2020-02-29,12.419986955475453,-0.2723412648898176,0.572758584076664,65.83333333333333
2020-03-29,11.693526382142421,-0.24968699309354925,0.21838423872348384,45.83333333333333
2020-04-30,15.830513689828049,3.9181993888212574,2.159348808689413,100.0
2020-05-30,15.054827099965618,2.04469531430812,1.777576228998854,99.16666666666667
2020-06-30,14.442080347300523,1.9050206616371685,1.4722310546838333,98.33333333333333
2020-07-30,16.062886573415096,4.073268075161719,2.2374840896695845,100.0
2020-08-31,15.626445192062777,2.4507367363940187,2.008588157545542,98.33333333333333
2020-09-30,16.293476218905422,4.023217016664335,2.3108491912928804,100.0
2020-10-30,16.50626345401695,3.443828969892616,2.3885241614374366,100.0
2020-11-30,16.175367008570575,3.155695546691799,2.206194721183154,98.33333333333333
2020-12-30,21.870668555303126,9.491367311299022,4.6724240778349,100.0
2021-01-31,22.33559935335232,8.619487904978621,4.480145194206382,100.0
2021-02-28,21.372042296280046,8.952055340804593,3.822857482899525,98.33333333333333
2021-03-28,21.99004787548263,10.29652149334021,3.8394487210900468,99.16666666666667
2021-04-30,23.980411166361947,8.149897476533898,4.2750759945047605,100.0
2021-05-30,23.11529157312055,8.060464473154934,3.72844894755758,99.16666666666667
2021-06-30,24.898636792458436,10.456556445157913,4.051952087653276,100.0
2021-07-30,26.450792678982456,10.38790610556736,4.216101654575757,100.0
2021-08-31,26.37889552050689,10.752450328444114,3.9116496387343527,99.16666666666667
2021-09-30,26.913828582157073,10.620352363251651,3.791644473584848,100.0
2021-10-30,26.457423661635598,9.95116020761865,3.455502436487386,99.16666666666667
2021-11-30,26.33817850688057,10.162811498309996,3.2456039796247764,96.66666666666667
2021-12-30,27.37566564906147,5.504997093758345,3.3169786428840333,100.0
2022-01-31,28.12773237964244,5.79213302629012,3.308466354727472,100.0
2022-02-28,27.43629786487951,6.064255568599464,3.0039733028479625,99.16666666666667
2022-03-28,27.40550497680231,5.415457101319678,2.8710039917288452,98.33333333333333
2022-04-30,27.946929137702426,3.9665179713404797,2.8616495564048625,99.16666666666667
2022-05-30,27.31171333424291,4.196421761122359,2.6277406966875096,95.83333333333334
2022-06-30,28.377028231988373,3.4783914395299362,2.732764128635869,100.0
2022-07-30,28.453840087763798,2.0030474087813417,2.6458510475694776,100.0
2022-08-31,27.928479465330646,1.5495839448237554,2.4584453037983174,96.66666666666667
2022-09-30,29.921034039493748,3.007205457336674,2.721453342410427,100.0
2022-10-30,29.166127208237462,2.708703546601864,2.4955194874620363,99.16666666666667
2022-11-30,29.772397778443406,3.434219271562835,2.5116532984618485,99.16666666666667
2022-12-30,29.716816307514428,2.341150658452957,2.419371274569984,98.33333333333333
2023-01-31,29.462665396612486,1.334933016970048,2.3015812266345437,97.5
2023-02-28,29.272226504496356,1.8359286396168457,2.203813628469485,96.66666666666667
2023-03-28,29.632001991455333,2.226497014653024,2.197733262961833,97.5
2023-04-30,29.873997386129545,1.927068248427119,2.1732530821490355,99.16666666666667
2023-05-30,29.0497773447789,1.7380640105359895,1.9904246591335562,93.33333333333333
2023-06-30,29.886802559986837,1.5097743279984641,2.064188810426363,99.16666666666667
2023-07-30,28.977264482782754,0.5234243950189565,1.8793874776228032,91.66666666666666
2023-08-31,29.502782645930065,1.5743031805994185,1.9112537634722517,95.0
2023-09-30,29.244983784797057,-0.6760502546966904,1.829603386567588,92.5
2023-10-30,28.552845710203854,-0.6132814980336079,1.6900208048621852,89.16666666666667
2023-11-30,29.186162674030697,-0.5862351044127081,1.7435175499908537,91.66666666666666
2023-12-30,29.388179450557473,-0.32863685695695466,1.7343430652144616,93.33333333333333
2024-01-31,29.633333825586494,0.17066842897400747,1.7303686233974587,95.83333333333334
2024-02-29,29.084813958097516,-0.1874125463988392,1.6182521878884337,88.33333333333333
2024-03-29,28.79484201100916,-0.8371599804461738,1.5463625945479487,85.83333333333333
2024-04-30,29.092722970187033,-0.7812744159425122,1.5563033804239206,88.33333333333333
2024-05-30,30.163723697398346,1.1139463526194469,1.6693227994599917,100.0
2024-06-30,29.701282877899427,-0.18551968208740988,1.5734358305001412,95.0
2024-07-30,29.456263533765053,0.4789990509822992,1.5097149888400194,90.83333333333333
2024-08-31,30.10502895867313,0.6022463127430662,1.5660599836432922,99.16666666666667
2024-09-30,30.208964662265082,0.9639808774680247,1.5493931332929485,100.0
2024-10-30,30.43335724529713,1.8805115350932766,1.5481734566826792,100.0
2024-11-30,30.420968261376725,1.2348055873460275,1.51640013303209,99.16666666666667
2024-12-30,30.20898539632076,0.8208059457632864,1.460609907544391,98.33333333333333
2025-01-31,31.509435473749704,1.8761016481632105,1.5987616155520523,100.0
2025-02-28,30.593037127264516,1.5082231691669996,1.4512350803938772,99.16666666666667
2025-03-28,30.33766574907053,1.5428237380613723,1.3923163801985674,96.66666666666667
2025-04-30,31.56304821001555,2.470325239828515,1.521123897820871,100.0
2025-05-30,31.312743796229263,1.149020098830917,1.4609057827487926,98.33333333333333
2025-06-30,30.82541332640577,1.1241304485063424,1.3734799524691608,97.5
2025-07-30,31.41118184880904,1.9549183150439866,1.4215973621779212,98.33333333333333
2025-08-31,31.15519488995166,1.0501659312785279,1.3641941487660745,96.66666666666667
2025-09-30,30.787239479085,0.578274816819917,1.2945836384273839,95.0
2025-10-30,31.450428429923704,1.0170711846265732,1.3541366806088315,98.33333333333333
2025-11-30,31.004394271848884,0.5834260104721594,1.2758540409611847,95.0
2025-12-30,35.47695091499256,5.267965518671797,1.799461472552462,100.0
2026-01-31,35.95740198061522,4.447966506865512,1.8175490350237626,100.0
