as_of_date,V2_Ratio,zscore_level,pctl_5y,pctl_10y,delta_12m,delta_24m,delta_12m_zscore,delta_24m_zscore,yoy_pct
2002-04-30,28.14105088017159,,,,,,,,
2002-05-30,28.14105088017159,,,,,,,,
2002-06-30,28.14105088017159,,,,,,,,
2002-07-31,27.41399250478848,,,,,,,,
2002-08-28,27.41399250478848,,,,,,,,
2002-09-30,27.41399250478848,,,,,,,,
2002-10-30,27.888487088498454,,,,,,,,
2002-11-30,27.888487088498454,,,,,,,,
2002-12-30,27.888487088498454,,,,,,,,
2003-01-31,29.606384900502547,,,,,,,,
2003-02-28,29.606384900502547,,,,,,,,
2003-03-30,29.606384900502547,,,,,,,,
2003-04-30,30.85745898599932,,,,2.7164081058277283,,,,9.652831080809898
2003-05-30,30.85745898599932,,,,2.7164081058277283,,,,9.652831080809898
2003-06-30,30.85745898599932,,,,2.7164081058277283,,,,9.652831080809898
2003-07-31,32.035758440960095,,,,4.621765936171613,,,,16.85914933902575
2003-08-28,32.035758440960095,,,,4.621765936171613,,,,16.85914933902575
2003-09-30,32.035758440960095,,,,4.621765936171613,,,,16.85914933902575
2003-10-30,33.489080007420306,,,,5.600592918921851,,,,20.08209660548994
2003-11-30,33.489080007420306,,,,5.600592918921851,,,,20.08209660548994
2003-12-30,33.489080007420306,,,,5.600592918921851,,,,20.08209660548994
2004-01-31,33.515338424213084,,,,3.9089535237105366,,,,13.203076082565502
2004-02-29,33.515338424213084,,,,3.9089535237105366,,,,13.203076082565502
2004-03-30,33.515338424213084,,,,3.9089535237105366,,,,13.203076082565502
2004-04-30,33.223940425624754,,,,2.366481439625435,5.082889545453163,,,7.66907424457457
2004-05-30,33.223940425624754,,,,2.366481439625435,5.082889545453163,,,7.66907424457457
2004-06-30,33.223940425624754,,,,2.366481439625435,5.082889545453163,,,7.66907424457457
2004-07-31,34.09025560957512,,,,2.054497168615022,6.676263104786635,,,6.4131372834557165
2004-08-29,34.09025560957512,,,,2.054497168615022,6.676263104786635,,,6.4131372834557165
2004-09-30,34.09025560957512,,,,2.054497168615022,6.676263104786635,,,6.4131372834557165
2004-10-30,34.605526507248555,,,,1.1164464998282497,6.717039418750101,,,3.33376282531761
2004-11-30,34.605526507248555,,,,1.1164464998282497,6.717039418750101,,,3.33376282531761
2004-12-30,34.605526507248555,,,,1.1164464998282497,6.717039418750101,,,3.33376282531761
2005-01-31,35.34781522836687,,,,1.832476804153785,5.741430327864322,,,5.467576609132241
2005-02-28,35.34781522836687,,,,1.832476804153785,5.741430327864322,,,5.467576609132241
2005-03-30,35.34781522836687,,,,1.832476804153785,5.741430327864322,,,5.467576609132241
2005-04-30,36.11100269521907,,,,2.887062269594317,5.253543709219752,,,8.689704570285105
2005-05-30,36.11100269521907,,,,2.887062269594317,5.253543709219752,,,8.689704570285105
2005-06-30,36.11100269521907,,,,2.887062269594317,5.253543709219752,,,8.689704570285105
2005-07-31,36.30972735385616,1.4290083698145977,,,2.2194717442810443,4.273968912896066,,,6.510575249713435
2005-08-28,36.30972735385616,1.3771776931494697,,,2.2194717442810443,4.273968912896066,,,6.510575249713435
2005-09-30,36.30972735385616,1.330641804608029,,,2.2194717442810443,4.273968912896066,,,6.510575249713435
2005-10-30,36.15028996970799,1.2388888325338758,,,1.5447634624594357,2.6612099622876855,,,4.4639212818677
2005-11-30,36.15028996970799,1.2037544423518125,,,1.5447634624594357,2.6612099622876855,,,4.4639212818677
2005-12-30,36.15028996970799,1.1714685996115948,,,1.5447634624594357,2.6612099622876855,,,4.4639212818677
2006-01-31,36.46431397173613,1.238872819008547,,,1.116498743369263,2.948975547523048,,,3.158607501357724
2006-02-28,36.46431397173613,1.2059494280127452,,,1.116498743369263,2.948975547523048,,,3.158607501357724
2006-03-30,36.46431397173613,1.175534777520452,,,1.116498743369263,2.948975547523048,,,3.158607501357724
2006-04-30,37.20455318862152,1.3723038689292195,,,1.0935504934024465,3.9806127629967634,,,3.028302765869273
2006-05-30,37.20455318862152,1.333402275053372,,,1.0935504934024465,3.9806127629967634,,,3.028302765869273
2006-06-30,37.20455318862152,1.2976498651341493,,,1.0935504934024465,3.9806127629967634,,,3.028302765869273
2006-07-31,32.05530425407646,-0.3211768777630541,,,-4.2544230997797,-2.034951355498656,-3.839352640781931,,-11.717034001159677
2006-08-28,32.05530425407646,-0.31787606867040513,,,-4.2544230997797,-2.034951355498656,-3.242428212433238,,-11.717034001159677
2006-09-30,32.05530425407646,-0.3146751580007579,,,-4.2544230997797,-2.034951355498656,-2.8587261960713226,,-11.717034001159677
2006-10-30,32.31207142305878,-0.22944852580279237,,,-3.838218546649209,-2.293455084189773,-2.440618667290754,,-10.617393525378171
2006-11-30,32.31207142305878,-0.22731943815987585,,,-3.838218546649209,-2.293455084189773,-2.2617235025302165,,-10.617393525378171
2006-12-30,32.31207142305878,-0.22524858398758799,,,-3.838218546649209,-2.293455084189773,-2.117276719468418,,-10.617393525378171
2007-01-31,31.766603022909212,-0.4022740790152635,,,-4.69771094882692,-3.581212205457657,-2.274946378571978,,-12.883036692992944
2007-02-28,31.766603022909212,-0.3983542056806238,,,-4.69771094882692,-3.581212205457657,-2.134232789295724,,-12.883036692992944
2007-03-30,31.766603022909212,-0.394547009138047,,,-4.69771094882692,-3.581212205457657,-2.016849438068844,,-12.883036692992944
2007-04-30,32.47794270094647,-0.1519237700575917,45.0,,-4.726610487675046,-3.6330599942725996,-1.9255440024303612,,-12.70438718538518
2007-05-30,32.47794270094647,-0.1506853382870712,43.333333333333336,,-4.726610487675046,-3.6330599942725996,-1.838279339359273,,-12.70438718538518
2007-06-30,32.47794270094647,-0.14947671103613322,41.66666666666667,,-4.726610487675046,-3.6330599942725996,-1.761941475905058,,-12.70438718538518
2007-07-31,32.150799499816216,-0.2610221228881264,35.0,,0.09549524573975532,-4.158927854039945,-0.25346285459271245,-1.650730618232083,0.2979077814480924
2007-08-28,32.150799499816216,-0.25890029480685905,33.33333333333333,,0.09549524573975532,-4.158927854039945,-0.2509517169518576,-1.578086417575437,0.2979077814480924
2007-09-30,32.150799499816216,-0.2568294330253111,31.666666666666664,,0.09549524573975532,-4.158927854039945,-0.2485138412824866,-1.5143118573825356,0.2979077814480924
2007-10-30,32.32402848515672,-0.19377448835342923,40.0,,0.011957062097934568,-3.8262614845512743,-0.2726643743173765,-1.3824472997907198,0.037004938313556224
2007-11-30,32.32402848515672,-0.192311933558783,38.333333333333336,,0.011957062097934568,-3.8262614845512743,-0.2700810411335594,-1.3375993066256482,0.037004938313556224
2007-12-30,32.32402848515672,-0.19088201715793213,36.666666666666664,,0.011957062097934568,-3.8262614845512743,-0.2675698555900497,-1.2968772348367394,0.037004938313556224
2008-01-31,32.39942747141932,-0.16231354576770243,40.0,,0.6328244485101102,-4.06488650031681,-0.06263154127155246,-1.3130802169000946,1.9921061375487215
2008-02-29,32.39942747141932,-0.16115255768495668,38.333333333333336,,0.6328244485101102,-4.06488650031681,-0.06210562832047788,-1.2756450894007847,1.9921061375487215
2008-03-30,32.39942747141932,-0.1600161366033624,36.666666666666664,,0.6328244485101102,-4.06488650031681,-0.06159274087683191,-1.2412583620394493,1.9921061375487215
2008-04-30,33.5798389468275,0.2757405781504498,60.0,,1.1018962458810293,-3.624714241794017,0.09610733173750177,-1.1118096168623197,3.3927526014414733
2008-05-30,33.5798389468275,0.27375427536829233,58.333333333333336,,1.1018962458810293,-3.624714241794017,0.09533471464716589,-1.0872306566218857,3.3927526014414733
2008-06-30,33.5798389468275,0.2718103301656994,56.666666666666664,,1.1018962458810293,-3.624714241794017,0.09458043350819838,-1.0642227779875302,3.3927526014414733
2008-07-31,34.76496171024845,0.7126879166071367,70.0,,2.6141622104322337,2.709657456171989,0.6116362455243499,0.4053990306125743,8.130939980037443
2008-08-29,34.76496171024845,0.7057514263102432,68.33333333333333,,2.6141622104322337,2.709657456171989,0.6052205150017034,0.4009971528580414,8.130939980037443
2008-09-30,34.76496171024845,0.6990143555013957,66.66666666666666,,2.6141622104322337,2.709657456171989,0.5990033055843906,0.39673600337237325,8.130939980037443
2008-10-30,33.77678212301285,0.31950868132201443,55.00000000000001,,1.4527536378561337,1.4647106999540682,0.18933321332275052,0.09894558357466703,4.4943458657179525
2008-11-30,33.77678212301285,0.3173259175443866,53.333333333333336,,1.4527536378561337,1.4647106999540682,0.18790656519421337,0.09806564274836764,4.4943458657179525
2008-12-30,33.77678212301285,0.3151873415215756,51.66666666666667,,1.4527536378561337,1.4647106999540682,0.18651170085135024,0.09720876371973448,4.4943458657179525
2009-01-31,34.453881982080986,0.5735001167714583,60.0,,2.054454510661664,2.687278959171774,0.39933515733029384,0.392898575130448,6.341021033393179
2009-02-28,34.453881982080986,0.568937187961999,58.333333333333336,,2.054454510661664,2.687278959171774,0.39610241186891093,0.3890950045437487,6.341021033393179
2009-03-30,34.453881982080986,0.5644817765136262,56.666666666666664,,2.054454510661664,2.687278959171774,0.3929470854388042,0.385400058405514,6.341021033393179
2009-04-30,25.767193327806286,-2.7069175484461026,0.0,,-7.812645619021215,-6.710749373140185,-2.9871629764473706,-1.8930217852696285,-23.265881743483842
2009-05-30,25.767193327806286,-2.582302347920831,0.0,,-7.812645619021215,-6.710749373140185,-2.800908548954628,-1.8250881021561987,-23.265881743483842
2009-06-30,25.767193327806286,-2.4734754278875957,0.0,,-7.812645619021215,-6.710749373140185,-2.645693690673768,-1.7640032854991672,-23.265881743483842
2009-07-31,24.969830459670117,-2.6274169237450438,0.0,,-9.795131250578333,-7.180969040146099,-3.036837885287392,-1.8105100640407605,-28.175297105794893
2009-08-28,24.969830459670117,-2.515949746451166,0.0,,-9.795131250578333,-7.180969040146099,-2.8493547761387643,-1.7524204478725678,-28.175297105794893
2009-09-30,24.969830459670117,-2.4175836275725646,0.0,,-9.795131250578333,-7.180969040146099,-2.692838331932281,-1.6996041789080938,-28.175297105794893
2009-10-30,24.424694397593,-2.4870824811503236,0.0,,-9.35208772541985,-7.899334087563716,-2.4555090432926456,-1.8000508732427132,-27.687917964950458
2009-11-30,24.424694397593,-2.3936536370888817,0.0,,-9.35208772541985,-7.899334087563716,-2.3521829027157026,-1.7452532470769044,-27.687917964950458
2009-12-30,24.424694397593,-2.310036289777208,0.0,,-9.35208772541985,-7.899334087563716,-2.260914030672232,-1.6951894347151413,-27.687917964950458
2010-01-31,16.064339665936515,-4.259226939451978,0.0,,-18.38954231614447,-16.335087805482807,-3.9833742042346065,-3.1976652470735236,-53.374369615907526
2010-02-28,16.064339665936515,-3.879137668695095,0.0,,-18.38954231614447,-16.335087805482807,-3.6243842617969846,-2.9660980274740765,-53.374369615907526
2010-03-30,16.064339665936515,-3.5855307398632768,0.0,,-18.38954231614447,-16.335087805482807,-3.347776931080939,-2.7785655189906593,-53.374369615907526
2010-04-30,17.191555841902005,-3.134824575135139,5.0,,-8.57563748590428,-16.388283104925495,-1.4545634224966626,-2.630696093313318,-33.28122460528136
2010-05-30,17.191555841902005,-2.9720227211321166,5.0,,-8.57563748590428,-16.388283104925495,-1.4285101733003476,-2.497385803306954,-33.28122460528136
2010-06-30,17.191555841902005,-2.8322318205794694,5.0,,-8.57563748590428,-16.388283104925495,-1.4038129528680179,-2.382517690892877,-33.28122460528136
2010-07-31,24.233326666204484,-1.3975433448895616,10.0,,-0.7365037934656335,-10.531635044043966,0.057811861057231295,-1.4303854133083937,-2.9495746663366185
2010-08-28,24.233326666204484,-1.3772907260828404,10.0,,-0.7365037934656335,-10.531635044043966,0.057488778024092795,-1.4024344876314723,-2.9495746663366185
2010-09-30,24.233326666204484,-1.3578962792911755,10.0,,-0.7365037934656335,-10.531635044043966,0.05717105116715342,-1.3760664002982417,-2.9495746663366185
2010-10-30,24.726246580867382,-1.2445963213876952,20.0,,0.3015521832743815,-9.050535542145468,0.25262393973362485,-1.130723698586598,1.2346200872183744
2010-11-30,24.726246580867382,-1.2294454125968546,20.0,,0.3015521832743815,-9.050535542145468,0.2511743334984786,-1.114738786672093,1.2346200872183744
2010-12-30,24.726246580867382,-1.2148362921896778,20.0,,0.3015521832743815,-9.050535542145468,0.2497494155690386,-1.0994158207678153,1.2346200872183744
2011-01-31,28.14822833034557,-0.5394054754007858,35.0,,12.083888664409056,-6.305653651735415,2.425194512530124,-0.6717861951468309,75.22181997951792
2011-02-28,28.14822833034557,-0.5361674435010412,35.0,,12.083888664409056,-6.305653651735415,2.3404161190337134,-0.6659463703462823,75.22181997951792
2011-03-30,28.14822833034557,-0.5329871553639722,35.0,,12.083888664409056,-6.305653651735415,2.2639629025603294,-0.6602567430623437,75.22181997951792
2011-04-30,18.591126060044076,-2.3546802496147565,10.0,,1.3995702181420704,-7.17606726776221,0.35274607183663526,-0.7877279417684804,8.14103290599688
2011-05-30,18.591126060044076,-2.2866112334313824,10.0,,1.3995702181420704,-7.17606726776221,0.3507354727540498,-0.7803453941946117,8.14103290599688
2011-06-30,18.591126060044076,-2.2241318806510644,10.0,,1.3995702181420704,-7.17606726776221,0.3487589088660854,-0.7731673268329814,8.14103290599688
2011-07-31,18.70084554875051,-2.1474023433268203,15.0,,-5.5324811174539725,-6.268984910919606,-0.8986857726925404,-0.6264529187677924,-22.8300521577564
2011-08-28,18.70084554875051,-2.095262612107794,15.0,,-5.5324811174539725,-6.268984910919606,-0.8906806262441506,-0.6215791735149051,-22.8300521577564
2011-09-30,18.70084554875051,-2.04675126967963,15.0,,-5.5324811174539725,-6.268984910919606,-0.8828863313705637,-0.6168177690068682,-22.8300521577564
2011-10-30,19.687896499983417,-1.8349163407301596,20.0,,-5.038350080883966,-4.736797897609584,-0.7868659276036657,-0.37257445766950337,-20.37652607081306
2011-11-30,19.687896499983417,-1.8008846534266287,20.0,,-5.038350080883966,-4.736797897609584,-0.7807672940006802,-0.37028409640211035,-20.37652607081306
2011-12-30,19.687896499983417,-1.7686824642707313,20.0,,-5.038350080883966,-4.736797897609584,-0.7748087152301886,-0.3680355218754962,-20.37652607081306
2012-01-31,19.235565092628214,-1.81283161502863,20.0,,-8.912663237717357,3.1712254266916986,-1.4605397926745007,0.8898990612108431,-31.663318675402895
2012-02-29,19.235565092628214,-1.7806361572034297,20.0,,-8.912663237717357,3.1712254266916986,-1.4393514031019932,0.8815470778389684,-31.663318675402895
2012-03-30,19.235565092628214,-1.750100519698415,20.0,,-8.912663237717357,3.1712254266916986,-1.419061562818934,0.8734267061063046,-31.663318675402895
2012-04-30,19.409351684650854,-1.6883934945419181,25.0,12.5,0.8182256246067787,2.217795842748849,0.3295330190990179,0.7145884264528054,4.401162263997027
2012-05-30,19.409351684650854,-1.6571026671569309,25.0,12.5,0.8182256246067787,2.217795842748849,0.3278822271077627,0.7091067796000775,4.401162263997027
2012-06-30,19.409351684650854,-1.626958610343101,25.0,12.5,0.8182256246067787,2.217795842748849,0.32625602232299916,0.7037497481660918,4.401162263997027
2012-07-31,19.425762768365555,-1.5967023817605595,30.0,15.0,0.724917219615044,-4.807563897838929,0.3077608052625681,-0.43143140827428417,3.876387395025982
2012-08-29,19.425762768365555,-1.5700207877291237,30.0,15.0,0.724917219615044,-4.807563897838929,0.3062787285852675,-0.42891273387593387,3.876387395025982
2012-09-30,19.425762768365555,-1.544196755962926,30.0,15.0,0.724917219615044,-4.807563897838929,0.3048178774382478,-0.4264377349501593,3.876387395025982
2012-10-30,19.849335038454242,-1.454074423467798,40.0,20.0,0.16143853847082568,-4.87691154241314,0.20004748101534017,-0.43528893904007154,0.8199887604598111
2012-11-30,19.849335038454242,-1.4312824775753088,40.0,20.0,0.16143853847082568,-4.87691154241314,0.1991562200590145,-0.4328136148376451,0.8199887604598111
2012-12-30,19.849335038454242,-1.4091281775198052,40.0,20.0,0.16143853847082568,-4.87691154241314,0.19827677027387264,-0.4303801132367314,0.8199887604598111
2013-01-31,19.780175486116278,-1.3955613327984746,40.0,20.0,0.544610393488064,-8.368052844229293,0.2685822380661284,-1.0000220688394197,2.83126797089408
2013-02-28,19.780175486116278,-1.372086813638148,40.0,20.0,0.544610393488064,-8.368052844229293,0.26737924368225285,-0.9907195396274012,2.83126797089408
2013-03-30,19.780175486116278,-1.349272174274742,40.0,20.0,0.544610393488064,-8.368052844229293,0.2661922807074314,-0.9816726571760298,2.83126797089408
2013-04-30,21.589471808355118,-1.062129417143878,50.0,25.0,2.1801201237042633,2.998345748311042,0.5762756508127695,0.8968471461570612,11.232318106886229
2013-05-30,21.589471808355118,-1.0461852908479885,50.0,25.0,2.1801201237042633,2.998345748311042,0.5774288916091932,0.8895226006365465,11.232318106886229
2013-06-30,21.589471808355118,-1.0305287208095792,50.0,25.0,2.1801201237042633,2.998345748311042,0.5785839492509517,0.8823751510911193,11.232318106886229
2013-07-31,36.13560842667704,1.1103050760783686,100.0,90.0,16.709845658311483,17.434762877926527,3.1782988838960358,3.121753893281629,86.01899373301889
2013-08-28,36.13560842667704,1.100783787498458,98.33333333333333,89.16666666666667,16.709845658311483,17.434762877926527,3.0457014127982105,2.9810358720371326,86.01899373301889
2013-09-30,36.13560842667704,1.0913848357912206,96.66666666666667,88.33333333333333,16.709845658311483,17.434762877926527,2.926785830430634,2.8577948540769804,86.01899373301889
2013-10-30,37.26391856303658,1.2459395706973733,100.0,100.0,17.41458352458234,17.576022063053166,2.9307234241792277,2.7675265324340823,87.73383839229353
2013-11-30,37.26391856303658,1.2358541557096032,98.33333333333333,99.16666666666667,17.41458352458234,17.576022063053166,2.82613045716533,2.668246597021635,87.73383839229353
2013-12-30,37.26391856303658,1.225907268004068,96.66666666666667,98.33333333333333,17.41458352458234,17.576022063053166,2.7307054904329484,2.5789488915478924,87.73383839229353
2014-01-31,38.75593993335373,1.4250680675811607,100.0,100.0,18.975764447237452,19.520374840725516,2.8536283722332803,2.7396113839303893,95.93324619671124
2014-02-28,38.75593993335373,1.4095450025253873,98.33333333333333,99.16666666666667,18.975764447237452,19.520374840725516,2.7470415528096495,2.6453358871487582,95.93324619671124
2014-03-30,38.75593993335373,1.394335806846614,96.66666666666667,98.33333333333333,18.975764447237452,19.520374840725516,2.6500873732213748,2.560177996103086,95.93324619671124
2014-04-30,39.521061727084025,1.4833891374161252,100.0,100.0,17.931589918728907,20.11171004243317,2.423706929302106,2.551621087682086,83.05710337845962
2014-05-30,39.521061727084025,1.4647919681391364,98.33333333333333,99.16666666666667,17.931589918728907,20.11171004243317,2.349843128892889,2.4747372911380086,83.05710337845962
2014-06-30,39.521061727084025,1.4466351212678494,96.66666666666667,98.33333333333333,17.931589918728907,20.11171004243317,2.2811919951391824,2.4033617584240035,83.05710337845962
2014-07-31,39.156878043757175,1.3820581823310654,95.0,97.5,3.0212696170801365,19.73111527539162,0.3304424693422013,2.299535108961644,8.360920844077135
2014-08-28,39.156878043757175,1.3680416070415222,93.33333333333333,96.66666666666667,3.0212696170801365,19.73111527539162,0.3292960852271322,2.2438053164308602,8.360920844077135
2014-09-30,39.156878043757175,1.3542840397148863,91.66666666666666,95.83333333333334,3.0212696170801365,19.73111527539162,0.32815074297336627,2.1912177848186865,8.360920844077135
2014-10-30,40.23761340738669,1.4839128129753174,100.0,100.0,2.9736948443501063,20.388278368932447,0.3197832644935141,2.20956506610578,7.98009162487765
2014-11-30,40.23761340738669,1.467326039217558,98.33333333333333,99.16666666666667,2.9736948443501063,20.388278368932447,0.317634263015355,2.1581961955876214,7.98009162487765
2014-12-30,40.23761340738669,1.451094106325813,96.66666666666667,98.33333333333333,2.9736948443501063,20.388278368932447,0.3154883384855138,2.1095639374737334,7.98009162487765
2015-01-31,39.99877797529601,1.4061578566095514,95.0,97.5,1.242838041942278,20.21860248917973,0.09028343994455625,2.0447979655418576,3.2068324083469824
2015-02-28,39.99877797529601,1.3931763083666497,93.33333333333333,96.66666666666667,1.242838041942278,20.21860248917973,0.09093224907126217,2.000183762197921,3.2068324083469824
2015-03-30,39.99877797529601,1.3804183144027216,91.66666666666666,95.83333333333334,1.242838041942278,20.21860248917973,0.091581205144888,1.9577223805476809,3.2068324083469824
2015-04-30,40.96927170916823,1.4924613768972688,100.0,100.0,1.448209982084208,19.379799900813115,0.11999153233012703,1.8369331622925755,3.6644004963352073
2015-05-30,40.96927170916823,1.478036923064908,98.33333333333333,99.16666666666667,1.448209982084208,19.379799900813115,0.1215982637924739,1.8015500032295255,3.6644004963352073
2015-06-30,40.96927170916823,1.4638840020839514,96.66666666666667,98.33333333333333,1.448209982084208,19.379799900813115,0.12320640445832777,1.7675969627663306,3.6644004963352073
2015-07-31,40.834955793049424,1.4337850838482162,95.0,97.5,1.6780777492922496,4.699347366372386,0.15384583293817916,0.3561154256456527,4.285524876158475
2015-08-28,40.834955793049424,1.4211250485626643,93.33333333333333,96.66666666666667,1.6780777492922496,4.699347366372386,0.15445275275415693,0.35573373235398625,4.285524876158475
2015-09-30,40.834955793049424,1.4086775856203666,91.66666666666666,95.83333333333334,1.6780777492922496,4.699347366372386,0.15505986569388186,0.35535217332001967,4.285524876158475
2015-10-30,41.155549687247095,1.4352613068336175,100.0,100.0,0.917936279860406,3.8916311242105124,0.05639869561887632,0.276695327650316,2.281289077875326
2015-11-30,41.155549687247095,1.4216704757546552,98.33333333333333,99.16666666666667,0.917936279860406,3.8916311242105124,0.05708528102996,0.27565086736872607,2.281289077875326
2015-12-30,41.155549687247095,1.4083231987530016,96.66666666666667,98.33333333333333,0.917936279860406,3.8916311242105124,0.05777198625211807,0.27460713852135,2.281289077875326
2016-01-31,41.046181874806244,1.382748550799352,95.0,97.5,1.0474038995102362,2.290241941452514,0.07477205204219399,0.12136970275635017,2.618589748309641
2016-02-29,41.046181874806244,1.3709176634267115,93.33333333333333,96.66666666666667,1.0474038995102362,2.290241941452514,0.07484777198126855,0.12190680592909281,2.618589748309641
2016-03-30,41.046181874806244,1.359274185618986,91.66666666666666,95.83333333333334,1.0474038995102362,2.290241941452514,0.07492349326294236,0.12244403177910586,2.618589748309641
2016-04-30,41.219933215999546,1.3700104651706893,100.0,100.0,0.25066150683131383,1.6988714889155219,-0.0283131136563032,0.06749164804496628,0.6118280759558115
2016-05-30,41.219933215999546,1.3596991256071866,98.33333333333333,99.16666666666667,0.25066150683131383,1.6988714889155219,-0.027395560206423763,0.06934131267751142,0.6118280759558115
2016-06-30,41.219933215999546,1.3495317335223511,96.66666666666667,98.33333333333333,0.25066150683131383,1.6988714889155219,-0.02647798299751346,0.0711924391404188,0.6118280759558115
2016-07-31,40.99906236711461,1.3048125768350074,85.0,92.5,0.1641065740651868,1.8421843233574364,-0.04267574697528546,0.08189112947245715,0.4018776826816506
2016-08-29,40.99906236711461,1.2870838146802432,83.33333333333334,91.66666666666666,0.1641065740651868,1.8421843233574364,-0.0475746609320043,0.078809982438308,0.4018776826816506
2016-09-30,40.99906236711461,1.2697517396056623,81.66666666666667,90.83333333333333,0.1641065740651868,1.8421843233574364,-0.05249094715074762,0.07572753161933504,0.4018776826816506
2016-10-30,41.270427032055835,1.2842022668708428,100.0,100.0,0.11487734480873968,1.0328136246691457,-0.06337505222143222,-0.004835823588125048,0.2791296573165125
2016-11-30,41.270427032055835,1.2670534766643906,98.33333333333333,99.16666666666667,0.11487734480873968,1.0328136246691457,-0.06780549194041227,-0.007508017465832236,0.2791296573165125
2016-12-30,41.270427032055835,1.2502767543357078,96.66666666666667,98.33333333333333,0.11487734480873968,1.0328136246691457,-0.07225010813999523,-0.010182681254704087,0.2791296573165125
2017-01-31,41.410440069994586,1.2489554695094958,100.0,100.0,0.36425819518834146,1.4116620946985776,-0.04500795093700253,0.02233646573974465,0.887435026963912
2017-02-28,41.410440069994586,1.231837471808485,98.33333333333333,99.16666666666667,0.36425819518834146,1.4116620946985776,-0.05069443986769443,0.01833967064670816,0.887435026963912
2017-03-30,41.410440069994586,1.2150863329475576,96.66666666666667,98.33333333333333,0.36425819518834146,1.4116620946985776,-0.05640757178106911,0.014335973037968967,0.887435026963912
2017-04-30,41.28087811369463,1.1851715057919974,95.0,97.5,0.06094489769508016,0.311606404526394,-0.10221182021958826,-0.0952227807460325,0.14785297534500863
2017-05-30,41.28087811369463,1.1702391080456596,93.33333333333333,96.66666666666667,0.06094489769508016,0.311606404526394,-0.1077662815435246,-0.09849288360153817,0.14785297534500863
2017-06-30,41.28087811369463,1.1555893872034395,91.66666666666666,95.83333333333334,0.06094489769508016,0.311606404526394,-0.11334991627141602,-0.10177015807990178,0.14785297534500863
2017-07-31,40.915207383760574,1.1010831352686765,60.0,80.0,-0.08385498335403696,0.08025159071114984,-0.1325069681098515,-0.1277565296295135,-0.20452902703769205
2017-08-28,40.915207383760574,1.0875698030238063,58.333333333333336,79.16666666666666,-0.08385498335403696,0.08025159071114984,-0.1323039329557119,-0.1313355942988383,-0.20452902703769205
2017-09-30,40.915207383760574,1.0742854659920527,56.666666666666664,78.33333333333333,-0.08385498335403696,0.08025159071114984,-0.13210091305048616,-0.13492475899888376,-0.20452902703769205
2017-10-30,40.66315618649467,1.0343331100814008,50.0,75.0,-0.6072708455611675,-0.4923935007524278,-0.20136546875373545,-0.19349281622003076,-1.471443087054769
2017-11-30,40.66315618649467,1.022245750085685,48.333333333333336,74.16666666666667,-0.6072708455611675,-0.4923935007524278,-0.20065338055919857,-0.1963880819771062,-1.471443087054769
2017-12-30,40.66315618649467,1.0103406048941168,46.666666666666664,73.33333333333333,-0.6072708455611675,-0.4923935007524278,-0.1999415488228606,-0.19929066437909151,-1.471443087054769
2018-01-31,40.81510329908215,1.0148068046005194,50.0,75.0,-0.5953367709124322,-0.23107857572409074,-0.19694733580239454,-0.17712508720546433,-1.4376489839425854
2018-02-28,40.81510329908215,1.0029855805180838,48.333333333333336,74.16666666666667,-0.5953367709124322,-0.23107857572409074,-0.19554891028287524,-0.1804519303401557,-1.4376489839425854
2018-03-30,40.81510329908215,0.9913376099542921,46.666666666666664,73.33333333333333,-0.5953367709124322,-0.23107857572409074,-0.19415129588015545,-0.18378850772213867,-1.4376489839425854
2018-04-30,41.315847260883416,1.0335184621394242,95.0,97.5,0.03496914718878941,0.09591404488386956,-0.10875914668092648,-0.154983660549948,0.08471027939978004
2018-05-30,41.315847260883416,1.0222840390017656,93.33333333333333,96.66666666666667,0.03496914718878941,0.09591404488386956,-0.1075667335877265,-0.15818499542029793,0.08471027939978004
2018-06-30,41.315847260883416,1.0112101962598783,91.66666666666666,95.83333333333334,0.03496914718878941,0.09591404488386956,-0.10637457737866604,-0.16139467194476273,0.08471027939978004
2018-07-31,40.61482400146452,0.9289886638883594,35.0,67.5,-0.30038338229605444,-0.3842383656500914,-0.14794449642744675,-0.2059668099406842,-0.7341607228789848
2018-08-28,40.61482400146452,0.9209119688524918,33.33333333333333,66.66666666666666,-0.30038338229605444,-0.3842383656500914,-0.14472284531834176,-0.20340890153171137,-0.7341607228789848
2018-09-30,40.61482400146452,0.9129197340039948,31.666666666666664,65.83333333333333,-0.30038338229605444,-0.3842383656500914,-0.14150168113450992,-0.20085298299176108,-0.7341607228789848
2018-10-30,40.44608796242405,0.8866272669775681,30.0,65.0,-0.21706822407061566,-0.8243390696317832,-0.12850440778696703,-0.24210462784893055,-0.5338204026147597
2018-11-30,40.44608796242405,0.8780837262146595,28.333333333333332,64.16666666666667,-0.21706822407061566,-0.8243390696317832,-0.12664117187369428,-0.24017498356193864,-0.5338204026147597
2018-12-30,40.44608796242405,0.8696308074252105,26.666666666666668,63.33333333333333,-0.21706822407061566,-0.8243390696317832,-0.12477848291751889,-0.23824713185776217,-0.5338204026147597
2019-01-31,40.94109622151703,0.9123446287619033,55.00000000000001,77.5,0.12599292243487525,-0.46934384847755695,-0.07680023226738271,-0.200836094585251,0.30869191120657113
2019-02-28,40.94109622151703,0.903839474053005,53.333333333333336,76.66666666666667,0.12599292243487525,-0.46934384847755695,-0.07466126356228975,-0.1982341033439423,0.30869191120657113
2019-03-30,40.94109622151703,0.8954259478642779,51.66666666666667,75.83333333333333,0.12599292243487525,-0.46934384847755695,-0.07252214092898841,-0.19563403247645597,0.30869191120657113
2019-04-30,41.223235581789716,0.9096604572689844,80.0,90.0,-0.09261167909370016,-0.057642531904910754,-0.11094103473251649,-0.1611432874526921,-0.22415534288554584
2019-05-30,41.223235581789716,0.8951377184178894,78.33333333333333,89.16666666666667,-0.09261167909370016,-0.057642531904910754,-0.12025351513779084,-0.1670430304915289,-0.22415534288554584
2019-06-30,41.223235581789716,0.8808135388497631,76.66666666666667,88.33333333333333,-0.09261167909370016,-0.057642531904910754,-0.12968446398294672,-0.1729813184950545,-0.22415534288554584
2019-07-31,40.33324450422239,0.7767815412500103,15.0,57.49999999999999,-0.2815794972421273,-0.5819628795381817,-0.16761956167890213,-0.23092668893518498,-0.6932924225695913
2019-08-28,40.33324450422239,0.7638459665148656,13.333333333333334,56.666666666666664,-0.2815794972421273,-0.5819628795381817,-0.18012756881343575,-0.23710899029814833,-0.6932924225695913
2019-09-30,40.33324450422239,0.7510351283183314,11.666666666666666,55.833333333333336,-0.2815794972421273,-0.5819628795381817,-0.1929075267290241,-0.24333941890045666,-0.6932924225695913
2019-10-30,41.06402070758918,0.8119640016865755,65.0,82.5,0.6179327451651275,0.40086452109451187,-0.07958129446330173,-0.1528156781043975,1.5277936045117846
2019-11-30,41.06402070758918,0.7983064366860846,63.33333333333333,81.66666666666667,0.6179327451651275,0.40086452109451187,-0.0921549056944659,-0.16038305260067903,1.5277936045117846
2019-12-30,41.06402070758918,0.7847907979747032,61.66666666666667,80.83333333333333,0.6179327451651275,0.40086452109451187,-0.10499279323704541,-0.1680224693169121,1.5277936045117846
2020-01-31,41.915336686180474,0.8588611286643205,100.0,100.0,0.9742404646634455,1.1002333870983207,-0.07974609456931059,-0.11376252248578894,2.3796149946552214
2020-02-29,41.915336686180474,0.8459438570761725,98.33333333333333,99.16666666666667,0.9742404646634455,1.1002333870983207,-0.10784503018266237,-0.13065150433759487,2.3796149946552214
2020-03-30,41.915336686180474,0.8332781918359312,96.66666666666667,98.33333333333333,0.9742404646634455,1.1002333870983207,-0.13857165059904517,-0.148147455500525,2.3796149946552214
2020-04-30,42.3081444868734,0.8617713315611005,100.0,100.0,1.0849089050836866,0.9922972259899865,-0.13532057200809874,-0.1778847282509095,2.6317897898411102
2020-05-30,42.3081444868734,0.848895105336759,98.33333333333333,99.16666666666667,1.0849089050836866,0.9922972259899865,-0.1503398953171344,-0.19696097140279153,2.6317897898411102
2020-06-30,42.3081444868734,0.8362769440716102,96.66666666666667,98.33333333333333,1.0849089050836866,0.9922972259899865,-0.16579925977982063,-0.21687030567733864,2.6317897898411102
2020-07-31,44.37107319356961,1.0450129132316361,100.0,100.0,4.037828689347215,3.756249192105088,0.3225570175964844,0.07902036717131418,10.011167559119883
2020-08-29,44.37107319356961,1.027917471572425,98.33333333333333,99.16666666666667,4.037828689347215,3.756249192105088,0.31605848664647845,0.06626560767001585,10.011167559119883
2020-09-30,44.37107319356961,1.0111273035351294,96.66666666666667,98.33333333333333,4.037828689347215,3.756249192105088,0.30956687606763833,0.05326719092208226,10.011167559119883
2020-10-30,44.29926626966482,0.9867540858663381,95.0,97.5,3.23524556207564,3.8531783072407677,0.17079459063352959,0.052497529805104,7.878540645382359
2020-11-30,44.29926626966482,0.9705531718399288,93.33333333333333,96.66666666666667,3.23524556207564,3.8531783072407677,0.16674316880646078,0.040383924105742694,7.878540645382359
2020-12-30,44.29926626966482,0.9546094042400524,91.66666666666666,95.83333333333334,3.23524556207564,3.8531783072407677,0.16269192845414346,0.028058426095293337,7.878540645382359
2021-01-31,44.372963413160015,0.9469804895845679,100.0,100.0,2.457626726979541,3.4318671916429864,0.04604800651845644,-0.0314683141211596,5.8633114303238365
2021-02-28,44.372963413160015,0.9314341119241549,98.33333333333333,99.16666666666667,2.457626726979541,3.4318671916429864,0.06041239092874866,-0.04135622489840219,5.8633114303238365
2021-03-30,44.372963413160015,0.9161139706063157,96.66666666666667,98.33333333333333,2.457626726979541,3.4318671916429864,0.07515777984431792,-0.051370920530811506,5.8633114303238365
2021-04-30,45.04339949318767,0.9774679835184711,100.0,100.0,2.7352550063142687,3.8201639113979553,0.1215931935441411,-0.01581401107351242,6.465079098807824
2021-05-30,45.04339949318767,0.9652162215269203,98.33333333333333,99.16666666666667,2.7352550063142687,3.8201639113979553,0.11965270907018903,-0.027126470321308972,6.465079098807824
2021-06-30,45.04339949318767,0.9534222903045301,96.66666666666667,98.33333333333333,2.7352550063142687,3.8201639113979553,0.11771270339097466,-0.038623843816272124,6.465079098807824
2021-07-31,44.731993742995094,0.9062730016808801,95.0,97.5,0.36092054942548657,4.398749238772702,-0.3067207660743789,0.021803133648835255,0.8134140633717868
2021-08-28,44.731993742995094,0.8953344045880015,93.33333333333333,96.66666666666667,0.36092054942548657,4.398749238772702,-0.31763317930161533,0.010862133100289372,0.8134140633717868
2021-09-30,44.731993742995094,0.8848853432941131,91.66666666666666,95.83333333333334,0.36092054942548657,4.398749238772702,-0.32874855222778465,-0.00023856607024321045,0.8134140633717868
2021-10-30,45.72457997312922,0.9936200767021791,100.0,100.0,1.425313703464397,4.660559265540037,-0.1498435517675699,0.022971508622374008,3.217465713287493
2021-11-30,45.72457997312922,0.9833448853762073,98.33333333333333,99.16666666666667,1.425313703464397,4.660559265540037,-0.16065601970518006,0.013141501648093978,3.217465713287493
2021-12-30,45.72457997312922,0.9737447765656254,96.66666666666667,98.33333333333333,1.425313703464397,4.660559265540037,-0.17165169143132447,0.003197089587935904,3.217465713287493
2022-01-31,45.48300978664549,0.9347885525154606,95.0,97.5,1.1100463734854742,3.567673100465015,-0.24863446605862966,-0.13711233768449754,2.5016277663264086
2022-02-28,45.48300978664549,0.9273028969324749,93.33333333333333,96.66666666666667,1.1100463734854742,3.567673100465015,-0.2691297521538283,-0.13754475000602437,2.5016277663264086
2022-03-30,45.48300978664549,0.920790757339501,91.66666666666666,95.83333333333334,1.1100463734854742,3.567673100465015,-0.29060454275741,-0.13797724788864496,2.5016277663264086
2022-04-30,46.02799988724353,0.9897881334241164,100.0,100.0,0.9846003940558603,3.719855400370129,-0.3150558095647389,-0.12013979514428491,2.185892728200445
2022-05-30,46.02799988724353,0.9862755824974232,98.33333333333333,99.16666666666667,0.9846003940558603,3.719855400370129,-0.3153509365469367,-0.12178549095629548,2.185892728200445
2022-06-30,46.02799988724353,0.9844700170760543,96.66666666666667,98.33333333333333,0.9846003940558603,3.719855400370129,-0.31564614138933567,-0.12343267840577059,2.185892728200445
2022-07-31,45.723656340469624,0.9389089362882459,90.0,95.0,0.9916625974745301,1.3525831469000167,-0.31476025345103154,-0.4357686805079589,2.2168978274745843
2022-08-28,45.723656340469624,0.940640427961189,88.33333333333333,94.16666666666667,0.9916625974745301,1.3525831469000167,-0.315234850956193,-0.444871175287259,2.2168978274745843
2022-09-30,45.723656340469624,0.945316343970565,86.66666666666667,93.33333333333333,0.9916625974745301,1.3525831469000167,-0.31570965339649587,-0.4541116384012944,2.2168978274745843
2022-10-30,45.12377435730338,0.8497369784429354,80.0,90.0,-0.6008056158258341,0.8245080876385629,-0.620932825761104,-0.532115361588952,-1.3139663965834325
2022-11-30,45.12377435730338,0.857413850066476,78.33333333333333,89.16666666666667,-0.6008056158258341,0.8245080876385629,-0.6192919704033817,-0.541441146817208,-1.3139663965834325
2022-12-30,45.12377435730338,0.8703284558631473,76.66666666666667,88.33333333333333,-0.6008056158258341,0.8245080876385629,-0.6176545348258617,-0.5509154270556921,-1.3139663965834325
2023-01-31,44.334375923194536,0.7281704890839628,55.00000000000001,77.5,-1.1486338634509536,-0.03858748996547945,-0.7191948406019301,-0.6823390225630716,-2.525413047287406
2023-02-28,44.334375923194536,0.7482221134965702,53.333333333333336,76.66666666666667,-1.1486338634509536,-0.03858748996547945,-0.7154008917080211,-0.6998805722045439,-2.525413047287406
2023-03-30,44.334375923194536,0.7824744686680137,51.66666666666667,75.83333333333333,-1.1486338634509536,-0.03858748996547945,-0.7116252727690897,-0.7180147248847645,-2.525413047287406
2023-04-30,44.39271847713588,0.8418228537408675,65.0,82.5,-1.6352814101076518,-0.6506810160517915,-0.7965698001359356,-0.7960875889292173,-3.5527970237978157
2023-05-30,44.39271847713588,0.9212465669451704,63.33333333333333,81.66666666666667,-1.6352814101076518,-0.6506810160517915,-0.7884299974360608,-0.7901153993011502,-3.5527970237978157
2023-06-30,44.39271847713588,1.086614100444449,61.66666666666667,80.83333333333333,-1.6352814101076518,-0.6506810160517915,-0.7803667155456591,-0.7841880255566874,-3.5527970237978157
2023-07-31,41.782778143537094,-0.04372778660608735,30.0,65.0,-3.9408781969325304,-2.9492155994580003,-1.2164339692591424,-1.0823633236500854,-8.618904331682876
2023-08-28,41.782778143537094,-0.0660243976785271,28.333333333333332,64.16666666666667,-3.9408781969325304,-2.9492155994580003,-1.2168052956071138,-1.0673420105695672,-8.618904331682876
2023-09-30,41.782778143537094,-0.0897066602693171,26.666666666666668,63.33333333333333,-3.9408781969325304,-2.9492155994580003,-1.219815243258612,-1.0527459770540264,-8.618904331682876
2023-10-30,41.057022616083856,-0.4478593880674225,15.0,42.5,-4.066751741219527,-4.667557357045361,-1.2563524280716751,-1.2760455261815455,-9.012437011624485
2023-11-30,41.057022616083856,-0.4723802291310774,13.333333333333334,41.66666666666667,-4.066751741219527,-4.667557357045361,-1.2719107498113413,-1.2600072877039965,-9.012437011624485
2023-12-30,41.057022616083856,-0.4982921279272396,11.666666666666666,40.833333333333336,-4.066751741219527,-4.667557357045361,-1.2940211901225853,-1.2446729092732636,-9.012437011624485
2024-01-31,41.12356792110172,-0.4802681291930175,20.0,45.0,-3.2108080020928185,-4.359441865543772,-1.1280265099582254,-1.190088278211008,-7.242253748322214
2024-02-29,41.12356792110172,-0.4953258398868882,18.333333333333332,44.166666666666664,-3.2108080020928185,-4.359441865543772,-1.180852705272495,-1.180578829350081,-7.242253748322214
2024-03-30,41.12356792110172,-0.5108228638994242,16.666666666666664,43.333333333333336,-3.2108080020928185,-4.359441865543772,-1.261617657710827,-1.1721418038778297,-7.242253748322214
2024-04-30,40.03856155805684,-1.0658573705906627,0.0,7.5,-4.354156919079038,-5.98943832918669,-1.759469021188759,-1.4109856577602349,-9.808268266611364
2024-05-30,40.03856155805684,-1.0708900226263012,0.0,6.666666666666667,-4.354156919079038,-5.98943832918669,-2.002357096770432,-1.4065995817339298,-9.808268266611364
2024-06-30,40.03856155805684,-1.0759624374861523,0.0,5.833333333333333,-4.354156919079038,-5.98943832918669,-2.5030507246453393,-1.4043863602509723,-9.808268266611364
2024-07-31,40.019764662993936,-1.0945594973627142,0.0,5.0,-1.763013480543158,-5.7038916774756885,-1.0948697172402857,-1.3573881922336795,-4.21947404858204
2024-08-29,40.019764662993936,-1.1036813897156288,0.0,4.166666666666666,-1.763013480543158,-5.7038916774756885,-1.0781864202974567,-1.3586598048048968,-4.21947404858204
2024-09-30,40.019764662993936,-1.1129370021833043,0.0,3.3333333333333335,-1.763013480543158,-5.7038916774756885,-1.061878093375957,-1.362929342935152,-4.21947404858204
2024-10-30,40.0162880868467,-1.112649808340409,0.0,2.5,-1.040734529237156,-5.107486270456683,-0.6558935567435435,-1.2692656962165003,-2.534851440565622
2024-11-30,40.0162880868467,-1.1105660116031313,0.0,2.5,-1.040734529237156,-5.107486270456683,-0.6429713368404244,-1.2840398748479904,-2.534851440565622
2024-12-30,40.0162880868467,-1.1084885961322748,0.0,2.5,-1.040734529237156,-5.107486270456683,-0.6300950738597282,-1.3050995577086137,-2.534851440565622
2025-01-31,40.65572920770354,-0.7828244856687765,15.0,17.5,-0.46783871339818006,-3.6786467154909985,-0.30279309143752375,-1.0413635188992327,-1.1376413503219385
2025-02-28,40.65572920770354,-0.7878180839257397,15.0,16.666666666666664,-0.46783871339818006,-3.6786467154909985,-0.29525092068000724,-1.0679728823541133,-1.1376413503219385
2025-03-30,40.65572920770354,-0.7928516668934789,15.0,15.833333333333332,-0.46783871339818006,-3.6786467154909985,-0.2877060730447903,-1.1069772025468332,-1.1376413503219385
2025-04-30,41.30259661423856,-0.4574444275037368,30.0,57.49999999999999,1.2640350561817186,-3.0901218628973197,0.68442635269147,-1.0042445614420104,3.157044126944575
2025-05-30,41.30259661423856,-0.45925962735539133,30.0,56.666666666666664,1.2640350561817186,-3.0901218628973197,0.6857258489586422,-1.0655240559450239,3.157044126944575
2025-06-30,41.30259661423856,-0.4610789984263268,30.0,55.833333333333336,1.2640350561817186,-3.0901218628973197,0.6870278062380897,-1.1677115451493345,3.157044126944575
2025-07-31,41.14394617243135,-0.5457919549132471,30.0,42.5,1.1241815094374132,-0.6388319711057449,0.6122982913772721,-0.32314462802759053,2.8090657676379083
2025-08-28,41.14394617243135,-0.5476053096247072,30.0,41.66666666666667,1.1241815094374132,-0.6388319711057449,0.616139070733588,-0.3107784692836845,2.8090657676379083
2025-09-30,41.14394617243135,-0.5494231688749308,30.0,40.833333333333336,1.1241815094374132,-0.6388319711057449,0.6200022087354101,-0.2982783352346526,2.8090657676379083
2025-10-30,41.940488372695164,-0.13570376047916602,45.0,67.5,1.924200285848464,0.883465756611308,1.0633393509838034,0.24362377342978084,4.808542665607574
